Sample Code,SKU Code,Size,Fabric,Print,Colour,Fabric Cost,Accessories Cost,Operational Cost,Stitching Cost,Margin
1-M-WH-LS-XS-SL-POL,1-M-WH-LS-S-SL-POL,Small,Polyester,,White,18.75,0,0,0,0
1-M-WH-LS-XS-SL-POL,1-M-WH-LS-M-SL-POL,Medium,Polyester,,White,18.75,0,0,0,0
1-M-WH-LS-XS-SL-POL,1-M-WH-LS-L-SL-POL,Large,Polyester,,White,18.75,0,0,0,0
1-M-WH-LS-XS-SL-POL,1-M-WH-LS-XL-SL-POL,Extra Large,Polyester,,White,18.75,0,0,0,0
1-M-WH-LS-XS-SL-POL,1-M-WH-LS-2XL-SL-POL,2X Large,Polyester,,White,18.75,0,0,0,0
1-M-WH-LS-XS-SL-POL,1-M-WH-LS-3XL-SL-POL,3X Large ,Polyester,,White,18.75,0,0,0,0
1-M-WH-LS-XS-RL-POL,1-M-WH-LS-S-RL-POL,Small,Polyester,,White,18.75,0,0,0,0
1-M-WH-LS-XS-RL-POL,1-M-WH-LS-M-RL-POL,Medium,Polyester,,White,18.75,0,0,0,0
1-M-WH-LS-XS-RL-POL,1-M-WH-LS-L-RL-POL,Large,Polyester,,White,18.75,0,0,0,0
1-M-WH-LS-XS-RL-POL,1-M-WH-LS-XL-RL-POL,Extra Large,Polyester,,White,18.75,0,0,0,0
1-M-WH-LS-XS-RL-POL,1-M-WH-LS-2XL-RL-POL,2X Large,Polyester,,White,18.75,0,0,0,0
1-M-WH-LS-XS-RL-POL,1-M-WH-LS-3XL-RL-POL,3X Large ,Polyester,,White,18.75,0,0,0,0
1-M-WH-SS-XS-SL-POL,1-M-WH-SS-S-SL-POL,Small,Polyester,,White,17.45,0,0,0,0
1-M-WH-SS-XS-SL-POL,1-M-WH-SS-M-SL-POL,Medium,Polyester,,White,17.45,0,0,0,0
1-M-WH-SS-XS-SL-POL,1-M-WH-SS-L-SL-POL,Large,Polyester,,White,17.45,0,0,0,0
1-M-WH-SS-XS-SL-POL,1-M-WH-SS-XL-SL-POL,Extra Large,Polyester,,White,17.45,0,0,0,0
1-M-WH-SS-XS-SL-POL,1-M-WH-SS-2XL-SL-POL,2X Large,Polyester,,White,17.45,0,0,0,0
1-M-WH-SS-XS-SL-POL,1-M-WH-SS-3XL-SL-POL,3X Large ,Polyester,,White,17.45,0,0,0,0
1-M-WH-SS-XS-RL-POL,1-M-WH-SS-S-RL-POL,Small,Polyester,,White,17.45,0,0,0,0
1-M-WH-SS-XS-RL-POL,1-M-WH-SS-M-RL-POL,Medium,Polyester,,White,17.45,0,0,0,0
1-M-WH-SS-XS-RL-POL,1-M-WH-SS-L-RL-POL,Large,Polyester,,White,17.45,0,0,0,0
1-M-WH-SS-XS-RL-POL,1-M-WH-SS-XL-RL-POL,Extra Large,Polyester,,White,17.45,0,0,0,0
1-M-WH-SS-XS-RL-POL,1-M-WH-SS-2XL-RL-POL,2X Large,Polyester,,White,17.45,0,0,0,0
1-M-WH-SS-XS-RL-POL,1-M-WH-SS-3XL-RL-POL,3X Large ,Polyester,,White,17.45,0,0,0,0
1-W-WH-LS-XS-SL-POL,1-W-WH-LS-XS-SL-POL,Extra Small,Polyester,,White,18.75,0,0,0,0
1-W-WH-LS-XS-SL-POL,1-W-WH-LS-S-SL-POL,Small,Polyester,,White,18.75,0,0,0,0
1-W-WH-LS-XS-SL-POL,1-W-WH-LS-M-SL-POL,Medium,Polyester,,White,18.75,0,0,0,0
1-W-WH-LS-XS-SL-POL,1-W-WH-LS-L-SL-POL,Large,Polyester,,White,18.75,0,0,0,0
1-W-WH-LS-XS-SL-POL,1-W-WH-LS-XL-SL-POL,Extra Large,Polyester,,White,18.75,0,0,0,0
1-W-WH-LS-XS-SL-POL,1-W-WH-LS-2XL-SL-POL,2X Large,Polyester,,White,18.75,0,0,0,0
1-W-WH-LS-XS-SL-POL,1-W-WH-LS-3XL-SL-POL,3X Large ,Polyester,,White,18.75,0,0,0,0
1-W-WH-LS-XS-RL-POL,1-W-WH-LS-XS-RL-POL,Extra Small,Polyester,,White,18.75,0,0,0,0
1-W-WH-LS-XS-RL-POL,1-W-WH-LS-S-RL-POL,Small,Polyester,,White,18.75,0,0,0,0
1-W-WH-LS-XS-RL-POL,1-W-WH-LS-M-RL-POL,Medium,Polyester,,White,18.75,0,0,0,0
1-W-WH-LS-XS-RL-POL,1-W-WH-LS-L-RL-POL,Large,Polyester,,White,18.75,0,0,0,0
1-W-WH-LS-XS-RL-POL,1-W-WH-LS-XL-RL-POL,Extra Large,Polyester,,White,18.75,0,0,0,0
1-W-WH-LS-XS-RL-POL,1-W-WH-LS-2XL-RL-POL,2X Large,Polyester,,White,18.75,0,0,0,0
1-W-WH-LS-XS-RL-POL,1-W-WH-LS-3XL-RL-POL,3X Large ,Polyester,,White,18.75,0,0,0,0
1-W-WH-SS-XS-SL-POL,1-W-WH-SS-XS-SL-POL,Extra Small,Polyester,,White,17.45,0,0,0,0
1-W-WH-SS-XS-SL-POL,1-W-WH-SS-S-SL-POL,Small,Polyester,,White,17.45,0,0,0,0
1-W-WH-SS-XS-SL-POL,1-W-WH-SS-M-SL-POL,Medium,Polyester,,White,17.45,0,0,0,0
1-W-WH-SS-XS-SL-POL,1-W-WH-SS-L-SL-POL,Large,Polyester,,White,17.45,0,0,0,0
1-W-WH-SS-XS-SL-POL,1-W-WH-SS-XL-SL-POL,Extra Large,Polyester,,White,17.45,0,0,0,0
1-W-WH-SS-XS-SL-POL,1-W-WH-SS-2XL-SL-POL,2X Large,Polyester,,White,17.45,0,0,0,0
1-W-WH-SS-XS-SL-POL,1-W-WH-SS-3XL-SL-POL,3X Large ,Polyester,,White,17.45,0,0,0,0
1-W-WH-SS-XS-RL-POL,1-W-WH-SS-XS-RL-POL,Extra Small,Polyester,,White,17.45,0,0,0,0
1-W-WH-SS-XS-RL-POL,1-W-WH-SS-S-RL-POL,Small,Polyester,,White,17.45,0,0,0,0
1-W-WH-SS-XS-RL-POL,1-W-WH-SS-M-RL-POL,Medium,Polyester,,White,17.45,0,0,0,0
1-W-WH-SS-XS-RL-POL,1-W-WH-SS-L-RL-POL,Large,Polyester,,White,17.45,0,0,0,0
1-W-WH-SS-XS-RL-POL,1-W-WH-SS-XL-RL-POL,Extra Large,Polyester,,White,17.45,0,0,0,0
1-W-WH-SS-XS-RL-POL,1-W-WH-SS-2XL-RL-POL,2X Large,Polyester,,White,17.45,0,0,0,0
1-W-WH-SS-XS-RL-POL,1-W-WH-SS-3XL-RL-POL,3X Large ,Polyester,,White,17.45,0,0,0,0
2-M-WH-LS-XS-SL-POL,2-M-WH-LS-S-SL-POL,Small,Polyester,,White,18.75,0,0,0,0
2-M-WH-LS-XS-SL-POL,2-M-WH-LS-M-SL-POL,Medium,Polyester,,White,18.75,0,0,0,0
2-M-WH-LS-XS-SL-POL,2-M-WH-LS-L-SL-POL,Large,Polyester,,White,18.75,0,0,0,0
2-M-WH-LS-XS-SL-POL,2-M-WH-LS-XL-SL-POL,Extra Large,Polyester,,White,18.75,0,0,0,0
2-M-WH-LS-XS-SL-POL,2-M-WH-LS-2XL-SL-POL,2X Large,Polyester,,White,18.75,0,0,0,0
2-M-WH-LS-XS-SL-POL,2-M-WH-LS-3XL-SL-POL,3X Large ,Polyester,,White,18.75,0,0,0,0
2-M-WH-LS-XS-RL-POL,2-M-WH-LS-S-RL-POL,Small,Polyester,,White,18.75,0,0,0,0
2-M-WH-LS-XS-RL-POL,2-M-WH-LS-M-RL-POL,Medium,Polyester,,White,18.75,0,0,0,0
2-M-WH-LS-XS-RL-POL,2-M-WH-LS-L-RL-POL,Large,Polyester,,White,18.75,0,0,0,0
2-M-WH-LS-XS-RL-POL,2-M-WH-LS-XL-RL-POL,Extra Large,Polyester,,White,18.75,0,0,0,0
2-M-WH-LS-XS-RL-POL,2-M-WH-LS-2XL-RL-POL,2X Large,Polyester,,White,18.75,0,0,0,0
2-M-WH-LS-XS-RL-POL,2-M-WH-LS-3XL-RL-POL,3X Large ,Polyester,,White,18.75,0,0,0,0
2-M-WH-SS-XS-SL-POL,2-M-WH-SS-S-SL-POL,Small,Polyester,,White,17.45,0,0,0,0
2-M-WH-SS-XS-SL-POL,2-M-WH-SS-M-SL-POL,Medium,Polyester,,White,17.45,0,0,0,0
2-M-WH-SS-XS-SL-POL,2-M-WH-SS-L-SL-POL,Large,Polyester,,White,17.45,0,0,0,0
2-M-WH-SS-XS-SL-POL,2-M-WH-SS-XL-SL-POL,Extra Large,Polyester,,White,17.45,0,0,0,0
2-M-WH-SS-XS-SL-POL,2-M-WH-SS-2XL-SL-POL,2X Large,Polyester,,White,17.45,0,0,0,0
2-M-WH-SS-XS-SL-POL,2-M-WH-SS-3XL-SL-POL,3X Large ,Polyester,,White,17.45,0,0,0,0
2-M-WH-SS-XS-RL-POL,2-M-WH-SS-S-RL-POL,Small,Polyester,,White,17.45,0,0,0,0
2-M-WH-SS-XS-RL-POL,2-M-WH-SS-M-RL-POL,Medium,Polyester,,White,17.45,0,0,0,0
2-M-WH-SS-XS-RL-POL,2-M-WH-SS-L-RL-POL,Large,Polyester,,White,17.45,0,0,0,0
2-M-WH-SS-XS-RL-POL,2-M-WH-SS-XL-RL-POL,Extra Large,Polyester,,White,17.45,0,0,0,0
2-M-WH-SS-XS-RL-POL,2-M-WH-SS-2XL-RL-POL,2X Large,Polyester,,White,17.45,0,0,0,0
2-M-WH-SS-XS-RL-POL,2-M-WH-SS-3XL-RL-POL,3X Large ,Polyester,,White,17.45,0,0,0,0
2-W-WH-LS-XS-SL-POL,2-W-WH-LS-XS-SL-POL,Extra Small,Polyester,,White,18.75,0,0,0,0
2-W-WH-LS-XS-SL-POL,2-W-WH-LS-S-SL-POL,Small,Polyester,,White,18.75,0,0,0,0
2-W-WH-LS-XS-SL-POL,2-W-WH-LS-M-SL-POL,Medium,Polyester,,White,18.75,0,0,0,0
2-W-WH-LS-XS-SL-POL,2-W-WH-LS-L-SL-POL,Large,Polyester,,White,18.75,0,0,0,0
2-W-WH-LS-XS-SL-POL,2-W-WH-LS-XL-SL-POL,Extra Large,Polyester,,White,18.75,0,0,0,0
2-W-WH-LS-XS-SL-POL,2-W-WH-LS-2XL-SL-POL,2X Large,Polyester,,White,18.75,0,0,0,0
2-W-WH-LS-XS-SL-POL,2-W-WH-LS-3XL-SL-POL,3X Large ,Polyester,,White,18.75,0,0,0,0
2-W-WH-LS-XS-RL-POL,2-W-WH-LS-XS-RL-POL,Extra Small,Polyester,,White,18.75,0,0,0,0
2-W-WH-LS-XS-RL-POL,2-W-WH-LS-S-RL-POL,Small,Polyester,,White,18.75,0,0,0,0
2-W-WH-LS-XS-RL-POL,2-W-WH-LS-M-RL-POL,Medium,Polyester,,White,18.75,0,0,0,0
2-W-WH-LS-XS-RL-POL,2-W-WH-LS-L-RL-POL,Large,Polyester,,White,18.75,0,0,0,0
2-W-WH-LS-XS-RL-POL,2-W-WH-LS-XL-RL-POL,Extra Large,Polyester,,White,18.75,0,0,0,0
2-W-WH-LS-XS-RL-POL,2-W-WH-LS-2XL-RL-POL,2X Large,Polyester,,White,18.75,0,0,0,0
2-W-WH-LS-XS-RL-POL,2-W-WH-LS-3XL-RL-POL,3X Large ,Polyester,,White,18.75,0,0,0,0
2-W-WH-SS-XS-SL-POL,2-W-WH-SS-XS-SL-POL,Extra Small,Polyester,,White,17.45,0,0,0,0
2-W-WH-SS-XS-SL-POL,2-W-WH-SS-S-SL-POL,Small,Polyester,,White,17.45,0,0,0,0
2-W-WH-SS-XS-SL-POL,2-W-WH-SS-M-SL-POL,Medium,Polyester,,White,17.45,0,0,0,0
2-W-WH-SS-XS-SL-POL,2-W-WH-SS-L-SL-POL,Large,Polyester,,White,17.45,0,0,0,0
2-W-WH-SS-XS-SL-POL,2-W-WH-SS-XL-SL-POL,Extra Large,Polyester,,White,17.45,0,0,0,0
2-W-WH-SS-XS-SL-POL,2-W-WH-SS-2XL-SL-POL,2X Large,Polyester,,White,17.45,0,0,0,0
2-W-WH-SS-XS-SL-POL,2-W-WH-SS-3XL-SL-POL,3X Large ,Polyester,,White,17.45,0,0,0,0
2-W-WH-SS-XS-RL-POL,2-W-WH-SS-XS-RL-POL,Extra Small,Polyester,,White,17.45,0,0,0,0
2-W-WH-SS-XS-RL-POL,2-W-WH-SS-S-RL-POL,Small,Polyester,,White,17.45,0,0,0,0
2-W-WH-SS-XS-RL-POL,2-W-WH-SS-M-RL-POL,Medium,Polyester,,White,17.45,0,0,0,0
2-W-WH-SS-XS-RL-POL,2-W-WH-SS-L-RL-POL,Large,Polyester,,White,17.45,0,0,0,0
2-W-WH-SS-XS-RL-POL,2-W-WH-SS-XL-RL-POL,Extra Large,Polyester,,White,17.45,0,0,0,0
2-W-WH-SS-XS-RL-POL,2-W-WH-SS-2XL-RL-POL,2X Large,Polyester,,White,17.45,0,0,0,0
2-W-WH-SS-XS-RL-POL,2-W-WH-SS-3XL-RL-POL,3X Large ,Polyester,,White,17.45,0,0,0,0
1-M-BK-LS-XS-SL-POL,1-M-BK-LS-S-SL-POL,Small,Polyester,,Black,18.75,0,0,0,0
1-M-BK-LS-XS-SL-POL,1-M-BK-LS-M-SL-POL,Medium,Polyester,,Black,18.75,0,0,0,0
1-M-BK-LS-XS-SL-POL,1-M-BK-LS-L-SL-POL,Large,Polyester,,Black,18.75,0,0,0,0
1-M-BK-LS-XS-SL-POL,1-M-BK-LS-XL-SL-POL,Extra Large,Polyester,,Black,18.75,0,0,0,0
1-M-BK-LS-XS-SL-POL,1-M-BK-LS-2XL-SL-POL,2X Large,Polyester,,Black,18.75,0,0,0,0
1-M-BK-LS-XS-SL-POL,1-M-BK-LS-3XL-SL-POL,3X Large ,Polyester,,Black,18.75,0,0,0,0
1-M-BK-LS-XS-RL-POL,1-M-BK-LS-S-RL-POL,Small,Polyester,,Black,18.75,0,0,0,0
1-M-BK-LS-XS-RL-POL,1-M-BK-LS-M-RL-POL,Medium,Polyester,,Black,18.75,0,0,0,0
1-M-BK-LS-XS-RL-POL,1-M-BK-LS-L-RL-POL,Large,Polyester,,Black,18.75,0,0,0,0
1-M-BK-LS-XS-RL-POL,1-M-BK-LS-XL-RL-POL,Extra Large,Polyester,,Black,18.75,0,0,0,0
1-M-BK-LS-XS-RL-POL,1-M-BK-LS-2XL-RL-POL,2X Large,Polyester,,Black,18.75,0,0,0,0
1-M-BK-LS-XS-RL-POL,1-M-BK-LS-3XL-RL-POL,3X Large ,Polyester,,Black,18.75,0,0,0,0
1-M-BK-SS-XS-SL-POL,1-M-BK-SS-S-SL-POL,Small,Polyester,,Black,17.45,0,0,0,0
1-M-BK-SS-XS-SL-POL,1-M-BK-SS-M-SL-POL,Medium,Polyester,,Black,17.45,0,0,0,0
1-M-BK-SS-XS-SL-POL,1-M-BK-SS-L-SL-POL,Large,Polyester,,Black,17.45,0,0,0,0
1-M-BK-SS-XS-SL-POL,1-M-BK-SS-XL-SL-POL,Extra Large,Polyester,,Black,17.45,0,0,0,0
1-M-BK-SS-XS-SL-POL,1-M-BK-SS-2XL-SL-POL,2X Large,Polyester,,Black,17.45,0,0,0,0
1-M-BK-SS-XS-SL-POL,1-M-BK-SS-3XL-SL-POL,3X Large ,Polyester,,Black,17.45,0,0,0,0
1-M-BK-SS-XS-RL-POL,1-M-BK-SS-S-RL-POL,Small,Polyester,,Black,17.45,0,0,0,0
1-M-BK-SS-XS-RL-POL,1-M-BK-SS-M-RL-POL,Medium,Polyester,,Black,17.45,0,0,0,0
1-M-BK-SS-XS-RL-POL,1-M-BK-SS-L-RL-POL,Large,Polyester,,Black,17.45,0,0,0,0
1-M-BK-SS-XS-RL-POL,1-M-BK-SS-XL-RL-POL,Extra Large,Polyester,,Black,17.45,0,0,0,0
1-M-BK-SS-XS-RL-POL,1-M-BK-SS-2XL-RL-POL,2X Large,Polyester,,Black,17.45,0,0,0,0
1-M-BK-SS-XS-RL-POL,1-M-BK-SS-3XL-RL-POL,3X Large ,Polyester,,Black,17.45,0,0,0,0
1-W-BK-LS-XS-SL-POL,1-W-BK-LS-XS-SL-POL,Extra Small,Polyester,,Black,18.75,0,0,0,0
1-W-BK-LS-XS-SL-POL,1-W-BK-LS-S-SL-POL,Small,Polyester,,Black,18.75,0,0,0,0
1-W-BK-LS-XS-SL-POL,1-W-BK-LS-M-SL-POL,Medium,Polyester,,Black,18.75,0,0,0,0
1-W-BK-LS-XS-SL-POL,1-W-BK-LS-L-SL-POL,Large,Polyester,,Black,18.75,0,0,0,0
1-W-BK-LS-XS-SL-POL,1-W-BK-LS-XL-SL-POL,Extra Large,Polyester,,Black,18.75,0,0,0,0
1-W-BK-LS-XS-SL-POL,1-W-BK-LS-2XL-SL-POL,2X Large,Polyester,,Black,18.75,0,0,0,0
1-W-BK-LS-XS-SL-POL,1-W-BK-LS-3XL-SL-POL,3X Large ,Polyester,,Black,18.75,0,0,0,0
1-W-BK-LS-XS-RL-POL,1-W-BK-LS-XS-RL-POL,Extra Small,Polyester,,Black,18.75,0,0,0,0
1-W-BK-LS-XS-RL-POL,1-W-BK-LS-S-RL-POL,Small,Polyester,,Black,18.75,0,0,0,0
1-W-BK-LS-XS-RL-POL,1-W-BK-LS-M-RL-POL,Medium,Polyester,,Black,18.75,0,0,0,0
1-W-BK-LS-XS-RL-POL,1-W-BK-LS-L-RL-POL,Large,Polyester,,Black,18.75,0,0,0,0
1-W-BK-LS-XS-RL-POL,1-W-BK-LS-XL-RL-POL,Extra Large,Polyester,,Black,18.75,0,0,0,0
1-W-BK-LS-XS-RL-POL,1-W-BK-LS-2XL-RL-POL,2X Large,Polyester,,Black,18.75,0,0,0,0
1-W-BK-LS-XS-RL-POL,1-W-BK-LS-3XL-RL-POL,3X Large ,Polyester,,Black,18.75,0,0,0,0
1-W-BK-SS-XS-SL-POL,1-W-BK-SS-XS-SL-POL,Extra Small,Polyester,,Black,17.45,0,0,0,0
1-W-BK-SS-XS-SL-POL,1-W-BK-SS-S-SL-POL,Small,Polyester,,Black,17.45,0,0,0,0
1-W-BK-SS-XS-SL-POL,1-W-BK-SS-M-SL-POL,Medium,Polyester,,Black,17.45,0,0,0,0
1-W-BK-SS-XS-SL-POL,1-W-BK-SS-L-SL-POL,Large,Polyester,,Black,17.45,0,0,0,0
1-W-BK-SS-XS-SL-POL,1-W-BK-SS-XL-SL-POL,Extra Large,Polyester,,Black,17.45,0,0,0,0
1-W-BK-SS-XS-SL-POL,1-W-BK-SS-2XL-SL-POL,2X Large,Polyester,,Black,17.45,0,0,0,0
1-W-BK-SS-XS-SL-POL,1-W-BK-SS-3XL-SL-POL,3X Large ,Polyester,,Black,17.45,0,0,0,0
1-W-BK-SS-XS-RL-POL,1-W-BK-SS-XS-RL-POL,Extra Small,Polyester,,Black,17.45,0,0,0,0
1-W-BK-SS-XS-RL-POL,1-W-BK-SS-S-RL-POL,Small,Polyester,,Black,17.45,0,0,0,0
1-W-BK-SS-XS-RL-POL,1-W-BK-SS-M-RL-POL,Medium,Polyester,,Black,17.45,0,0,0,0
1-W-BK-SS-XS-RL-POL,1-W-BK-SS-L-RL-POL,Large,Polyester,,Black,17.45,0,0,0,0
1-W-BK-SS-XS-RL-POL,1-W-BK-SS-XL-RL-POL,Extra Large,Polyester,,Black,17.45,0,0,0,0
1-W-BK-SS-XS-RL-POL,1-W-BK-SS-2XL-RL-POL,2X Large,Polyester,,Black,17.45,0,0,0,0
1-W-BK-SS-XS-RL-POL,1-W-BK-SS-3XL-RL-POL,3X Large ,Polyester,,Black,17.45,0,0,0,0
2-M-BK-LS-XS-SL-POL,2-M-BK-LS-S-SL-POL,Small,Polyester,,Black,18.75,0,0,0,0
2-M-BK-LS-XS-SL-POL,2-M-BK-LS-M-SL-POL,Medium,Polyester,,Black,18.75,0,0,0,0
2-M-BK-LS-XS-SL-POL,2-M-BK-LS-L-SL-POL,Large,Polyester,,Black,18.75,0,0,0,0
2-M-BK-LS-XS-SL-POL,2-M-BK-LS-XL-SL-POL,Extra Large,Polyester,,Black,18.75,0,0,0,0
2-M-BK-LS-XS-SL-POL,2-M-BK-LS-2XL-SL-POL,2X Large,Polyester,,Black,18.75,0,0,0,0
2-M-BK-LS-XS-SL-POL,2-M-BK-LS-3XL-SL-POL,3X Large ,Polyester,,Black,18.75,0,0,0,0
2-M-BK-LS-XS-RL-POL,2-M-BK-LS-S-RL-POL,Small,Polyester,,Black,18.75,0,0,0,0
2-M-BK-LS-XS-RL-POL,2-M-BK-LS-M-RL-POL,Medium,Polyester,,Black,18.75,0,0,0,0
2-M-BK-LS-XS-RL-POL,2-M-BK-LS-L-RL-POL,Large,Polyester,,Black,18.75,0,0,0,0
2-M-BK-LS-XS-RL-POL,2-M-BK-LS-XL-RL-POL,Extra Large,Polyester,,Black,18.75,0,0,0,0
2-M-BK-LS-XS-RL-POL,2-M-BK-LS-2XL-RL-POL,2X Large,Polyester,,Black,18.75,0,0,0,0
2-M-BK-LS-XS-RL-POL,2-M-BK-LS-3XL-RL-POL,3X Large ,Polyester,,Black,18.75,0,0,0,0
2-M-BK-SS-XS-SL-POL,2-M-BK-SS-S-SL-POL,Small,Polyester,,Black,17.45,0,0,0,0
2-M-BK-SS-XS-SL-POL,2-M-BK-SS-M-SL-POL,Medium,Polyester,,Black,17.45,0,0,0,0
2-M-BK-SS-XS-SL-POL,2-M-BK-SS-L-SL-POL,Large,Polyester,,Black,17.45,0,0,0,0
2-M-BK-SS-XS-SL-POL,2-M-BK-SS-XL-SL-POL,Extra Large,Polyester,,Black,17.45,0,0,0,0
2-M-BK-SS-XS-SL-POL,2-M-BK-SS-2XL-SL-POL,2X Large,Polyester,,Black,17.45,0,0,0,0
2-M-BK-SS-XS-SL-POL,2-M-BK-SS-3XL-SL-POL,3X Large ,Polyester,,Black,17.45,0,0,0,0
2-M-BK-SS-XS-RL-POL,2-M-BK-SS-S-RL-POL,Small,Polyester,,Black,17.45,0,0,0,0
2-M-BK-SS-XS-RL-POL,2-M-BK-SS-M-RL-POL,Medium,Polyester,,Black,17.45,0,0,0,0
2-M-BK-SS-XS-RL-POL,2-M-BK-SS-L-RL-POL,Large,Polyester,,Black,17.45,0,0,0,0
2-M-BK-SS-XS-RL-POL,2-M-BK-SS-XL-RL-POL,Extra Large,Polyester,,Black,17.45,0,0,0,0
2-M-BK-SS-XS-RL-POL,2-M-BK-SS-2XL-RL-POL,2X Large,Polyester,,Black,17.45,0,0,0,0
2-M-BK-SS-XS-RL-POL,2-M-BK-SS-3XL-RL-POL,3X Large ,Polyester,,Black,17.45,0,0,0,0
2-W-BK-LS-XS-SL-POL,2-W-BK-LS-XS-SL-POL,Extra Small,Polyester,,Black,18.75,0,0,0,0
2-W-BK-LS-XS-SL-POL,2-W-BK-LS-S-SL-POL,Small,Polyester,,Black,18.75,0,0,0,0
2-W-BK-LS-XS-SL-POL,2-W-BK-LS-M-SL-POL,Medium,Polyester,,Black,18.75,0,0,0,0
2-W-BK-LS-XS-SL-POL,2-W-BK-LS-L-SL-POL,Large,Polyester,,Black,18.75,0,0,0,0
2-W-BK-LS-XS-SL-POL,2-W-BK-LS-XL-SL-POL,Extra Large,Polyester,,Black,18.75,0,0,0,0
2-W-BK-LS-XS-SL-POL,2-W-BK-LS-2XL-SL-POL,2X Large,Polyester,,Black,18.75,0,0,0,0
2-W-BK-LS-XS-SL-POL,2-W-BK-LS-3XL-SL-POL,3X Large ,Polyester,,Black,18.75,0,0,0,0
2-W-BK-LS-XS-RL-POL,2-W-BK-LS-XS-RL-POL,Extra Small,Polyester,,Black,18.75,0,0,0,0
2-W-BK-LS-XS-RL-POL,2-W-BK-LS-S-RL-POL,Small,Polyester,,Black,18.75,0,0,0,0
2-W-BK-LS-XS-RL-POL,2-W-BK-LS-M-RL-POL,Medium,Polyester,,Black,18.75,0,0,0,0
2-W-BK-LS-XS-RL-POL,2-W-BK-LS-L-RL-POL,Large,Polyester,,Black,18.75,0,0,0,0
2-W-BK-LS-XS-RL-POL,2-W-BK-LS-XL-RL-POL,Extra Large,Polyester,,Black,18.75,0,0,0,0
2-W-BK-LS-XS-RL-POL,2-W-BK-LS-2XL-RL-POL,2X Large,Polyester,,Black,18.75,0,0,0,0
2-W-BK-LS-XS-RL-POL,2-W-BK-LS-3XL-RL-POL,3X Large ,Polyester,,Black,18.75,0,0,0,0
2-W-BK-SS-XS-SL-POL,2-W-BK-SS-XS-SL-POL,Extra Small,Polyester,,Black,17.45,0,0,0,0
2-W-BK-SS-XS-SL-POL,2-W-BK-SS-S-SL-POL,Small,Polyester,,Black,17.45,0,0,0,0
2-W-BK-SS-XS-SL-POL,2-W-BK-SS-M-SL-POL,Medium,Polyester,,Black,17.45,0,0,0,0
2-W-BK-SS-XS-SL-POL,2-W-BK-SS-L-SL-POL,Large,Polyester,,Black,17.45,0,0,0,0
2-W-BK-SS-XS-SL-POL,2-W-BK-SS-XL-SL-POL,Extra Large,Polyester,,Black,17.45,0,0,0,0
2-W-BK-SS-XS-SL-POL,2-W-BK-SS-2XL-SL-POL,2X Large,Polyester,,Black,17.45,0,0,0,0
2-W-BK-SS-XS-SL-POL,2-W-BK-SS-3XL-SL-POL,3X Large ,Polyester,,Black,17.45,0,0,0,0
2-W-BK-SS-XS-RL-POL,2-W-BK-SS-XS-RL-POL,Extra Small,Polyester,,Black,17.45,0,0,0,0
2-W-BK-SS-XS-RL-POL,2-W-BK-SS-S-RL-POL,Small,Polyester,,Black,17.45,0,0,0,0
2-W-BK-SS-XS-RL-POL,2-W-BK-SS-M-RL-POL,Medium,Polyester,,Black,17.45,0,0,0,0
2-W-BK-SS-XS-RL-POL,2-W-BK-SS-L-RL-POL,Large,Polyester,,Black,17.45,0,0,0,0
2-W-BK-SS-XS-RL-POL,2-W-BK-SS-XL-RL-POL,Extra Large,Polyester,,Black,17.45,0,0,0,0
2-W-BK-SS-XS-RL-POL,2-W-BK-SS-2XL-RL-POL,2X Large,Polyester,,Black,17.45,0,0,0,0
2-W-BK-SS-XS-RL-POL,2-W-BK-SS-3XL-RL-POL,3X Large ,Polyester,,Black,17.45,0,0,0,0
1-M-BPS-LS-XS-SL-POL,1-M-BPS-LS-S-SL-POL,Small,Polyester,,Blue Pinstripe,18.75,0,0,0,0
1-M-BPS-LS-XS-SL-POL,1-M-BPS-LS-M-SL-POL,Medium,Polyester,,Blue Pinstripe,18.75,0,0,0,0
1-M-BPS-LS-XS-SL-POL,1-M-BPS-LS-L-SL-POL,Large,Polyester,,Blue Pinstripe,18.75,0,0,0,0
1-M-BPS-LS-XS-SL-POL,1-M-BPS-LS-XL-SL-POL,Extra Large,Polyester,,Blue Pinstripe,18.75,0,0,0,0
1-M-BPS-LS-XS-SL-POL,1-M-BPS-LS-2XL-SL-POL,2X Large,Polyester,,Blue Pinstripe,18.75,0,0,0,0
1-M-BPS-LS-XS-SL-POL,1-M-BPS-LS-3XL-SL-POL,3X Large ,Polyester,,Blue Pinstripe,18.75,0,0,0,0
1-M-BPS-LS-XS-RL-POL,1-M-BPS-LS-S-RL-POL,Small,Polyester,,Blue Pinstripe,18.75,0,0,0,0
1-M-BPS-LS-XS-RL-POL,1-M-BPS-LS-M-RL-POL,Medium,Polyester,,Blue Pinstripe,18.75,0,0,0,0
1-M-BPS-LS-XS-RL-POL,1-M-BPS-LS-L-RL-POL,Large,Polyester,,Blue Pinstripe,18.75,0,0,0,0
1-M-BPS-LS-XS-RL-POL,1-M-BPS-LS-XL-RL-POL,Extra Large,Polyester,,Blue Pinstripe,18.75,0,0,0,0
1-M-BPS-LS-XS-RL-POL,1-M-BPS-LS-2XL-RL-POL,2X Large,Polyester,,Blue Pinstripe,18.75,0,0,0,0
1-M-BPS-LS-XS-RL-POL,1-M-BPS-LS-3XL-RL-POL,3X Large ,Polyester,,Blue Pinstripe,18.75,0,0,0,0
1-M-BPS-SS-XS-SL-POL,1-M-BPS-SS-S-SL-POL,Small,Polyester,,Blue Pinstripe,17.45,0,0,0,0
1-M-BPS-SS-XS-SL-POL,1-M-BPS-SS-M-SL-POL,Medium,Polyester,,Blue Pinstripe,17.45,0,0,0,0
1-M-BPS-SS-XS-SL-POL,1-M-BPS-SS-L-SL-POL,Large,Polyester,,Blue Pinstripe,17.45,0,0,0,0
1-M-BPS-SS-XS-SL-POL,1-M-BPS-SS-XL-SL-POL,Extra Large,Polyester,,Blue Pinstripe,17.45,0,0,0,0
1-M-BPS-SS-XS-SL-POL,1-M-BPS-SS-2XL-SL-POL,2X Large,Polyester,,Blue Pinstripe,17.45,0,0,0,0
1-M-BPS-SS-XS-SL-POL,1-M-BPS-SS-3XL-SL-POL,3X Large ,Polyester,,Blue Pinstripe,17.45,0,0,0,0
1-M-BPS-SS-XS-RL-POL,1-M-BPS-SS-S-RL-POL,Small,Polyester,,Blue Pinstripe,17.45,0,0,0,0
1-M-BPS-SS-XS-RL-POL,1-M-BPS-SS-M-RL-POL,Medium,Polyester,,Blue Pinstripe,17.45,0,0,0,0
1-M-BPS-SS-XS-RL-POL,1-M-BPS-SS-L-RL-POL,Large,Polyester,,Blue Pinstripe,17.45,0,0,0,0
1-M-BPS-SS-XS-RL-POL,1-M-BPS-SS-XL-RL-POL,Extra Large,Polyester,,Blue Pinstripe,17.45,0,0,0,0
1-M-BPS-SS-XS-RL-POL,1-M-BPS-SS-2XL-RL-POL,2X Large,Polyester,,Blue Pinstripe,17.45,0,0,0,0
1-M-BPS-SS-XS-RL-POL,1-M-BPS-SS-3XL-RL-POL,3X Large ,Polyester,,Blue Pinstripe,17.45,0,0,0,0
1-W-BPS-LS-XS-SL-POL,1-W-BPS-LS-XS-SL-POL,Extra Small,Polyester,,Blue Pinstripe,18.75,0,0,0,0
1-W-BPS-LS-XS-SL-POL,1-W-BPS-LS-S-SL-POL,Small,Polyester,,Blue Pinstripe,18.75,0,0,0,0
1-W-BPS-LS-XS-SL-POL,1-W-BPS-LS-M-SL-POL,Medium,Polyester,,Blue Pinstripe,18.75,0,0,0,0
1-W-BPS-LS-XS-SL-POL,1-W-BPS-LS-L-SL-POL,Large,Polyester,,Blue Pinstripe,18.75,0,0,0,0
1-W-BPS-LS-XS-SL-POL,1-W-BPS-LS-XL-SL-POL,Extra Large,Polyester,,Blue Pinstripe,18.75,0,0,0,0
1-W-BPS-LS-XS-SL-POL,1-W-BPS-LS-2XL-SL-POL,2X Large,Polyester,,Blue Pinstripe,18.75,0,0,0,0
1-W-BPS-LS-XS-SL-POL,1-W-BPS-LS-3XL-SL-POL,3X Large ,Polyester,,Blue Pinstripe,18.75,0,0,0,0
1-W-BPS-LS-XS-RL-POL,1-W-BPS-LS-XS-RL-POL,Extra Small,Polyester,,Blue Pinstripe,18.75,0,0,0,0
1-W-BPS-LS-XS-RL-POL,1-W-BPS-LS-S-RL-POL,Small,Polyester,,Blue Pinstripe,18.75,0,0,0,0
1-W-BPS-LS-XS-RL-POL,1-W-BPS-LS-M-RL-POL,Medium,Polyester,,Blue Pinstripe,18.75,0,0,0,0
1-W-BPS-LS-XS-RL-POL,1-W-BPS-LS-L-RL-POL,Large,Polyester,,Blue Pinstripe,18.75,0,0,0,0
1-W-BPS-LS-XS-RL-POL,1-W-BPS-LS-XL-RL-POL,Extra Large,Polyester,,Blue Pinstripe,18.75,0,0,0,0
1-W-BPS-LS-XS-RL-POL,1-W-BPS-LS-2XL-RL-POL,2X Large,Polyester,,Blue Pinstripe,18.75,0,0,0,0
1-W-BPS-LS-XS-RL-POL,1-W-BPS-LS-3XL-RL-POL,3X Large ,Polyester,,Blue Pinstripe,18.75,0,0,0,0
1-W-BPS-SS-XS-SL-POL,1-W-BPS-SS-XS-SL-POL,Extra Small,Polyester,,Blue Pinstripe,17.45,0,0,0,0
1-W-BPS-SS-XS-SL-POL,1-W-BPS-SS-S-SL-POL,Small,Polyester,,Blue Pinstripe,17.45,0,0,0,0
1-W-BPS-SS-XS-SL-POL,1-W-BPS-SS-M-SL-POL,Medium,Polyester,,Blue Pinstripe,17.45,0,0,0,0
1-W-BPS-SS-XS-SL-POL,1-W-BPS-SS-L-SL-POL,Large,Polyester,,Blue Pinstripe,17.45,0,0,0,0
1-W-BPS-SS-XS-SL-POL,1-W-BPS-SS-XL-SL-POL,Extra Large,Polyester,,Blue Pinstripe,17.45,0,0,0,0
1-W-BPS-SS-XS-SL-POL,1-W-BPS-SS-2XL-SL-POL,2X Large,Polyester,,Blue Pinstripe,17.45,0,0,0,0
1-W-BPS-SS-XS-SL-POL,1-W-BPS-SS-3XL-SL-POL,3X Large ,Polyester,,Blue Pinstripe,17.45,0,0,0,0
1-W-BPS-SS-XS-RL-POL,1-W-BPS-SS-XS-RL-POL,Extra Small,Polyester,,Blue Pinstripe,17.45,0,0,0,0
1-W-BPS-SS-XS-RL-POL,1-W-BPS-SS-S-RL-POL,Small,Polyester,,Blue Pinstripe,17.45,0,0,0,0
1-W-BPS-SS-XS-RL-POL,1-W-BPS-SS-M-RL-POL,Medium,Polyester,,Blue Pinstripe,17.45,0,0,0,0
1-W-BPS-SS-XS-RL-POL,1-W-BPS-SS-L-RL-POL,Large,Polyester,,Blue Pinstripe,17.45,0,0,0,0
1-W-BPS-SS-XS-RL-POL,1-W-BPS-SS-XL-RL-POL,Extra Large,Polyester,,Blue Pinstripe,17.45,0,0,0,0
1-W-BPS-SS-XS-RL-POL,1-W-BPS-SS-2XL-RL-POL,2X Large,Polyester,,Blue Pinstripe,17.45,0,0,0,0
1-W-BPS-SS-XS-RL-POL,1-W-BPS-SS-3XL-RL-POL,3X Large ,Polyester,,Blue Pinstripe,17.45,0,0,0,0
2-M-BPS-LS-XS-SL-POL,2-M-BPS-LS-S-SL-POL,Small,Polyester,,Blue Pinstripe,18.75,0,0,0,0
2-M-BPS-LS-XS-SL-POL,2-M-BPS-LS-M-SL-POL,Medium,Polyester,,Blue Pinstripe,18.75,0,0,0,0
2-M-BPS-LS-XS-SL-POL,2-M-BPS-LS-L-SL-POL,Large,Polyester,,Blue Pinstripe,18.75,0,0,0,0
2-M-BPS-LS-XS-SL-POL,2-M-BPS-LS-XL-SL-POL,Extra Large,Polyester,,Blue Pinstripe,18.75,0,0,0,0
2-M-BPS-LS-XS-SL-POL,2-M-BPS-LS-2XL-SL-POL,2X Large,Polyester,,Blue Pinstripe,18.75,0,0,0,0
2-M-BPS-LS-XS-SL-POL,2-M-BPS-LS-3XL-SL-POL,3X Large ,Polyester,,Blue Pinstripe,18.75,0,0,0,0
2-M-BPS-LS-XS-RL-POL,2-M-BPS-LS-S-RL-POL,Small,Polyester,,Blue Pinstripe,18.75,0,0,0,0
2-M-BPS-LS-XS-RL-POL,2-M-BPS-LS-M-RL-POL,Medium,Polyester,,Blue Pinstripe,18.75,0,0,0,0
2-M-BPS-LS-XS-RL-POL,2-M-BPS-LS-L-RL-POL,Large,Polyester,,Blue Pinstripe,18.75,0,0,0,0
2-M-BPS-LS-XS-RL-POL,2-M-BPS-LS-XL-RL-POL,Extra Large,Polyester,,Blue Pinstripe,18.75,0,0,0,0
2-M-BPS-LS-XS-RL-POL,2-M-BPS-LS-2XL-RL-POL,2X Large,Polyester,,Blue Pinstripe,18.75,0,0,0,0
2-M-BPS-LS-XS-RL-POL,2-M-BPS-LS-3XL-RL-POL,3X Large ,Polyester,,Blue Pinstripe,18.75,0,0,0,0
2-M-BPS-SS-XS-SL-POL,2-M-BPS-SS-S-SL-POL,Small,Polyester,,Blue Pinstripe,17.45,0,0,0,0
2-M-BPS-SS-XS-SL-POL,2-M-BPS-SS-M-SL-POL,Medium,Polyester,,Blue Pinstripe,17.45,0,0,0,0
2-M-BPS-SS-XS-SL-POL,2-M-BPS-SS-L-SL-POL,Large,Polyester,,Blue Pinstripe,17.45,0,0,0,0
2-M-BPS-SS-XS-SL-POL,2-M-BPS-SS-XL-SL-POL,Extra Large,Polyester,,Blue Pinstripe,17.45,0,0,0,0
2-M-BPS-SS-XS-SL-POL,2-M-BPS-SS-2XL-SL-POL,2X Large,Polyester,,Blue Pinstripe,17.45,0,0,0,0
2-M-BPS-SS-XS-SL-POL,2-M-BPS-SS-3XL-SL-POL,3X Large ,Polyester,,Blue Pinstripe,17.45,0,0,0,0
2-M-BPS-SS-XS-RL-POL,2-M-BPS-SS-S-RL-POL,Small,Polyester,,Blue Pinstripe,17.45,0,0,0,0
2-M-BPS-SS-XS-RL-POL,2-M-BPS-SS-M-RL-POL,Medium,Polyester,,Blue Pinstripe,17.45,0,0,0,0
2-M-BPS-SS-XS-RL-POL,2-M-BPS-SS-L-RL-POL,Large,Polyester,,Blue Pinstripe,17.45,0,0,0,0
2-M-BPS-SS-XS-RL-POL,2-M-BPS-SS-XL-RL-POL,Extra Large,Polyester,,Blue Pinstripe,17.45,0,0,0,0
2-M-BPS-SS-XS-RL-POL,2-M-BPS-SS-2XL-RL-POL,2X Large,Polyester,,Blue Pinstripe,17.45,0,0,0,0
2-M-BPS-SS-XS-RL-POL,2-M-BPS-SS-3XL-RL-POL,3X Large ,Polyester,,Blue Pinstripe,17.45,0,0,0,0
2-W-BPS-LS-XS-SL-POL,2-W-BPS-LS-XS-SL-POL,Extra Small,Polyester,,Blue Pinstripe,18.75,0,0,0,0
2-W-BPS-LS-XS-SL-POL,2-W-BPS-LS-S-SL-POL,Small,Polyester,,Blue Pinstripe,18.75,0,0,0,0
2-W-BPS-LS-XS-SL-POL,2-W-BPS-LS-M-SL-POL,Medium,Polyester,,Blue Pinstripe,18.75,0,0,0,0
2-W-BPS-LS-XS-SL-POL,2-W-BPS-LS-L-SL-POL,Large,Polyester,,Blue Pinstripe,18.75,0,0,0,0
2-W-BPS-LS-XS-SL-POL,2-W-BPS-LS-XL-SL-POL,Extra Large,Polyester,,Blue Pinstripe,18.75,0,0,0,0
2-W-BPS-LS-XS-SL-POL,2-W-BPS-LS-2XL-SL-POL,2X Large,Polyester,,Blue Pinstripe,18.75,0,0,0,0
2-W-BPS-LS-XS-SL-POL,2-W-BPS-LS-3XL-SL-POL,3X Large ,Polyester,,Blue Pinstripe,18.75,0,0,0,0
2-W-BPS-LS-XS-RL-POL,2-W-BPS-LS-XS-RL-POL,Extra Small,Polyester,,Blue Pinstripe,18.75,0,0,0,0
2-W-BPS-LS-XS-RL-POL,2-W-BPS-LS-S-RL-POL,Small,Polyester,,Blue Pinstripe,18.75,0,0,0,0
2-W-BPS-LS-XS-RL-POL,2-W-BPS-LS-M-RL-POL,Medium,Polyester,,Blue Pinstripe,18.75,0,0,0,0
2-W-BPS-LS-XS-RL-POL,2-W-BPS-LS-L-RL-POL,Large,Polyester,,Blue Pinstripe,18.75,0,0,0,0
2-W-BPS-LS-XS-RL-POL,2-W-BPS-LS-XL-RL-POL,Extra Large,Polyester,,Blue Pinstripe,18.75,0,0,0,0
2-W-BPS-LS-XS-RL-POL,2-W-BPS-LS-2XL-RL-POL,2X Large,Polyester,,Blue Pinstripe,18.75,0,0,0,0
2-W-BPS-LS-XS-RL-POL,2-W-BPS-LS-3XL-RL-POL,3X Large ,Polyester,,Blue Pinstripe,18.75,0,0,0,0
2-W-BPS-SS-XS-SL-POL,2-W-BPS-SS-XS-SL-POL,Extra Small,Polyester,,Blue Pinstripe,17.45,0,0,0,0
2-W-BPS-SS-XS-SL-POL,2-W-BPS-SS-S-SL-POL,Small,Polyester,,Blue Pinstripe,17.45,0,0,0,0
2-W-BPS-SS-XS-SL-POL,2-W-BPS-SS-M-SL-POL,Medium,Polyester,,Blue Pinstripe,17.45,0,0,0,0
2-W-BPS-SS-XS-SL-POL,2-W-BPS-SS-L-SL-POL,Large,Polyester,,Blue Pinstripe,17.45,0,0,0,0
2-W-BPS-SS-XS-SL-POL,2-W-BPS-SS-XL-SL-POL,Extra Large,Polyester,,Blue Pinstripe,17.45,0,0,0,0
2-W-BPS-SS-XS-SL-POL,2-W-BPS-SS-2XL-SL-POL,2X Large,Polyester,,Blue Pinstripe,17.45,0,0,0,0
2-W-BPS-SS-XS-SL-POL,2-W-BPS-SS-3XL-SL-POL,3X Large ,Polyester,,Blue Pinstripe,17.45,0,0,0,0
2-W-BPS-SS-XS-RL-POL,2-W-BPS-SS-XS-RL-POL,Extra Small,Polyester,,Blue Pinstripe,17.45,0,0,0,0
2-W-BPS-SS-XS-RL-POL,2-W-BPS-SS-S-RL-POL,Small,Polyester,,Blue Pinstripe,17.45,0,0,0,0
2-W-BPS-SS-XS-RL-POL,2-W-BPS-SS-M-RL-POL,Medium,Polyester,,Blue Pinstripe,17.45,0,0,0,0
2-W-BPS-SS-XS-RL-POL,2-W-BPS-SS-L-RL-POL,Large,Polyester,,Blue Pinstripe,17.45,0,0,0,0
2-W-BPS-SS-XS-RL-POL,2-W-BPS-SS-XL-RL-POL,Extra Large,Polyester,,Blue Pinstripe,17.45,0,0,0,0
2-W-BPS-SS-XS-RL-POL,2-W-BPS-SS-2XL-RL-POL,2X Large,Polyester,,Blue Pinstripe,17.45,0,0,0,0
2-W-BPS-SS-XS-RL-POL,2-W-BPS-SS-3XL-RL-POL,3X Large ,Polyester,,Blue Pinstripe,17.45,0,0,0,0
1-M-GPS-LS-XS-SL-POL,1-M-GPS-LS-S-SL-POL,Small,Polyester,,Green Pinstripe,18.75,0,0,0,0
1-M-GPS-LS-XS-SL-POL,1-M-GPS-LS-M-SL-POL,Medium,Polyester,,Green Pinstripe,18.75,0,0,0,0
1-M-GPS-LS-XS-SL-POL,1-M-GPS-LS-L-SL-POL,Large,Polyester,,Green Pinstripe,18.75,0,0,0,0
1-M-GPS-LS-XS-SL-POL,1-M-GPS-LS-XL-SL-POL,Extra Large,Polyester,,Green Pinstripe,18.75,0,0,0,0
1-M-GPS-LS-XS-SL-POL,1-M-GPS-LS-2XL-SL-POL,2X Large,Polyester,,Green Pinstripe,18.75,0,0,0,0
1-M-GPS-LS-XS-SL-POL,1-M-GPS-LS-3XL-SL-POL,3X Large ,Polyester,,Green Pinstripe,18.75,0,0,0,0
1-M-GPS-LS-XS-RL-POL,1-M-GPS-LS-S-RL-POL,Small,Polyester,,Green Pinstripe,18.75,0,0,0,0
1-M-GPS-LS-XS-RL-POL,1-M-GPS-LS-M-RL-POL,Medium,Polyester,,Green Pinstripe,18.75,0,0,0,0
1-M-GPS-LS-XS-RL-POL,1-M-GPS-LS-L-RL-POL,Large,Polyester,,Green Pinstripe,18.75,0,0,0,0
1-M-GPS-LS-XS-RL-POL,1-M-GPS-LS-XL-RL-POL,Extra Large,Polyester,,Green Pinstripe,18.75,0,0,0,0
1-M-GPS-LS-XS-RL-POL,1-M-GPS-LS-2XL-RL-POL,2X Large,Polyester,,Green Pinstripe,18.75,0,0,0,0
1-M-GPS-LS-XS-RL-POL,1-M-GPS-LS-3XL-RL-POL,3X Large ,Polyester,,Green Pinstripe,18.75,0,0,0,0
1-M-GPS-SS-XS-SL-POL,1-M-GPS-SS-S-SL-POL,Small,Polyester,,Green Pinstripe,17.45,0,0,0,0
1-M-GPS-SS-XS-SL-POL,1-M-GPS-SS-M-SL-POL,Medium,Polyester,,Green Pinstripe,17.45,0,0,0,0
1-M-GPS-SS-XS-SL-POL,1-M-GPS-SS-L-SL-POL,Large,Polyester,,Green Pinstripe,17.45,0,0,0,0
1-M-GPS-SS-XS-SL-POL,1-M-GPS-SS-XL-SL-POL,Extra Large,Polyester,,Green Pinstripe,17.45,0,0,0,0
1-M-GPS-SS-XS-SL-POL,1-M-GPS-SS-2XL-SL-POL,2X Large,Polyester,,Green Pinstripe,17.45,0,0,0,0
1-M-GPS-SS-XS-SL-POL,1-M-GPS-SS-3XL-SL-POL,3X Large ,Polyester,,Green Pinstripe,17.45,0,0,0,0
1-M-GPS-SS-XS-RL-POL,1-M-GPS-SS-S-RL-POL,Small,Polyester,,Green Pinstripe,17.45,0,0,0,0
1-M-GPS-SS-XS-RL-POL,1-M-GPS-SS-M-RL-POL,Medium,Polyester,,Green Pinstripe,17.45,0,0,0,0
1-M-GPS-SS-XS-RL-POL,1-M-GPS-SS-L-RL-POL,Large,Polyester,,Green Pinstripe,17.45,0,0,0,0
1-M-GPS-SS-XS-RL-POL,1-M-GPS-SS-XL-RL-POL,Extra Large,Polyester,,Green Pinstripe,17.45,0,0,0,0
1-M-GPS-SS-XS-RL-POL,1-M-GPS-SS-2XL-RL-POL,2X Large,Polyester,,Green Pinstripe,17.45,0,0,0,0
1-M-GPS-SS-XS-RL-POL,1-M-GPS-SS-3XL-RL-POL,3X Large ,Polyester,,Green Pinstripe,17.45,0,0,0,0
1-W-GPS-LS-XS-SL-POL,1-W-GPS-LS-XS-SL-POL,Extra Small,Polyester,,Green Pinstripe,18.75,0,0,0,0
1-W-GPS-LS-XS-SL-POL,1-W-GPS-LS-S-SL-POL,Small,Polyester,,Green Pinstripe,18.75,0,0,0,0
1-W-GPS-LS-XS-SL-POL,1-W-GPS-LS-M-SL-POL,Medium,Polyester,,Green Pinstripe,18.75,0,0,0,0
1-W-GPS-LS-XS-SL-POL,1-W-GPS-LS-L-SL-POL,Large,Polyester,,Green Pinstripe,18.75,0,0,0,0
1-W-GPS-LS-XS-SL-POL,1-W-GPS-LS-XL-SL-POL,Extra Large,Polyester,,Green Pinstripe,18.75,0,0,0,0
1-W-GPS-LS-XS-SL-POL,1-W-GPS-LS-2XL-SL-POL,2X Large,Polyester,,Green Pinstripe,18.75,0,0,0,0
1-W-GPS-LS-XS-SL-POL,1-W-GPS-LS-3XL-SL-POL,3X Large ,Polyester,,Green Pinstripe,18.75,0,0,0,0
1-W-GPS-LS-XS-RL-POL,1-W-GPS-LS-XS-RL-POL,Extra Small,Polyester,,Green Pinstripe,18.75,0,0,0,0
1-W-GPS-LS-XS-RL-POL,1-W-GPS-LS-S-RL-POL,Small,Polyester,,Green Pinstripe,18.75,0,0,0,0
1-W-GPS-LS-XS-RL-POL,1-W-GPS-LS-M-RL-POL,Medium,Polyester,,Green Pinstripe,18.75,0,0,0,0
1-W-GPS-LS-XS-RL-POL,1-W-GPS-LS-L-RL-POL,Large,Polyester,,Green Pinstripe,18.75,0,0,0,0
1-W-GPS-LS-XS-RL-POL,1-W-GPS-LS-XL-RL-POL,Extra Large,Polyester,,Green Pinstripe,18.75,0,0,0,0
1-W-GPS-LS-XS-RL-POL,1-W-GPS-LS-2XL-RL-POL,2X Large,Polyester,,Green Pinstripe,18.75,0,0,0,0
1-W-GPS-LS-XS-RL-POL,1-W-GPS-LS-3XL-RL-POL,3X Large ,Polyester,,Green Pinstripe,18.75,0,0,0,0
1-W-GPS-SS-XS-SL-POL,1-W-GPS-SS-XS-SL-POL,Extra Small,Polyester,,Green Pinstripe,17.45,0,0,0,0
1-W-GPS-SS-XS-SL-POL,1-W-GPS-SS-S-SL-POL,Small,Polyester,,Green Pinstripe,17.45,0,0,0,0
1-W-GPS-SS-XS-SL-POL,1-W-GPS-SS-M-SL-POL,Medium,Polyester,,Green Pinstripe,17.45,0,0,0,0
1-W-GPS-SS-XS-SL-POL,1-W-GPS-SS-L-SL-POL,Large,Polyester,,Green Pinstripe,17.45,0,0,0,0
1-W-GPS-SS-XS-SL-POL,1-W-GPS-SS-XL-SL-POL,Extra Large,Polyester,,Green Pinstripe,17.45,0,0,0,0
1-W-GPS-SS-XS-SL-POL,1-W-GPS-SS-2XL-SL-POL,2X Large,Polyester,,Green Pinstripe,17.45,0,0,0,0
1-W-GPS-SS-XS-SL-POL,1-W-GPS-SS-3XL-SL-POL,3X Large ,Polyester,,Green Pinstripe,17.45,0,0,0,0
1-W-GPS-SS-XS-RL-POL,1-W-GPS-SS-XS-RL-POL,Extra Small,Polyester,,Green Pinstripe,17.45,0,0,0,0
1-W-GPS-SS-XS-RL-POL,1-W-GPS-SS-S-RL-POL,Small,Polyester,,Green Pinstripe,17.45,0,0,0,0
1-W-GPS-SS-XS-RL-POL,1-W-GPS-SS-M-RL-POL,Medium,Polyester,,Green Pinstripe,17.45,0,0,0,0
1-W-GPS-SS-XS-RL-POL,1-W-GPS-SS-L-RL-POL,Large,Polyester,,Green Pinstripe,17.45,0,0,0,0
1-W-GPS-SS-XS-RL-POL,1-W-GPS-SS-XL-RL-POL,Extra Large,Polyester,,Green Pinstripe,17.45,0,0,0,0
1-W-GPS-SS-XS-RL-POL,1-W-GPS-SS-2XL-RL-POL,2X Large,Polyester,,Green Pinstripe,17.45,0,0,0,0
1-W-GPS-SS-XS-RL-POL,1-W-GPS-SS-3XL-RL-POL,3X Large ,Polyester,,Green Pinstripe,17.45,0,0,0,0
2-M-GPS-LS-XS-SL-POL,2-M-GPS-LS-S-SL-POL,Small,Polyester,,Green Pinstripe,18.75,0,0,0,0
2-M-GPS-LS-XS-SL-POL,2-M-GPS-LS-M-SL-POL,Medium,Polyester,,Green Pinstripe,18.75,0,0,0,0
2-M-GPS-LS-XS-SL-POL,2-M-GPS-LS-L-SL-POL,Large,Polyester,,Green Pinstripe,18.75,0,0,0,0
2-M-GPS-LS-XS-SL-POL,2-M-GPS-LS-XL-SL-POL,Extra Large,Polyester,,Green Pinstripe,18.75,0,0,0,0
2-M-GPS-LS-XS-SL-POL,2-M-GPS-LS-2XL-SL-POL,2X Large,Polyester,,Green Pinstripe,18.75,0,0,0,0
2-M-GPS-LS-XS-SL-POL,2-M-GPS-LS-3XL-SL-POL,3X Large ,Polyester,,Green Pinstripe,18.75,0,0,0,0
2-M-GPS-LS-XS-RL-POL,2-M-GPS-LS-S-RL-POL,Small,Polyester,,Green Pinstripe,18.75,0,0,0,0
2-M-GPS-LS-XS-RL-POL,2-M-GPS-LS-M-RL-POL,Medium,Polyester,,Green Pinstripe,18.75,0,0,0,0
2-M-GPS-LS-XS-RL-POL,2-M-GPS-LS-L-RL-POL,Large,Polyester,,Green Pinstripe,18.75,0,0,0,0
2-M-GPS-LS-XS-RL-POL,2-M-GPS-LS-XL-RL-POL,Extra Large,Polyester,,Green Pinstripe,18.75,0,0,0,0
2-M-GPS-LS-XS-RL-POL,2-M-GPS-LS-2XL-RL-POL,2X Large,Polyester,,Green Pinstripe,18.75,0,0,0,0
2-M-GPS-LS-XS-RL-POL,2-M-GPS-LS-3XL-RL-POL,3X Large ,Polyester,,Green Pinstripe,18.75,0,0,0,0
2-M-GPS-SS-XS-SL-POL,2-M-GPS-SS-S-SL-POL,Small,Polyester,,Green Pinstripe,17.45,0,0,0,0
2-M-GPS-SS-XS-SL-POL,2-M-GPS-SS-M-SL-POL,Medium,Polyester,,Green Pinstripe,17.45,0,0,0,0
2-M-GPS-SS-XS-SL-POL,2-M-GPS-SS-L-SL-POL,Large,Polyester,,Green Pinstripe,17.45,0,0,0,0
2-M-GPS-SS-XS-SL-POL,2-M-GPS-SS-XL-SL-POL,Extra Large,Polyester,,Green Pinstripe,17.45,0,0,0,0
2-M-GPS-SS-XS-SL-POL,2-M-GPS-SS-2XL-SL-POL,2X Large,Polyester,,Green Pinstripe,17.45,0,0,0,0
2-M-GPS-SS-XS-SL-POL,2-M-GPS-SS-3XL-SL-POL,3X Large ,Polyester,,Green Pinstripe,17.45,0,0,0,0
2-M-GPS-SS-XS-RL-POL,2-M-GPS-SS-S-RL-POL,Small,Polyester,,Green Pinstripe,17.45,0,0,0,0
2-M-GPS-SS-XS-RL-POL,2-M-GPS-SS-M-RL-POL,Medium,Polyester,,Green Pinstripe,17.45,0,0,0,0
2-M-GPS-SS-XS-RL-POL,2-M-GPS-SS-L-RL-POL,Large,Polyester,,Green Pinstripe,17.45,0,0,0,0
2-M-GPS-SS-XS-RL-POL,2-M-GPS-SS-XL-RL-POL,Extra Large,Polyester,,Green Pinstripe,17.45,0,0,0,0
2-M-GPS-SS-XS-RL-POL,2-M-GPS-SS-2XL-RL-POL,2X Large,Polyester,,Green Pinstripe,17.45,0,0,0,0
2-M-GPS-SS-XS-RL-POL,2-M-GPS-SS-3XL-RL-POL,3X Large ,Polyester,,Green Pinstripe,17.45,0,0,0,0
2-W-GPS-LS-XS-SL-POL,2-W-GPS-LS-XS-SL-POL,Extra Small,Polyester,,Green Pinstripe,18.75,0,0,0,0
2-W-GPS-LS-XS-SL-POL,2-W-GPS-LS-S-SL-POL,Small,Polyester,,Green Pinstripe,18.75,0,0,0,0
2-W-GPS-LS-XS-SL-POL,2-W-GPS-LS-M-SL-POL,Medium,Polyester,,Green Pinstripe,18.75,0,0,0,0
2-W-GPS-LS-XS-SL-POL,2-W-GPS-LS-L-SL-POL,Large,Polyester,,Green Pinstripe,18.75,0,0,0,0
2-W-GPS-LS-XS-SL-POL,2-W-GPS-LS-XL-SL-POL,Extra Large,Polyester,,Green Pinstripe,18.75,0,0,0,0
2-W-GPS-LS-XS-SL-POL,2-W-GPS-LS-2XL-SL-POL,2X Large,Polyester,,Green Pinstripe,18.75,0,0,0,0
2-W-GPS-LS-XS-SL-POL,2-W-GPS-LS-3XL-SL-POL,3X Large ,Polyester,,Green Pinstripe,18.75,0,0,0,0
2-W-GPS-LS-XS-RL-POL,2-W-GPS-LS-XS-RL-POL,Extra Small,Polyester,,Green Pinstripe,18.75,0,0,0,0
2-W-GPS-LS-XS-RL-POL,2-W-GPS-LS-S-RL-POL,Small,Polyester,,Green Pinstripe,18.75,0,0,0,0
2-W-GPS-LS-XS-RL-POL,2-W-GPS-LS-M-RL-POL,Medium,Polyester,,Green Pinstripe,18.75,0,0,0,0
2-W-GPS-LS-XS-RL-POL,2-W-GPS-LS-L-RL-POL,Large,Polyester,,Green Pinstripe,18.75,0,0,0,0
2-W-GPS-LS-XS-RL-POL,2-W-GPS-LS-XL-RL-POL,Extra Large,Polyester,,Green Pinstripe,18.75,0,0,0,0
2-W-GPS-LS-XS-RL-POL,2-W-GPS-LS-2XL-RL-POL,2X Large,Polyester,,Green Pinstripe,18.75,0,0,0,0
2-W-GPS-LS-XS-RL-POL,2-W-GPS-LS-3XL-RL-POL,3X Large ,Polyester,,Green Pinstripe,18.75,0,0,0,0
2-W-GPS-SS-XS-SL-POL,2-W-GPS-SS-XS-SL-POL,Extra Small,Polyester,,Green Pinstripe,17.45,0,0,0,0
2-W-GPS-SS-XS-SL-POL,2-W-GPS-SS-S-SL-POL,Small,Polyester,,Green Pinstripe,17.45,0,0,0,0
2-W-GPS-SS-XS-SL-POL,2-W-GPS-SS-M-SL-POL,Medium,Polyester,,Green Pinstripe,17.45,0,0,0,0
2-W-GPS-SS-XS-SL-POL,2-W-GPS-SS-L-SL-POL,Large,Polyester,,Green Pinstripe,17.45,0,0,0,0
2-W-GPS-SS-XS-SL-POL,2-W-GPS-SS-XL-SL-POL,Extra Large,Polyester,,Green Pinstripe,17.45,0,0,0,0
2-W-GPS-SS-XS-SL-POL,2-W-GPS-SS-2XL-SL-POL,2X Large,Polyester,,Green Pinstripe,17.45,0,0,0,0
2-W-GPS-SS-XS-SL-POL,2-W-GPS-SS-3XL-SL-POL,3X Large ,Polyester,,Green Pinstripe,17.45,0,0,0,0
2-W-GPS-SS-XS-RL-POL,2-W-GPS-SS-XS-RL-POL,Extra Small,Polyester,,Green Pinstripe,17.45,0,0,0,0
2-W-GPS-SS-XS-RL-POL,2-W-GPS-SS-S-RL-POL,Small,Polyester,,Green Pinstripe,17.45,0,0,0,0
2-W-GPS-SS-XS-RL-POL,2-W-GPS-SS-M-RL-POL,Medium,Polyester,,Green Pinstripe,17.45,0,0,0,0
2-W-GPS-SS-XS-RL-POL,2-W-GPS-SS-L-RL-POL,Large,Polyester,,Green Pinstripe,17.45,0,0,0,0
2-W-GPS-SS-XS-RL-POL,2-W-GPS-SS-XL-RL-POL,Extra Large,Polyester,,Green Pinstripe,17.45,0,0,0,0
2-W-GPS-SS-XS-RL-POL,2-W-GPS-SS-2XL-RL-POL,2X Large,Polyester,,Green Pinstripe,17.45,0,0,0,0
2-W-GPS-SS-XS-RL-POL,2-W-GPS-SS-3XL-RL-POL,3X Large ,Polyester,,Green Pinstripe,17.45,0,0,0,0
1-M-RPS-LS-XS-SL-POL,1-M-RPS-LS-S-SL-POL,Small,Polyester,,Red Pinstripe,18.75,0,0,0,0
1-M-RPS-LS-XS-SL-POL,1-M-RPS-LS-M-SL-POL,Medium,Polyester,,Red Pinstripe,18.75,0,0,0,0
1-M-RPS-LS-XS-SL-POL,1-M-RPS-LS-L-SL-POL,Large,Polyester,,Red Pinstripe,18.75,0,0,0,0
1-M-RPS-LS-XS-SL-POL,1-M-RPS-LS-XL-SL-POL,Extra Large,Polyester,,Red Pinstripe,18.75,0,0,0,0
1-M-RPS-LS-XS-SL-POL,1-M-RPS-LS-2XL-SL-POL,2X Large,Polyester,,Red Pinstripe,18.75,0,0,0,0
1-M-RPS-LS-XS-SL-POL,1-M-RPS-LS-3XL-SL-POL,3X Large ,Polyester,,Red Pinstripe,18.75,0,0,0,0
1-M-RPS-LS-XS-RL-POL,1-M-RPS-LS-S-RL-POL,Small,Polyester,,Red Pinstripe,18.75,0,0,0,0
1-M-RPS-LS-XS-RL-POL,1-M-RPS-LS-M-RL-POL,Medium,Polyester,,Red Pinstripe,18.75,0,0,0,0
1-M-RPS-LS-XS-RL-POL,1-M-RPS-LS-L-RL-POL,Large,Polyester,,Red Pinstripe,18.75,0,0,0,0
1-M-RPS-LS-XS-RL-POL,1-M-RPS-LS-XL-RL-POL,Extra Large,Polyester,,Red Pinstripe,18.75,0,0,0,0
1-M-RPS-LS-XS-RL-POL,1-M-RPS-LS-2XL-RL-POL,2X Large,Polyester,,Red Pinstripe,18.75,0,0,0,0
1-M-RPS-LS-XS-RL-POL,1-M-RPS-LS-3XL-RL-POL,3X Large ,Polyester,,Red Pinstripe,18.75,0,0,0,0
1-M-RPS-SS-XS-SL-POL,1-M-RPS-SS-S-SL-POL,Small,Polyester,,Red Pinstripe,17.45,0,0,0,0
1-M-RPS-SS-XS-SL-POL,1-M-RPS-SS-M-SL-POL,Medium,Polyester,,Red Pinstripe,17.45,0,0,0,0
1-M-RPS-SS-XS-SL-POL,1-M-RPS-SS-L-SL-POL,Large,Polyester,,Red Pinstripe,17.45,0,0,0,0
1-M-RPS-SS-XS-SL-POL,1-M-RPS-SS-XL-SL-POL,Extra Large,Polyester,,Red Pinstripe,17.45,0,0,0,0
1-M-RPS-SS-XS-SL-POL,1-M-RPS-SS-2XL-SL-POL,2X Large,Polyester,,Red Pinstripe,17.45,0,0,0,0
1-M-RPS-SS-XS-SL-POL,1-M-RPS-SS-3XL-SL-POL,3X Large ,Polyester,,Red Pinstripe,17.45,0,0,0,0
1-M-RPS-SS-XS-RL-POL,1-M-RPS-SS-S-RL-POL,Small,Polyester,,Red Pinstripe,17.45,0,0,0,0
1-M-RPS-SS-XS-RL-POL,1-M-RPS-SS-M-RL-POL,Medium,Polyester,,Red Pinstripe,17.45,0,0,0,0
1-M-RPS-SS-XS-RL-POL,1-M-RPS-SS-L-RL-POL,Large,Polyester,,Red Pinstripe,17.45,0,0,0,0
1-M-RPS-SS-XS-RL-POL,1-M-RPS-SS-XL-RL-POL,Extra Large,Polyester,,Red Pinstripe,17.45,0,0,0,0
1-M-RPS-SS-XS-RL-POL,1-M-RPS-SS-2XL-RL-POL,2X Large,Polyester,,Red Pinstripe,17.45,0,0,0,0
1-M-RPS-SS-XS-RL-POL,1-M-RPS-SS-3XL-RL-POL,3X Large ,Polyester,,Red Pinstripe,17.45,0,0,0,0
1-W-RPS-LS-XS-SL-POL,1-W-RPS-LS-XS-SL-POL,Extra Small,Polyester,,Red Pinstripe,18.75,0,0,0,0
1-W-RPS-LS-XS-SL-POL,1-W-RPS-LS-S-SL-POL,Small,Polyester,,Red Pinstripe,18.75,0,0,0,0
1-W-RPS-LS-XS-SL-POL,1-W-RPS-LS-M-SL-POL,Medium,Polyester,,Red Pinstripe,18.75,0,0,0,0
1-W-RPS-LS-XS-SL-POL,1-W-RPS-LS-L-SL-POL,Large,Polyester,,Red Pinstripe,18.75,0,0,0,0
1-W-RPS-LS-XS-SL-POL,1-W-RPS-LS-XL-SL-POL,Extra Large,Polyester,,Red Pinstripe,18.75,0,0,0,0
1-W-RPS-LS-XS-SL-POL,1-W-RPS-LS-2XL-SL-POL,2X Large,Polyester,,Red Pinstripe,18.75,0,0,0,0
1-W-RPS-LS-XS-SL-POL,1-W-RPS-LS-3XL-SL-POL,3X Large ,Polyester,,Red Pinstripe,18.75,0,0,0,0
1-W-RPS-LS-XS-RL-POL,1-W-RPS-LS-XS-RL-POL,Extra Small,Polyester,,Red Pinstripe,18.75,0,0,0,0
1-W-RPS-LS-XS-RL-POL,1-W-RPS-LS-S-RL-POL,Small,Polyester,,Red Pinstripe,18.75,0,0,0,0
1-W-RPS-LS-XS-RL-POL,1-W-RPS-LS-M-RL-POL,Medium,Polyester,,Red Pinstripe,18.75,0,0,0,0
1-W-RPS-LS-XS-RL-POL,1-W-RPS-LS-L-RL-POL,Large,Polyester,,Red Pinstripe,18.75,0,0,0,0
1-W-RPS-LS-XS-RL-POL,1-W-RPS-LS-XL-RL-POL,Extra Large,Polyester,,Red Pinstripe,18.75,0,0,0,0
1-W-RPS-LS-XS-RL-POL,1-W-RPS-LS-2XL-RL-POL,2X Large,Polyester,,Red Pinstripe,18.75,0,0,0,0
1-W-RPS-LS-XS-RL-POL,1-W-RPS-LS-3XL-RL-POL,3X Large ,Polyester,,Red Pinstripe,18.75,0,0,0,0
1-W-RPS-SS-XS-SL-POL,1-W-RPS-SS-XS-SL-POL,Extra Small,Polyester,,Red Pinstripe,17.45,0,0,0,0
1-W-RPS-SS-XS-SL-POL,1-W-RPS-SS-S-SL-POL,Small,Polyester,,Red Pinstripe,17.45,0,0,0,0
1-W-RPS-SS-XS-SL-POL,1-W-RPS-SS-M-SL-POL,Medium,Polyester,,Red Pinstripe,17.45,0,0,0,0
1-W-RPS-SS-XS-SL-POL,1-W-RPS-SS-L-SL-POL,Large,Polyester,,Red Pinstripe,17.45,0,0,0,0
1-W-RPS-SS-XS-SL-POL,1-W-RPS-SS-XL-SL-POL,Extra Large,Polyester,,Red Pinstripe,17.45,0,0,0,0
1-W-RPS-SS-XS-SL-POL,1-W-RPS-SS-2XL-SL-POL,2X Large,Polyester,,Red Pinstripe,17.45,0,0,0,0
1-W-RPS-SS-XS-SL-POL,1-W-RPS-SS-3XL-SL-POL,3X Large ,Polyester,,Red Pinstripe,17.45,0,0,0,0
1-W-RPS-SS-XS-RL-POL,1-W-RPS-SS-XS-RL-POL,Extra Small,Polyester,,Red Pinstripe,17.45,0,0,0,0
1-W-RPS-SS-XS-RL-POL,1-W-RPS-SS-S-RL-POL,Small,Polyester,,Red Pinstripe,17.45,0,0,0,0
1-W-RPS-SS-XS-RL-POL,1-W-RPS-SS-M-RL-POL,Medium,Polyester,,Red Pinstripe,17.45,0,0,0,0
1-W-RPS-SS-XS-RL-POL,1-W-RPS-SS-L-RL-POL,Large,Polyester,,Red Pinstripe,17.45,0,0,0,0
1-W-RPS-SS-XS-RL-POL,1-W-RPS-SS-XL-RL-POL,Extra Large,Polyester,,Red Pinstripe,17.45,0,0,0,0
1-W-RPS-SS-XS-RL-POL,1-W-RPS-SS-2XL-RL-POL,2X Large,Polyester,,Red Pinstripe,17.45,0,0,0,0
1-W-RPS-SS-XS-RL-POL,1-W-RPS-SS-3XL-RL-POL,3X Large ,Polyester,,Red Pinstripe,17.45,0,0,0,0
2-M-RPS-LS-XS-SL-POL,2-M-RPS-LS-S-SL-POL,Small,Polyester,,Red Pinstripe,18.75,0,0,0,0
2-M-RPS-LS-XS-SL-POL,2-M-RPS-LS-M-SL-POL,Medium,Polyester,,Red Pinstripe,18.75,0,0,0,0
2-M-RPS-LS-XS-SL-POL,2-M-RPS-LS-L-SL-POL,Large,Polyester,,Red Pinstripe,18.75,0,0,0,0
2-M-RPS-LS-XS-SL-POL,2-M-RPS-LS-XL-SL-POL,Extra Large,Polyester,,Red Pinstripe,18.75,0,0,0,0
2-M-RPS-LS-XS-SL-POL,2-M-RPS-LS-2XL-SL-POL,2X Large,Polyester,,Red Pinstripe,18.75,0,0,0,0
2-M-RPS-LS-XS-SL-POL,2-M-RPS-LS-3XL-SL-POL,3X Large ,Polyester,,Red Pinstripe,18.75,0,0,0,0
2-M-RPS-LS-XS-RL-POL,2-M-RPS-LS-S-RL-POL,Small,Polyester,,Red Pinstripe,18.75,0,0,0,0
2-M-RPS-LS-XS-RL-POL,2-M-RPS-LS-M-RL-POL,Medium,Polyester,,Red Pinstripe,18.75,0,0,0,0
2-M-RPS-LS-XS-RL-POL,2-M-RPS-LS-L-RL-POL,Large,Polyester,,Red Pinstripe,18.75,0,0,0,0
2-M-RPS-LS-XS-RL-POL,2-M-RPS-LS-XL-RL-POL,Extra Large,Polyester,,Red Pinstripe,18.75,0,0,0,0
2-M-RPS-LS-XS-RL-POL,2-M-RPS-LS-2XL-RL-POL,2X Large,Polyester,,Red Pinstripe,18.75,0,0,0,0
2-M-RPS-LS-XS-RL-POL,2-M-RPS-LS-3XL-RL-POL,3X Large ,Polyester,,Red Pinstripe,18.75,0,0,0,0
2-M-RPS-SS-XS-SL-POL,2-M-RPS-SS-S-SL-POL,Small,Polyester,,Red Pinstripe,17.45,0,0,0,0
2-M-RPS-SS-XS-SL-POL,2-M-RPS-SS-M-SL-POL,Medium,Polyester,,Red Pinstripe,17.45,0,0,0,0
2-M-RPS-SS-XS-SL-POL,2-M-RPS-SS-L-SL-POL,Large,Polyester,,Red Pinstripe,17.45,0,0,0,0
2-M-RPS-SS-XS-SL-POL,2-M-RPS-SS-XL-SL-POL,Extra Large,Polyester,,Red Pinstripe,17.45,0,0,0,0
2-M-RPS-SS-XS-SL-POL,2-M-RPS-SS-2XL-SL-POL,2X Large,Polyester,,Red Pinstripe,17.45,0,0,0,0
2-M-RPS-SS-XS-SL-POL,2-M-RPS-SS-3XL-SL-POL,3X Large ,Polyester,,Red Pinstripe,17.45,0,0,0,0
2-M-RPS-SS-XS-RL-POL,2-M-RPS-SS-S-RL-POL,Small,Polyester,,Red Pinstripe,17.45,0,0,0,0
2-M-RPS-SS-XS-RL-POL,2-M-RPS-SS-M-RL-POL,Medium,Polyester,,Red Pinstripe,17.45,0,0,0,0
2-M-RPS-SS-XS-RL-POL,2-M-RPS-SS-L-RL-POL,Large,Polyester,,Red Pinstripe,17.45,0,0,0,0
2-M-RPS-SS-XS-RL-POL,2-M-RPS-SS-XL-RL-POL,Extra Large,Polyester,,Red Pinstripe,17.45,0,0,0,0
2-M-RPS-SS-XS-RL-POL,2-M-RPS-SS-2XL-RL-POL,2X Large,Polyester,,Red Pinstripe,17.45,0,0,0,0
2-M-RPS-SS-XS-RL-POL,2-M-RPS-SS-3XL-RL-POL,3X Large ,Polyester,,Red Pinstripe,17.45,0,0,0,0
2-W-RPS-LS-XS-SL-POL,2-W-RPS-LS-XS-SL-POL,Extra Small,Polyester,,Red Pinstripe,18.75,0,0,0,0
2-W-RPS-LS-XS-SL-POL,2-W-RPS-LS-S-SL-POL,Small,Polyester,,Red Pinstripe,18.75,0,0,0,0
2-W-RPS-LS-XS-SL-POL,2-W-RPS-LS-M-SL-POL,Medium,Polyester,,Red Pinstripe,18.75,0,0,0,0
2-W-RPS-LS-XS-SL-POL,2-W-RPS-LS-L-SL-POL,Large,Polyester,,Red Pinstripe,18.75,0,0,0,0
2-W-RPS-LS-XS-SL-POL,2-W-RPS-LS-XL-SL-POL,Extra Large,Polyester,,Red Pinstripe,18.75,0,0,0,0
2-W-RPS-LS-XS-SL-POL,2-W-RPS-LS-2XL-SL-POL,2X Large,Polyester,,Red Pinstripe,18.75,0,0,0,0
2-W-RPS-LS-XS-SL-POL,2-W-RPS-LS-3XL-SL-POL,3X Large ,Polyester,,Red Pinstripe,18.75,0,0,0,0
2-W-RPS-LS-XS-RL-POL,2-W-RPS-LS-XS-RL-POL,Extra Small,Polyester,,Red Pinstripe,18.75,0,0,0,0
2-W-RPS-LS-XS-RL-POL,2-W-RPS-LS-S-RL-POL,Small,Polyester,,Red Pinstripe,18.75,0,0,0,0
2-W-RPS-LS-XS-RL-POL,2-W-RPS-LS-M-RL-POL,Medium,Polyester,,Red Pinstripe,18.75,0,0,0,0
2-W-RPS-LS-XS-RL-POL,2-W-RPS-LS-L-RL-POL,Large,Polyester,,Red Pinstripe,18.75,0,0,0,0
2-W-RPS-LS-XS-RL-POL,2-W-RPS-LS-XL-RL-POL,Extra Large,Polyester,,Red Pinstripe,18.75,0,0,0,0
2-W-RPS-LS-XS-RL-POL,2-W-RPS-LS-2XL-RL-POL,2X Large,Polyester,,Red Pinstripe,18.75,0,0,0,0
2-W-RPS-LS-XS-RL-POL,2-W-RPS-LS-3XL-RL-POL,3X Large ,Polyester,,Red Pinstripe,18.75,0,0,0,0
2-W-RPS-SS-XS-SL-POL,2-W-RPS-SS-XS-SL-POL,Extra Small,Polyester,,Red Pinstripe,17.45,0,0,0,0
2-W-RPS-SS-XS-SL-POL,2-W-RPS-SS-S-SL-POL,Small,Polyester,,Red Pinstripe,17.45,0,0,0,0
2-W-RPS-SS-XS-SL-POL,2-W-RPS-SS-M-SL-POL,Medium,Polyester,,Red Pinstripe,17.45,0,0,0,0
2-W-RPS-SS-XS-SL-POL,2-W-RPS-SS-L-SL-POL,Large,Polyester,,Red Pinstripe,17.45,0,0,0,0
2-W-RPS-SS-XS-SL-POL,2-W-RPS-SS-XL-SL-POL,Extra Large,Polyester,,Red Pinstripe,17.45,0,0,0,0
2-W-RPS-SS-XS-SL-POL,2-W-RPS-SS-2XL-SL-POL,2X Large,Polyester,,Red Pinstripe,17.45,0,0,0,0
2-W-RPS-SS-XS-SL-POL,2-W-RPS-SS-3XL-SL-POL,3X Large ,Polyester,,Red Pinstripe,17.45,0,0,0,0
2-W-RPS-SS-XS-RL-POL,2-W-RPS-SS-XS-RL-POL,Extra Small,Polyester,,Red Pinstripe,17.45,0,0,0,0
2-W-RPS-SS-XS-RL-POL,2-W-RPS-SS-S-RL-POL,Small,Polyester,,Red Pinstripe,17.45,0,0,0,0
2-W-RPS-SS-XS-RL-POL,2-W-RPS-SS-M-RL-POL,Medium,Polyester,,Red Pinstripe,17.45,0,0,0,0
2-W-RPS-SS-XS-RL-POL,2-W-RPS-SS-L-RL-POL,Large,Polyester,,Red Pinstripe,17.45,0,0,0,0
2-W-RPS-SS-XS-RL-POL,2-W-RPS-SS-XL-RL-POL,Extra Large,Polyester,,Red Pinstripe,17.45,0,0,0,0
2-W-RPS-SS-XS-RL-POL,2-W-RPS-SS-2XL-RL-POL,2X Large,Polyester,,Red Pinstripe,17.45,0,0,0,0
2-W-RPS-SS-XS-RL-POL,2-W-RPS-SS-3XL-RL-POL,3X Large ,Polyester,,Red Pinstripe,17.45,0,0,0,0
1-M-BTR-LS-XS-SL-POL,1-M-BTR-LS-S-SL-POL,Small,Polyester,,Blue Triangle,18.75,0,0,0,0
1-M-BTR-LS-XS-SL-POL,1-M-BTR-LS-M-SL-POL,Medium,Polyester,,Blue Triangle,18.75,0,0,0,0
1-M-BTR-LS-XS-SL-POL,1-M-BTR-LS-L-SL-POL,Large,Polyester,,Blue Triangle,18.75,0,0,0,0
1-M-BTR-LS-XS-SL-POL,1-M-BTR-LS-XL-SL-POL,Extra Large,Polyester,,Blue Triangle,18.75,0,0,0,0
1-M-BTR-LS-XS-SL-POL,1-M-BTR-LS-2XL-SL-POL,2X Large,Polyester,,Blue Triangle,18.75,0,0,0,0
1-M-BTR-LS-XS-SL-POL,1-M-BTR-LS-3XL-SL-POL,3X Large ,Polyester,,Blue Triangle,18.75,0,0,0,0
1-M-BTR-LS-XS-RL-POL,1-M-BTR-LS-S-RL-POL,Small,Polyester,,Blue Triangle,18.75,0,0,0,0
1-M-BTR-LS-XS-RL-POL,1-M-BTR-LS-M-RL-POL,Medium,Polyester,,Blue Triangle,18.75,0,0,0,0
1-M-BTR-LS-XS-RL-POL,1-M-BTR-LS-L-RL-POL,Large,Polyester,,Blue Triangle,18.75,0,0,0,0
1-M-BTR-LS-XS-RL-POL,1-M-BTR-LS-XL-RL-POL,Extra Large,Polyester,,Blue Triangle,18.75,0,0,0,0
1-M-BTR-LS-XS-RL-POL,1-M-BTR-LS-2XL-RL-POL,2X Large,Polyester,,Blue Triangle,18.75,0,0,0,0
1-M-BTR-LS-XS-RL-POL,1-M-BTR-LS-3XL-RL-POL,3X Large ,Polyester,,Blue Triangle,18.75,0,0,0,0
1-M-BTR-SS-XS-SL-POL,1-M-BTR-SS-S-SL-POL,Small,Polyester,,Blue Triangle,17.45,0,0,0,0
1-M-BTR-SS-XS-SL-POL,1-M-BTR-SS-M-SL-POL,Medium,Polyester,,Blue Triangle,17.45,0,0,0,0
1-M-BTR-SS-XS-SL-POL,1-M-BTR-SS-L-SL-POL,Large,Polyester,,Blue Triangle,17.45,0,0,0,0
1-M-BTR-SS-XS-SL-POL,1-M-BTR-SS-XL-SL-POL,Extra Large,Polyester,,Blue Triangle,17.45,0,0,0,0
1-M-BTR-SS-XS-SL-POL,1-M-BTR-SS-2XL-SL-POL,2X Large,Polyester,,Blue Triangle,17.45,0,0,0,0
1-M-BTR-SS-XS-SL-POL,1-M-BTR-SS-3XL-SL-POL,3X Large ,Polyester,,Blue Triangle,17.45,0,0,0,0
1-M-BTR-SS-XS-RL-POL,1-M-BTR-SS-S-RL-POL,Small,Polyester,,Blue Triangle,17.45,0,0,0,0
1-M-BTR-SS-XS-RL-POL,1-M-BTR-SS-M-RL-POL,Medium,Polyester,,Blue Triangle,17.45,0,0,0,0
1-M-BTR-SS-XS-RL-POL,1-M-BTR-SS-L-RL-POL,Large,Polyester,,Blue Triangle,17.45,0,0,0,0
1-M-BTR-SS-XS-RL-POL,1-M-BTR-SS-XL-RL-POL,Extra Large,Polyester,,Blue Triangle,17.45,0,0,0,0
1-M-BTR-SS-XS-RL-POL,1-M-BTR-SS-2XL-RL-POL,2X Large,Polyester,,Blue Triangle,17.45,0,0,0,0
1-M-BTR-SS-XS-RL-POL,1-M-BTR-SS-3XL-RL-POL,3X Large ,Polyester,,Blue Triangle,17.45,0,0,0,0
1-W-BTR-LS-XS-SL-POL,1-W-BTR-LS-XS-SL-POL,Extra Small,Polyester,,Blue Triangle,18.75,0,0,0,0
1-W-BTR-LS-XS-SL-POL,1-W-BTR-LS-S-SL-POL,Small,Polyester,,Blue Triangle,18.75,0,0,0,0
1-W-BTR-LS-XS-SL-POL,1-W-BTR-LS-M-SL-POL,Medium,Polyester,,Blue Triangle,18.75,0,0,0,0
1-W-BTR-LS-XS-SL-POL,1-W-BTR-LS-L-SL-POL,Large,Polyester,,Blue Triangle,18.75,0,0,0,0
1-W-BTR-LS-XS-SL-POL,1-W-BTR-LS-XL-SL-POL,Extra Large,Polyester,,Blue Triangle,18.75,0,0,0,0
1-W-BTR-LS-XS-SL-POL,1-W-BTR-LS-2XL-SL-POL,2X Large,Polyester,,Blue Triangle,18.75,0,0,0,0
1-W-BTR-LS-XS-SL-POL,1-W-BTR-LS-3XL-SL-POL,3X Large ,Polyester,,Blue Triangle,18.75,0,0,0,0
1-W-BTR-LS-XS-RL-POL,1-W-BTR-LS-XS-RL-POL,Extra Small,Polyester,,Blue Triangle,18.75,0,0,0,0
1-W-BTR-LS-XS-RL-POL,1-W-BTR-LS-S-RL-POL,Small,Polyester,,Blue Triangle,18.75,0,0,0,0
1-W-BTR-LS-XS-RL-POL,1-W-BTR-LS-M-RL-POL,Medium,Polyester,,Blue Triangle,18.75,0,0,0,0
1-W-BTR-LS-XS-RL-POL,1-W-BTR-LS-L-RL-POL,Large,Polyester,,Blue Triangle,18.75,0,0,0,0
1-W-BTR-LS-XS-RL-POL,1-W-BTR-LS-XL-RL-POL,Extra Large,Polyester,,Blue Triangle,18.75,0,0,0,0
1-W-BTR-LS-XS-RL-POL,1-W-BTR-LS-2XL-RL-POL,2X Large,Polyester,,Blue Triangle,18.75,0,0,0,0
1-W-BTR-LS-XS-RL-POL,1-W-BTR-LS-3XL-RL-POL,3X Large ,Polyester,,Blue Triangle,18.75,0,0,0,0
1-W-BTR-SS-XS-SL-POL,1-W-BTR-SS-XS-SL-POL,Extra Small,Polyester,,Blue Triangle,17.45,0,0,0,0
1-W-BTR-SS-XS-SL-POL,1-W-BTR-SS-S-SL-POL,Small,Polyester,,Blue Triangle,17.45,0,0,0,0
1-W-BTR-SS-XS-SL-POL,1-W-BTR-SS-M-SL-POL,Medium,Polyester,,Blue Triangle,17.45,0,0,0,0
1-W-BTR-SS-XS-SL-POL,1-W-BTR-SS-L-SL-POL,Large,Polyester,,Blue Triangle,17.45,0,0,0,0
1-W-BTR-SS-XS-SL-POL,1-W-BTR-SS-XL-SL-POL,Extra Large,Polyester,,Blue Triangle,17.45,0,0,0,0
1-W-BTR-SS-XS-SL-POL,1-W-BTR-SS-2XL-SL-POL,2X Large,Polyester,,Blue Triangle,17.45,0,0,0,0
1-W-BTR-SS-XS-SL-POL,1-W-BTR-SS-3XL-SL-POL,3X Large ,Polyester,,Blue Triangle,17.45,0,0,0,0
1-W-BTR-SS-XS-RL-POL,1-W-BTR-SS-XS-RL-POL,Extra Small,Polyester,,Blue Triangle,17.45,0,0,0,0
1-W-BTR-SS-XS-RL-POL,1-W-BTR-SS-S-RL-POL,Small,Polyester,,Blue Triangle,17.45,0,0,0,0
1-W-BTR-SS-XS-RL-POL,1-W-BTR-SS-M-RL-POL,Medium,Polyester,,Blue Triangle,17.45,0,0,0,0
1-W-BTR-SS-XS-RL-POL,1-W-BTR-SS-L-RL-POL,Large,Polyester,,Blue Triangle,17.45,0,0,0,0
1-W-BTR-SS-XS-RL-POL,1-W-BTR-SS-XL-RL-POL,Extra Large,Polyester,,Blue Triangle,17.45,0,0,0,0
1-W-BTR-SS-XS-RL-POL,1-W-BTR-SS-2XL-RL-POL,2X Large,Polyester,,Blue Triangle,17.45,0,0,0,0
1-W-BTR-SS-XS-RL-POL,1-W-BTR-SS-3XL-RL-POL,3X Large ,Polyester,,Blue Triangle,17.45,0,0,0,0
2-M-BTR-LS-XS-SL-POL,2-M-BTR-LS-S-SL-POL,Small,Polyester,,Blue Triangle,18.75,0,0,0,0
2-M-BTR-LS-XS-SL-POL,2-M-BTR-LS-M-SL-POL,Medium,Polyester,,Blue Triangle,18.75,0,0,0,0
2-M-BTR-LS-XS-SL-POL,2-M-BTR-LS-L-SL-POL,Large,Polyester,,Blue Triangle,18.75,0,0,0,0
2-M-BTR-LS-XS-SL-POL,2-M-BTR-LS-XL-SL-POL,Extra Large,Polyester,,Blue Triangle,18.75,0,0,0,0
2-M-BTR-LS-XS-SL-POL,2-M-BTR-LS-2XL-SL-POL,2X Large,Polyester,,Blue Triangle,18.75,0,0,0,0
2-M-BTR-LS-XS-SL-POL,2-M-BTR-LS-3XL-SL-POL,3X Large ,Polyester,,Blue Triangle,18.75,0,0,0,0
2-M-BTR-LS-XS-RL-POL,2-M-BTR-LS-S-RL-POL,Small,Polyester,,Blue Triangle,18.75,0,0,0,0
2-M-BTR-LS-XS-RL-POL,2-M-BTR-LS-M-RL-POL,Medium,Polyester,,Blue Triangle,18.75,0,0,0,0
2-M-BTR-LS-XS-RL-POL,2-M-BTR-LS-L-RL-POL,Large,Polyester,,Blue Triangle,18.75,0,0,0,0
2-M-BTR-LS-XS-RL-POL,2-M-BTR-LS-XL-RL-POL,Extra Large,Polyester,,Blue Triangle,18.75,0,0,0,0
2-M-BTR-LS-XS-RL-POL,2-M-BTR-LS-2XL-RL-POL,2X Large,Polyester,,Blue Triangle,18.75,0,0,0,0
2-M-BTR-LS-XS-RL-POL,2-M-BTR-LS-3XL-RL-POL,3X Large ,Polyester,,Blue Triangle,18.75,0,0,0,0
2-M-BTR-SS-XS-SL-POL,2-M-BTR-SS-S-SL-POL,Small,Polyester,,Blue Triangle,17.45,0,0,0,0
2-M-BTR-SS-XS-SL-POL,2-M-BTR-SS-M-SL-POL,Medium,Polyester,,Blue Triangle,17.45,0,0,0,0
2-M-BTR-SS-XS-SL-POL,2-M-BTR-SS-L-SL-POL,Large,Polyester,,Blue Triangle,17.45,0,0,0,0
2-M-BTR-SS-XS-SL-POL,2-M-BTR-SS-XL-SL-POL,Extra Large,Polyester,,Blue Triangle,17.45,0,0,0,0
2-M-BTR-SS-XS-SL-POL,2-M-BTR-SS-2XL-SL-POL,2X Large,Polyester,,Blue Triangle,17.45,0,0,0,0
2-M-BTR-SS-XS-SL-POL,2-M-BTR-SS-3XL-SL-POL,3X Large ,Polyester,,Blue Triangle,17.45,0,0,0,0
2-M-BTR-SS-XS-RL-POL,2-M-BTR-SS-S-RL-POL,Small,Polyester,,Blue Triangle,17.45,0,0,0,0
2-M-BTR-SS-XS-RL-POL,2-M-BTR-SS-M-RL-POL,Medium,Polyester,,Blue Triangle,17.45,0,0,0,0
2-M-BTR-SS-XS-RL-POL,2-M-BTR-SS-L-RL-POL,Large,Polyester,,Blue Triangle,17.45,0,0,0,0
2-M-BTR-SS-XS-RL-POL,2-M-BTR-SS-XL-RL-POL,Extra Large,Polyester,,Blue Triangle,17.45,0,0,0,0
2-M-BTR-SS-XS-RL-POL,2-M-BTR-SS-2XL-RL-POL,2X Large,Polyester,,Blue Triangle,17.45,0,0,0,0
2-M-BTR-SS-XS-RL-POL,2-M-BTR-SS-3XL-RL-POL,3X Large ,Polyester,,Blue Triangle,17.45,0,0,0,0
2-W-BTR-LS-XS-SL-POL,2-W-BTR-LS-XS-SL-POL,Extra Small,Polyester,,Blue Triangle,18.75,0,0,0,0
2-W-BTR-LS-XS-SL-POL,2-W-BTR-LS-S-SL-POL,Small,Polyester,,Blue Triangle,18.75,0,0,0,0
2-W-BTR-LS-XS-SL-POL,2-W-BTR-LS-M-SL-POL,Medium,Polyester,,Blue Triangle,18.75,0,0,0,0
2-W-BTR-LS-XS-SL-POL,2-W-BTR-LS-L-SL-POL,Large,Polyester,,Blue Triangle,18.75,0,0,0,0
2-W-BTR-LS-XS-SL-POL,2-W-BTR-LS-XL-SL-POL,Extra Large,Polyester,,Blue Triangle,18.75,0,0,0,0
2-W-BTR-LS-XS-SL-POL,2-W-BTR-LS-2XL-SL-POL,2X Large,Polyester,,Blue Triangle,18.75,0,0,0,0
2-W-BTR-LS-XS-SL-POL,2-W-BTR-LS-3XL-SL-POL,3X Large ,Polyester,,Blue Triangle,18.75,0,0,0,0
2-W-BTR-LS-XS-RL-POL,2-W-BTR-LS-XS-RL-POL,Extra Small,Polyester,,Blue Triangle,18.75,0,0,0,0
2-W-BTR-LS-XS-RL-POL,2-W-BTR-LS-S-RL-POL,Small,Polyester,,Blue Triangle,18.75,0,0,0,0
2-W-BTR-LS-XS-RL-POL,2-W-BTR-LS-M-RL-POL,Medium,Polyester,,Blue Triangle,18.75,0,0,0,0
2-W-BTR-LS-XS-RL-POL,2-W-BTR-LS-L-RL-POL,Large,Polyester,,Blue Triangle,18.75,0,0,0,0
2-W-BTR-LS-XS-RL-POL,2-W-BTR-LS-XL-RL-POL,Extra Large,Polyester,,Blue Triangle,18.75,0,0,0,0
2-W-BTR-LS-XS-RL-POL,2-W-BTR-LS-2XL-RL-POL,2X Large,Polyester,,Blue Triangle,18.75,0,0,0,0
2-W-BTR-LS-XS-RL-POL,2-W-BTR-LS-3XL-RL-POL,3X Large ,Polyester,,Blue Triangle,18.75,0,0,0,0
2-W-BTR-SS-XS-SL-POL,2-W-BTR-SS-XS-SL-POL,Extra Small,Polyester,,Blue Triangle,17.45,0,0,0,0
2-W-BTR-SS-XS-SL-POL,2-W-BTR-SS-S-SL-POL,Small,Polyester,,Blue Triangle,17.45,0,0,0,0
2-W-BTR-SS-XS-SL-POL,2-W-BTR-SS-M-SL-POL,Medium,Polyester,,Blue Triangle,17.45,0,0,0,0
2-W-BTR-SS-XS-SL-POL,2-W-BTR-SS-L-SL-POL,Large,Polyester,,Blue Triangle,17.45,0,0,0,0
2-W-BTR-SS-XS-SL-POL,2-W-BTR-SS-XL-SL-POL,Extra Large,Polyester,,Blue Triangle,17.45,0,0,0,0
2-W-BTR-SS-XS-SL-POL,2-W-BTR-SS-2XL-SL-POL,2X Large,Polyester,,Blue Triangle,17.45,0,0,0,0
2-W-BTR-SS-XS-SL-POL,2-W-BTR-SS-3XL-SL-POL,3X Large ,Polyester,,Blue Triangle,17.45,0,0,0,0
2-W-BTR-SS-XS-RL-POL,2-W-BTR-SS-XS-RL-POL,Extra Small,Polyester,,Blue Triangle,17.45,0,0,0,0
2-W-BTR-SS-XS-RL-POL,2-W-BTR-SS-S-RL-POL,Small,Polyester,,Blue Triangle,17.45,0,0,0,0
2-W-BTR-SS-XS-RL-POL,2-W-BTR-SS-M-RL-POL,Medium,Polyester,,Blue Triangle,17.45,0,0,0,0
2-W-BTR-SS-XS-RL-POL,2-W-BTR-SS-L-RL-POL,Large,Polyester,,Blue Triangle,17.45,0,0,0,0
2-W-BTR-SS-XS-RL-POL,2-W-BTR-SS-XL-RL-POL,Extra Large,Polyester,,Blue Triangle,17.45,0,0,0,0
2-W-BTR-SS-XS-RL-POL,2-W-BTR-SS-2XL-RL-POL,2X Large,Polyester,,Blue Triangle,17.45,0,0,0,0
2-W-BTR-SS-XS-RL-POL,2-W-BTR-SS-3XL-RL-POL,3X Large ,Polyester,,Blue Triangle,17.45,0,0,0,0
1-M-GTR-LS-XS-SL-POL,1-M-GTR-LS-S-SL-POL,Small,Polyester,,Green Triangle,18.75,0,0,0,0
1-M-GTR-LS-XS-SL-POL,1-M-GTR-LS-M-SL-POL,Medium,Polyester,,Green Triangle,18.75,0,0,0,0
1-M-GTR-LS-XS-SL-POL,1-M-GTR-LS-L-SL-POL,Large,Polyester,,Green Triangle,18.75,0,0,0,0
1-M-GTR-LS-XS-SL-POL,1-M-GTR-LS-XL-SL-POL,Extra Large,Polyester,,Green Triangle,18.75,0,0,0,0
1-M-GTR-LS-XS-SL-POL,1-M-GTR-LS-2XL-SL-POL,2X Large,Polyester,,Green Triangle,18.75,0,0,0,0
1-M-GTR-LS-XS-SL-POL,1-M-GTR-LS-3XL-SL-POL,3X Large ,Polyester,,Green Triangle,18.75,0,0,0,0
1-M-GTR-LS-XS-RL-POL,1-M-GTR-LS-S-RL-POL,Small,Polyester,,Green Triangle,18.75,0,0,0,0
1-M-GTR-LS-XS-RL-POL,1-M-GTR-LS-M-RL-POL,Medium,Polyester,,Green Triangle,18.75,0,0,0,0
1-M-GTR-LS-XS-RL-POL,1-M-GTR-LS-L-RL-POL,Large,Polyester,,Green Triangle,18.75,0,0,0,0
1-M-GTR-LS-XS-RL-POL,1-M-GTR-LS-XL-RL-POL,Extra Large,Polyester,,Green Triangle,18.75,0,0,0,0
1-M-GTR-LS-XS-RL-POL,1-M-GTR-LS-2XL-RL-POL,2X Large,Polyester,,Green Triangle,18.75,0,0,0,0
1-M-GTR-LS-XS-RL-POL,1-M-GTR-LS-3XL-RL-POL,3X Large ,Polyester,,Green Triangle,18.75,0,0,0,0
1-M-GTR-SS-XS-SL-POL,1-M-GTR-SS-S-SL-POL,Small,Polyester,,Green Triangle,17.45,0,0,0,0
1-M-GTR-SS-XS-SL-POL,1-M-GTR-SS-M-SL-POL,Medium,Polyester,,Green Triangle,17.45,0,0,0,0
1-M-GTR-SS-XS-SL-POL,1-M-GTR-SS-L-SL-POL,Large,Polyester,,Green Triangle,17.45,0,0,0,0
1-M-GTR-SS-XS-SL-POL,1-M-GTR-SS-XL-SL-POL,Extra Large,Polyester,,Green Triangle,17.45,0,0,0,0
1-M-GTR-SS-XS-SL-POL,1-M-GTR-SS-2XL-SL-POL,2X Large,Polyester,,Green Triangle,17.45,0,0,0,0
1-M-GTR-SS-XS-SL-POL,1-M-GTR-SS-3XL-SL-POL,3X Large ,Polyester,,Green Triangle,17.45,0,0,0,0
1-M-GTR-SS-XS-RL-POL,1-M-GTR-SS-S-RL-POL,Small,Polyester,,Green Triangle,17.45,0,0,0,0
1-M-GTR-SS-XS-RL-POL,1-M-GTR-SS-M-RL-POL,Medium,Polyester,,Green Triangle,17.45,0,0,0,0
1-M-GTR-SS-XS-RL-POL,1-M-GTR-SS-L-RL-POL,Large,Polyester,,Green Triangle,17.45,0,0,0,0
1-M-GTR-SS-XS-RL-POL,1-M-GTR-SS-XL-RL-POL,Extra Large,Polyester,,Green Triangle,17.45,0,0,0,0
1-M-GTR-SS-XS-RL-POL,1-M-GTR-SS-2XL-RL-POL,2X Large,Polyester,,Green Triangle,17.45,0,0,0,0
1-M-GTR-SS-XS-RL-POL,1-M-GTR-SS-3XL-RL-POL,3X Large ,Polyester,,Green Triangle,17.45,0,0,0,0
1-W-GTR-LS-XS-SL-POL,1-W-GTR-LS-XS-SL-POL,Extra Small,Polyester,,Green Triangle,18.75,0,0,0,0
1-W-GTR-LS-XS-SL-POL,1-W-GTR-LS-S-SL-POL,Small,Polyester,,Green Triangle,18.75,0,0,0,0
1-W-GTR-LS-XS-SL-POL,1-W-GTR-LS-M-SL-POL,Medium,Polyester,,Green Triangle,18.75,0,0,0,0
1-W-GTR-LS-XS-SL-POL,1-W-GTR-LS-L-SL-POL,Large,Polyester,,Green Triangle,18.75,0,0,0,0
1-W-GTR-LS-XS-SL-POL,1-W-GTR-LS-XL-SL-POL,Extra Large,Polyester,,Green Triangle,18.75,0,0,0,0
1-W-GTR-LS-XS-SL-POL,1-W-GTR-LS-2XL-SL-POL,2X Large,Polyester,,Green Triangle,18.75,0,0,0,0
1-W-GTR-LS-XS-SL-POL,1-W-GTR-LS-3XL-SL-POL,3X Large ,Polyester,,Green Triangle,18.75,0,0,0,0
1-W-GTR-LS-XS-RL-POL,1-W-GTR-LS-XS-RL-POL,Extra Small,Polyester,,Green Triangle,18.75,0,0,0,0
1-W-GTR-LS-XS-RL-POL,1-W-GTR-LS-S-RL-POL,Small,Polyester,,Green Triangle,18.75,0,0,0,0
1-W-GTR-LS-XS-RL-POL,1-W-GTR-LS-M-RL-POL,Medium,Polyester,,Green Triangle,18.75,0,0,0,0
1-W-GTR-LS-XS-RL-POL,1-W-GTR-LS-L-RL-POL,Large,Polyester,,Green Triangle,18.75,0,0,0,0
1-W-GTR-LS-XS-RL-POL,1-W-GTR-LS-XL-RL-POL,Extra Large,Polyester,,Green Triangle,18.75,0,0,0,0
1-W-GTR-LS-XS-RL-POL,1-W-GTR-LS-2XL-RL-POL,2X Large,Polyester,,Green Triangle,18.75,0,0,0,0
1-W-GTR-LS-XS-RL-POL,1-W-GTR-LS-3XL-RL-POL,3X Large ,Polyester,,Green Triangle,18.75,0,0,0,0
1-W-GTR-SS-XS-SL-POL,1-W-GTR-SS-XS-SL-POL,Extra Small,Polyester,,Green Triangle,17.45,0,0,0,0
1-W-GTR-SS-XS-SL-POL,1-W-GTR-SS-S-SL-POL,Small,Polyester,,Green Triangle,17.45,0,0,0,0
1-W-GTR-SS-XS-SL-POL,1-W-GTR-SS-M-SL-POL,Medium,Polyester,,Green Triangle,17.45,0,0,0,0
1-W-GTR-SS-XS-SL-POL,1-W-GTR-SS-L-SL-POL,Large,Polyester,,Green Triangle,17.45,0,0,0,0
1-W-GTR-SS-XS-SL-POL,1-W-GTR-SS-XL-SL-POL,Extra Large,Polyester,,Green Triangle,17.45,0,0,0,0
1-W-GTR-SS-XS-SL-POL,1-W-GTR-SS-2XL-SL-POL,2X Large,Polyester,,Green Triangle,17.45,0,0,0,0
1-W-GTR-SS-XS-SL-POL,1-W-GTR-SS-3XL-SL-POL,3X Large ,Polyester,,Green Triangle,17.45,0,0,0,0
1-W-GTR-SS-XS-RL-POL,1-W-GTR-SS-XS-RL-POL,Extra Small,Polyester,,Green Triangle,17.45,0,0,0,0
1-W-GTR-SS-XS-RL-POL,1-W-GTR-SS-S-RL-POL,Small,Polyester,,Green Triangle,17.45,0,0,0,0
1-W-GTR-SS-XS-RL-POL,1-W-GTR-SS-M-RL-POL,Medium,Polyester,,Green Triangle,17.45,0,0,0,0
1-W-GTR-SS-XS-RL-POL,1-W-GTR-SS-L-RL-POL,Large,Polyester,,Green Triangle,17.45,0,0,0,0
1-W-GTR-SS-XS-RL-POL,1-W-GTR-SS-XL-RL-POL,Extra Large,Polyester,,Green Triangle,17.45,0,0,0,0
1-W-GTR-SS-XS-RL-POL,1-W-GTR-SS-2XL-RL-POL,2X Large,Polyester,,Green Triangle,17.45,0,0,0,0
1-W-GTR-SS-XS-RL-POL,1-W-GTR-SS-3XL-RL-POL,3X Large ,Polyester,,Green Triangle,17.45,0,0,0,0
2-M-GTR-LS-XS-SL-POL,2-M-GTR-LS-S-SL-POL,Small,Polyester,,Green Triangle,18.75,0,0,0,0
2-M-GTR-LS-XS-SL-POL,2-M-GTR-LS-M-SL-POL,Medium,Polyester,,Green Triangle,18.75,0,0,0,0
2-M-GTR-LS-XS-SL-POL,2-M-GTR-LS-L-SL-POL,Large,Polyester,,Green Triangle,18.75,0,0,0,0
2-M-GTR-LS-XS-SL-POL,2-M-GTR-LS-XL-SL-POL,Extra Large,Polyester,,Green Triangle,18.75,0,0,0,0
2-M-GTR-LS-XS-SL-POL,2-M-GTR-LS-2XL-SL-POL,2X Large,Polyester,,Green Triangle,18.75,0,0,0,0
2-M-GTR-LS-XS-SL-POL,2-M-GTR-LS-3XL-SL-POL,3X Large ,Polyester,,Green Triangle,18.75,0,0,0,0
2-M-GTR-LS-XS-RL-POL,2-M-GTR-LS-S-RL-POL,Small,Polyester,,Green Triangle,18.75,0,0,0,0
2-M-GTR-LS-XS-RL-POL,2-M-GTR-LS-M-RL-POL,Medium,Polyester,,Green Triangle,18.75,0,0,0,0
2-M-GTR-LS-XS-RL-POL,2-M-GTR-LS-L-RL-POL,Large,Polyester,,Green Triangle,18.75,0,0,0,0
2-M-GTR-LS-XS-RL-POL,2-M-GTR-LS-XL-RL-POL,Extra Large,Polyester,,Green Triangle,18.75,0,0,0,0
2-M-GTR-LS-XS-RL-POL,2-M-GTR-LS-2XL-RL-POL,2X Large,Polyester,,Green Triangle,18.75,0,0,0,0
2-M-GTR-LS-XS-RL-POL,2-M-GTR-LS-3XL-RL-POL,3X Large ,Polyester,,Green Triangle,18.75,0,0,0,0
2-M-GTR-SS-XS-SL-POL,2-M-GTR-SS-S-SL-POL,Small,Polyester,,Green Triangle,17.45,0,0,0,0
2-M-GTR-SS-XS-SL-POL,2-M-GTR-SS-M-SL-POL,Medium,Polyester,,Green Triangle,17.45,0,0,0,0
2-M-GTR-SS-XS-SL-POL,2-M-GTR-SS-L-SL-POL,Large,Polyester,,Green Triangle,17.45,0,0,0,0
2-M-GTR-SS-XS-SL-POL,2-M-GTR-SS-XL-SL-POL,Extra Large,Polyester,,Green Triangle,17.45,0,0,0,0
2-M-GTR-SS-XS-SL-POL,2-M-GTR-SS-2XL-SL-POL,2X Large,Polyester,,Green Triangle,17.45,0,0,0,0
2-M-GTR-SS-XS-SL-POL,2-M-GTR-SS-3XL-SL-POL,3X Large ,Polyester,,Green Triangle,17.45,0,0,0,0
2-M-GTR-SS-XS-RL-POL,2-M-GTR-SS-S-RL-POL,Small,Polyester,,Green Triangle,17.45,0,0,0,0
2-M-GTR-SS-XS-RL-POL,2-M-GTR-SS-M-RL-POL,Medium,Polyester,,Green Triangle,17.45,0,0,0,0
2-M-GTR-SS-XS-RL-POL,2-M-GTR-SS-L-RL-POL,Large,Polyester,,Green Triangle,17.45,0,0,0,0
2-M-GTR-SS-XS-RL-POL,2-M-GTR-SS-XL-RL-POL,Extra Large,Polyester,,Green Triangle,17.45,0,0,0,0
2-M-GTR-SS-XS-RL-POL,2-M-GTR-SS-2XL-RL-POL,2X Large,Polyester,,Green Triangle,17.45,0,0,0,0
2-M-GTR-SS-XS-RL-POL,2-M-GTR-SS-3XL-RL-POL,3X Large ,Polyester,,Green Triangle,17.45,0,0,0,0
2-W-GTR-LS-XS-SL-POL,2-W-GTR-LS-XS-SL-POL,Extra Small,Polyester,,Green Triangle,18.75,0,0,0,0
2-W-GTR-LS-XS-SL-POL,2-W-GTR-LS-S-SL-POL,Small,Polyester,,Green Triangle,18.75,0,0,0,0
2-W-GTR-LS-XS-SL-POL,2-W-GTR-LS-M-SL-POL,Medium,Polyester,,Green Triangle,18.75,0,0,0,0
2-W-GTR-LS-XS-SL-POL,2-W-GTR-LS-L-SL-POL,Large,Polyester,,Green Triangle,18.75,0,0,0,0
2-W-GTR-LS-XS-SL-POL,2-W-GTR-LS-XL-SL-POL,Extra Large,Polyester,,Green Triangle,18.75,0,0,0,0
2-W-GTR-LS-XS-SL-POL,2-W-GTR-LS-2XL-SL-POL,2X Large,Polyester,,Green Triangle,18.75,0,0,0,0
2-W-GTR-LS-XS-SL-POL,2-W-GTR-LS-3XL-SL-POL,3X Large ,Polyester,,Green Triangle,18.75,0,0,0,0
2-W-GTR-LS-XS-RL-POL,2-W-GTR-LS-XS-RL-POL,Extra Small,Polyester,,Green Triangle,18.75,0,0,0,0
2-W-GTR-LS-XS-RL-POL,2-W-GTR-LS-S-RL-POL,Small,Polyester,,Green Triangle,18.75,0,0,0,0
2-W-GTR-LS-XS-RL-POL,2-W-GTR-LS-M-RL-POL,Medium,Polyester,,Green Triangle,18.75,0,0,0,0
2-W-GTR-LS-XS-RL-POL,2-W-GTR-LS-L-RL-POL,Large,Polyester,,Green Triangle,18.75,0,0,0,0
2-W-GTR-LS-XS-RL-POL,2-W-GTR-LS-XL-RL-POL,Extra Large,Polyester,,Green Triangle,18.75,0,0,0,0
2-W-GTR-LS-XS-RL-POL,2-W-GTR-LS-2XL-RL-POL,2X Large,Polyester,,Green Triangle,18.75,0,0,0,0
2-W-GTR-LS-XS-RL-POL,2-W-GTR-LS-3XL-RL-POL,3X Large ,Polyester,,Green Triangle,18.75,0,0,0,0
2-W-GTR-SS-XS-SL-POL,2-W-GTR-SS-XS-SL-POL,Extra Small,Polyester,,Green Triangle,17.45,0,0,0,0
2-W-GTR-SS-XS-SL-POL,2-W-GTR-SS-S-SL-POL,Small,Polyester,,Green Triangle,17.45,0,0,0,0
2-W-GTR-SS-XS-SL-POL,2-W-GTR-SS-M-SL-POL,Medium,Polyester,,Green Triangle,17.45,0,0,0,0
2-W-GTR-SS-XS-SL-POL,2-W-GTR-SS-L-SL-POL,Large,Polyester,,Green Triangle,17.45,0,0,0,0
2-W-GTR-SS-XS-SL-POL,2-W-GTR-SS-XL-SL-POL,Extra Large,Polyester,,Green Triangle,17.45,0,0,0,0
2-W-GTR-SS-XS-SL-POL,2-W-GTR-SS-2XL-SL-POL,2X Large,Polyester,,Green Triangle,17.45,0,0,0,0
2-W-GTR-SS-XS-SL-POL,2-W-GTR-SS-3XL-SL-POL,3X Large ,Polyester,,Green Triangle,17.45,0,0,0,0
2-W-GTR-SS-XS-RL-POL,2-W-GTR-SS-XS-RL-POL,Extra Small,Polyester,,Green Triangle,17.45,0,0,0,0
2-W-GTR-SS-XS-RL-POL,2-W-GTR-SS-S-RL-POL,Small,Polyester,,Green Triangle,17.45,0,0,0,0
2-W-GTR-SS-XS-RL-POL,2-W-GTR-SS-M-RL-POL,Medium,Polyester,,Green Triangle,17.45,0,0,0,0
2-W-GTR-SS-XS-RL-POL,2-W-GTR-SS-L-RL-POL,Large,Polyester,,Green Triangle,17.45,0,0,0,0
2-W-GTR-SS-XS-RL-POL,2-W-GTR-SS-XL-RL-POL,Extra Large,Polyester,,Green Triangle,17.45,0,0,0,0
2-W-GTR-SS-XS-RL-POL,2-W-GTR-SS-2XL-RL-POL,2X Large,Polyester,,Green Triangle,17.45,0,0,0,0
2-W-GTR-SS-XS-RL-POL,2-W-GTR-SS-3XL-RL-POL,3X Large ,Polyester,,Green Triangle,17.45,0,0,0,0
1-M-RTR-LS-XS-SL-POL,1-M-RTR-LS-S-SL-POL,Small,Polyester,,Red Triangle,18.75,0,0,0,0
1-M-RTR-LS-XS-SL-POL,1-M-RTR-LS-M-SL-POL,Medium,Polyester,,Red Triangle,18.75,0,0,0,0
1-M-RTR-LS-XS-SL-POL,1-M-RTR-LS-L-SL-POL,Large,Polyester,,Red Triangle,18.75,0,0,0,0
1-M-RTR-LS-XS-SL-POL,1-M-RTR-LS-XL-SL-POL,Extra Large,Polyester,,Red Triangle,18.75,0,0,0,0
1-M-RTR-LS-XS-SL-POL,1-M-RTR-LS-2XL-SL-POL,2X Large,Polyester,,Red Triangle,18.75,0,0,0,0
1-M-RTR-LS-XS-SL-POL,1-M-RTR-LS-3XL-SL-POL,3X Large ,Polyester,,Red Triangle,18.75,0,0,0,0
1-M-RTR-LS-XS-RL-POL,1-M-RTR-LS-S-RL-POL,Small,Polyester,,Red Triangle,18.75,0,0,0,0
1-M-RTR-LS-XS-RL-POL,1-M-RTR-LS-M-RL-POL,Medium,Polyester,,Red Triangle,18.75,0,0,0,0
1-M-RTR-LS-XS-RL-POL,1-M-RTR-LS-L-RL-POL,Large,Polyester,,Red Triangle,18.75,0,0,0,0
1-M-RTR-LS-XS-RL-POL,1-M-RTR-LS-XL-RL-POL,Extra Large,Polyester,,Red Triangle,18.75,0,0,0,0
1-M-RTR-LS-XS-RL-POL,1-M-RTR-LS-2XL-RL-POL,2X Large,Polyester,,Red Triangle,18.75,0,0,0,0
1-M-RTR-LS-XS-RL-POL,1-M-RTR-LS-3XL-RL-POL,3X Large ,Polyester,,Red Triangle,18.75,0,0,0,0
1-M-RTR-SS-XS-SL-POL,1-M-RTR-SS-S-SL-POL,Small,Polyester,,Red Triangle,17.45,0,0,0,0
1-M-RTR-SS-XS-SL-POL,1-M-RTR-SS-M-SL-POL,Medium,Polyester,,Red Triangle,17.45,0,0,0,0
1-M-RTR-SS-XS-SL-POL,1-M-RTR-SS-L-SL-POL,Large,Polyester,,Red Triangle,17.45,0,0,0,0
1-M-RTR-SS-XS-SL-POL,1-M-RTR-SS-XL-SL-POL,Extra Large,Polyester,,Red Triangle,17.45,0,0,0,0
1-M-RTR-SS-XS-SL-POL,1-M-RTR-SS-2XL-SL-POL,2X Large,Polyester,,Red Triangle,17.45,0,0,0,0
1-M-RTR-SS-XS-SL-POL,1-M-RTR-SS-3XL-SL-POL,3X Large ,Polyester,,Red Triangle,17.45,0,0,0,0
1-M-RTR-SS-XS-RL-POL,1-M-RTR-SS-S-RL-POL,Small,Polyester,,Red Triangle,17.45,0,0,0,0
1-M-RTR-SS-XS-RL-POL,1-M-RTR-SS-M-RL-POL,Medium,Polyester,,Red Triangle,17.45,0,0,0,0
1-M-RTR-SS-XS-RL-POL,1-M-RTR-SS-L-RL-POL,Large,Polyester,,Red Triangle,17.45,0,0,0,0
1-M-RTR-SS-XS-RL-POL,1-M-RTR-SS-XL-RL-POL,Extra Large,Polyester,,Red Triangle,17.45,0,0,0,0
1-M-RTR-SS-XS-RL-POL,1-M-RTR-SS-2XL-RL-POL,2X Large,Polyester,,Red Triangle,17.45,0,0,0,0
1-M-RTR-SS-XS-RL-POL,1-M-RTR-SS-3XL-RL-POL,3X Large ,Polyester,,Red Triangle,17.45,0,0,0,0
1-W-RTR-LS-XS-SL-POL,1-W-RTR-LS-XS-SL-POL,Extra Small,Polyester,,Red Triangle,18.75,0,0,0,0
1-W-RTR-LS-XS-SL-POL,1-W-RTR-LS-S-SL-POL,Small,Polyester,,Red Triangle,18.75,0,0,0,0
1-W-RTR-LS-XS-SL-POL,1-W-RTR-LS-M-SL-POL,Medium,Polyester,,Red Triangle,18.75,0,0,0,0
1-W-RTR-LS-XS-SL-POL,1-W-RTR-LS-L-SL-POL,Large,Polyester,,Red Triangle,18.75,0,0,0,0
1-W-RTR-LS-XS-SL-POL,1-W-RTR-LS-XL-SL-POL,Extra Large,Polyester,,Red Triangle,18.75,0,0,0,0
1-W-RTR-LS-XS-SL-POL,1-W-RTR-LS-2XL-SL-POL,2X Large,Polyester,,Red Triangle,18.75,0,0,0,0
1-W-RTR-LS-XS-SL-POL,1-W-RTR-LS-3XL-SL-POL,3X Large ,Polyester,,Red Triangle,18.75,0,0,0,0
1-W-RTR-LS-XS-RL-POL,1-W-RTR-LS-XS-RL-POL,Extra Small,Polyester,,Red Triangle,18.75,0,0,0,0
1-W-RTR-LS-XS-RL-POL,1-W-RTR-LS-S-RL-POL,Small,Polyester,,Red Triangle,18.75,0,0,0,0
1-W-RTR-LS-XS-RL-POL,1-W-RTR-LS-M-RL-POL,Medium,Polyester,,Red Triangle,18.75,0,0,0,0
1-W-RTR-LS-XS-RL-POL,1-W-RTR-LS-L-RL-POL,Large,Polyester,,Red Triangle,18.75,0,0,0,0
1-W-RTR-LS-XS-RL-POL,1-W-RTR-LS-XL-RL-POL,Extra Large,Polyester,,Red Triangle,18.75,0,0,0,0
1-W-RTR-LS-XS-RL-POL,1-W-RTR-LS-2XL-RL-POL,2X Large,Polyester,,Red Triangle,18.75,0,0,0,0
1-W-RTR-LS-XS-RL-POL,1-W-RTR-LS-3XL-RL-POL,3X Large ,Polyester,,Red Triangle,18.75,0,0,0,0
1-W-RTR-SS-XS-SL-POL,1-W-RTR-SS-XS-SL-POL,Extra Small,Polyester,,Red Triangle,17.45,0,0,0,0
1-W-RTR-SS-XS-SL-POL,1-W-RTR-SS-S-SL-POL,Small,Polyester,,Red Triangle,17.45,0,0,0,0
1-W-RTR-SS-XS-SL-POL,1-W-RTR-SS-M-SL-POL,Medium,Polyester,,Red Triangle,17.45,0,0,0,0
1-W-RTR-SS-XS-SL-POL,1-W-RTR-SS-L-SL-POL,Large,Polyester,,Red Triangle,17.45,0,0,0,0
1-W-RTR-SS-XS-SL-POL,1-W-RTR-SS-XL-SL-POL,Extra Large,Polyester,,Red Triangle,17.45,0,0,0,0
1-W-RTR-SS-XS-SL-POL,1-W-RTR-SS-2XL-SL-POL,2X Large,Polyester,,Red Triangle,17.45,0,0,0,0
1-W-RTR-SS-XS-SL-POL,1-W-RTR-SS-3XL-SL-POL,3X Large ,Polyester,,Red Triangle,17.45,0,0,0,0
1-W-RTR-SS-XS-RL-POL,1-W-RTR-SS-XS-RL-POL,Extra Small,Polyester,,Red Triangle,17.45,0,0,0,0
1-W-RTR-SS-XS-RL-POL,1-W-RTR-SS-S-RL-POL,Small,Polyester,,Red Triangle,17.45,0,0,0,0
1-W-RTR-SS-XS-RL-POL,1-W-RTR-SS-M-RL-POL,Medium,Polyester,,Red Triangle,17.45,0,0,0,0
1-W-RTR-SS-XS-RL-POL,1-W-RTR-SS-L-RL-POL,Large,Polyester,,Red Triangle,17.45,0,0,0,0
1-W-RTR-SS-XS-RL-POL,1-W-RTR-SS-XL-RL-POL,Extra Large,Polyester,,Red Triangle,17.45,0,0,0,0
1-W-RTR-SS-XS-RL-POL,1-W-RTR-SS-2XL-RL-POL,2X Large,Polyester,,Red Triangle,17.45,0,0,0,0
1-W-RTR-SS-XS-RL-POL,1-W-RTR-SS-3XL-RL-POL,3X Large ,Polyester,,Red Triangle,17.45,0,0,0,0
2-M-RTR-LS-XS-SL-POL,2-M-RTR-LS-S-SL-POL,Small,Polyester,,Red Triangle,18.75,0,0,0,0
2-M-RTR-LS-XS-SL-POL,2-M-RTR-LS-M-SL-POL,Medium,Polyester,,Red Triangle,18.75,0,0,0,0
2-M-RTR-LS-XS-SL-POL,2-M-RTR-LS-L-SL-POL,Large,Polyester,,Red Triangle,18.75,0,0,0,0
2-M-RTR-LS-XS-SL-POL,2-M-RTR-LS-XL-SL-POL,Extra Large,Polyester,,Red Triangle,18.75,0,0,0,0
2-M-RTR-LS-XS-SL-POL,2-M-RTR-LS-2XL-SL-POL,2X Large,Polyester,,Red Triangle,18.75,0,0,0,0
2-M-RTR-LS-XS-SL-POL,2-M-RTR-LS-3XL-SL-POL,3X Large ,Polyester,,Red Triangle,18.75,0,0,0,0
2-M-RTR-LS-XS-RL-POL,2-M-RTR-LS-S-RL-POL,Small,Polyester,,Red Triangle,18.75,0,0,0,0
2-M-RTR-LS-XS-RL-POL,2-M-RTR-LS-M-RL-POL,Medium,Polyester,,Red Triangle,18.75,0,0,0,0
2-M-RTR-LS-XS-RL-POL,2-M-RTR-LS-L-RL-POL,Large,Polyester,,Red Triangle,18.75,0,0,0,0
2-M-RTR-LS-XS-RL-POL,2-M-RTR-LS-XL-RL-POL,Extra Large,Polyester,,Red Triangle,18.75,0,0,0,0
2-M-RTR-LS-XS-RL-POL,2-M-RTR-LS-2XL-RL-POL,2X Large,Polyester,,Red Triangle,18.75,0,0,0,0
2-M-RTR-LS-XS-RL-POL,2-M-RTR-LS-3XL-RL-POL,3X Large ,Polyester,,Red Triangle,18.75,0,0,0,0
2-M-RTR-SS-XS-SL-POL,2-M-RTR-SS-S-SL-POL,Small,Polyester,,Red Triangle,17.45,0,0,0,0
2-M-RTR-SS-XS-SL-POL,2-M-RTR-SS-M-SL-POL,Medium,Polyester,,Red Triangle,17.45,0,0,0,0
2-M-RTR-SS-XS-SL-POL,2-M-RTR-SS-L-SL-POL,Large,Polyester,,Red Triangle,17.45,0,0,0,0
2-M-RTR-SS-XS-SL-POL,2-M-RTR-SS-XL-SL-POL,Extra Large,Polyester,,Red Triangle,17.45,0,0,0,0
2-M-RTR-SS-XS-SL-POL,2-M-RTR-SS-2XL-SL-POL,2X Large,Polyester,,Red Triangle,17.45,0,0,0,0
2-M-RTR-SS-XS-SL-POL,2-M-RTR-SS-3XL-SL-POL,3X Large ,Polyester,,Red Triangle,17.45,0,0,0,0
2-M-RTR-SS-XS-RL-POL,2-M-RTR-SS-S-RL-POL,Small,Polyester,,Red Triangle,17.45,0,0,0,0
2-M-RTR-SS-XS-RL-POL,2-M-RTR-SS-M-RL-POL,Medium,Polyester,,Red Triangle,17.45,0,0,0,0
2-M-RTR-SS-XS-RL-POL,2-M-RTR-SS-L-RL-POL,Large,Polyester,,Red Triangle,17.45,0,0,0,0
2-M-RTR-SS-XS-RL-POL,2-M-RTR-SS-XL-RL-POL,Extra Large,Polyester,,Red Triangle,17.45,0,0,0,0
2-M-RTR-SS-XS-RL-POL,2-M-RTR-SS-2XL-RL-POL,2X Large,Polyester,,Red Triangle,17.45,0,0,0,0
2-M-RTR-SS-XS-RL-POL,2-M-RTR-SS-3XL-RL-POL,3X Large ,Polyester,,Red Triangle,17.45,0,0,0,0
2-W-RTR-LS-XS-SL-POL,2-W-RTR-LS-XS-SL-POL,Extra Small,Polyester,,Red Triangle,18.75,0,0,0,0
2-W-RTR-LS-XS-SL-POL,2-W-RTR-LS-S-SL-POL,Small,Polyester,,Red Triangle,18.75,0,0,0,0
2-W-RTR-LS-XS-SL-POL,2-W-RTR-LS-M-SL-POL,Medium,Polyester,,Red Triangle,18.75,0,0,0,0
2-W-RTR-LS-XS-SL-POL,2-W-RTR-LS-L-SL-POL,Large,Polyester,,Red Triangle,18.75,0,0,0,0
2-W-RTR-LS-XS-SL-POL,2-W-RTR-LS-XL-SL-POL,Extra Large,Polyester,,Red Triangle,18.75,0,0,0,0
2-W-RTR-LS-XS-SL-POL,2-W-RTR-LS-2XL-SL-POL,2X Large,Polyester,,Red Triangle,18.75,0,0,0,0
2-W-RTR-LS-XS-SL-POL,2-W-RTR-LS-3XL-SL-POL,3X Large ,Polyester,,Red Triangle,18.75,0,0,0,0
2-W-RTR-LS-XS-RL-POL,2-W-RTR-LS-XS-RL-POL,Extra Small,Polyester,,Red Triangle,18.75,0,0,0,0
2-W-RTR-LS-XS-RL-POL,2-W-RTR-LS-S-RL-POL,Small,Polyester,,Red Triangle,18.75,0,0,0,0
2-W-RTR-LS-XS-RL-POL,2-W-RTR-LS-M-RL-POL,Medium,Polyester,,Red Triangle,18.75,0,0,0,0
2-W-RTR-LS-XS-RL-POL,2-W-RTR-LS-L-RL-POL,Large,Polyester,,Red Triangle,18.75,0,0,0,0
2-W-RTR-LS-XS-RL-POL,2-W-RTR-LS-XL-RL-POL,Extra Large,Polyester,,Red Triangle,18.75,0,0,0,0
2-W-RTR-LS-XS-RL-POL,2-W-RTR-LS-2XL-RL-POL,2X Large,Polyester,,Red Triangle,18.75,0,0,0,0
2-W-RTR-LS-XS-RL-POL,2-W-RTR-LS-3XL-RL-POL,3X Large ,Polyester,,Red Triangle,18.75,0,0,0,0
2-W-RTR-SS-XS-SL-POL,2-W-RTR-SS-XS-SL-POL,Extra Small,Polyester,,Red Triangle,17.45,0,0,0,0
2-W-RTR-SS-XS-SL-POL,2-W-RTR-SS-S-SL-POL,Small,Polyester,,Red Triangle,17.45,0,0,0,0
2-W-RTR-SS-XS-SL-POL,2-W-RTR-SS-M-SL-POL,Medium,Polyester,,Red Triangle,17.45,0,0,0,0
2-W-RTR-SS-XS-SL-POL,2-W-RTR-SS-L-SL-POL,Large,Polyester,,Red Triangle,17.45,0,0,0,0
2-W-RTR-SS-XS-SL-POL,2-W-RTR-SS-XL-SL-POL,Extra Large,Polyester,,Red Triangle,17.45,0,0,0,0
2-W-RTR-SS-XS-SL-POL,2-W-RTR-SS-2XL-SL-POL,2X Large,Polyester,,Red Triangle,17.45,0,0,0,0
2-W-RTR-SS-XS-SL-POL,2-W-RTR-SS-3XL-SL-POL,3X Large ,Polyester,,Red Triangle,17.45,0,0,0,0
2-W-RTR-SS-XS-RL-POL,2-W-RTR-SS-XS-RL-POL,Extra Small,Polyester,,Red Triangle,17.45,0,0,0,0
2-W-RTR-SS-XS-RL-POL,2-W-RTR-SS-S-RL-POL,Small,Polyester,,Red Triangle,17.45,0,0,0,0
2-W-RTR-SS-XS-RL-POL,2-W-RTR-SS-M-RL-POL,Medium,Polyester,,Red Triangle,17.45,0,0,0,0
2-W-RTR-SS-XS-RL-POL,2-W-RTR-SS-L-RL-POL,Large,Polyester,,Red Triangle,17.45,0,0,0,0
2-W-RTR-SS-XS-RL-POL,2-W-RTR-SS-XL-RL-POL,Extra Large,Polyester,,Red Triangle,17.45,0,0,0,0
2-W-RTR-SS-XS-RL-POL,2-W-RTR-SS-2XL-RL-POL,2X Large,Polyester,,Red Triangle,17.45,0,0,0,0
2-W-RTR-SS-XS-RL-POL,2-W-RTR-SS-3XL-RL-POL,3X Large ,Polyester,,Red Triangle,17.45,0,0,0,0
1-M-KTR-LS-XS-SL-POL,1-M-KTR-LS-S-SL-POL,Small,Polyester,,Black Triangle,18.75,0,0,0,0
1-M-KTR-LS-XS-SL-POL,1-M-KTR-LS-M-SL-POL,Medium,Polyester,,Black Triangle,18.75,0,0,0,0
1-M-KTR-LS-XS-SL-POL,1-M-KTR-LS-L-SL-POL,Large,Polyester,,Black Triangle,18.75,0,0,0,0
1-M-KTR-LS-XS-SL-POL,1-M-KTR-LS-XL-SL-POL,Extra Large,Polyester,,Black Triangle,18.75,0,0,0,0
1-M-KTR-LS-XS-SL-POL,1-M-KTR-LS-2XL-SL-POL,2X Large,Polyester,,Black Triangle,18.75,0,0,0,0
1-M-KTR-LS-XS-SL-POL,1-M-KTR-LS-3XL-SL-POL,3X Large ,Polyester,,Black Triangle,18.75,0,0,0,0
1-M-KTR-LS-XS-RL-POL,1-M-KTR-LS-S-RL-POL,Small,Polyester,,Black Triangle,18.75,0,0,0,0
1-M-KTR-LS-XS-RL-POL,1-M-KTR-LS-M-RL-POL,Medium,Polyester,,Black Triangle,18.75,0,0,0,0
1-M-KTR-LS-XS-RL-POL,1-M-KTR-LS-L-RL-POL,Large,Polyester,,Black Triangle,18.75,0,0,0,0
1-M-KTR-LS-XS-RL-POL,1-M-KTR-LS-XL-RL-POL,Extra Large,Polyester,,Black Triangle,18.75,0,0,0,0
1-M-KTR-LS-XS-RL-POL,1-M-KTR-LS-2XL-RL-POL,2X Large,Polyester,,Black Triangle,18.75,0,0,0,0
1-M-KTR-LS-XS-RL-POL,1-M-KTR-LS-3XL-RL-POL,3X Large ,Polyester,,Black Triangle,18.75,0,0,0,0
1-M-KTR-SS-XS-SL-POL,1-M-KTR-SS-S-SL-POL,Small,Polyester,,Black Triangle,17.45,0,0,0,0
1-M-KTR-SS-XS-SL-POL,1-M-KTR-SS-M-SL-POL,Medium,Polyester,,Black Triangle,17.45,0,0,0,0
1-M-KTR-SS-XS-SL-POL,1-M-KTR-SS-L-SL-POL,Large,Polyester,,Black Triangle,17.45,0,0,0,0
1-M-KTR-SS-XS-SL-POL,1-M-KTR-SS-XL-SL-POL,Extra Large,Polyester,,Black Triangle,17.45,0,0,0,0
1-M-KTR-SS-XS-SL-POL,1-M-KTR-SS-2XL-SL-POL,2X Large,Polyester,,Black Triangle,17.45,0,0,0,0
1-M-KTR-SS-XS-SL-POL,1-M-KTR-SS-3XL-SL-POL,3X Large ,Polyester,,Black Triangle,17.45,0,0,0,0
1-M-KTR-SS-XS-RL-POL,1-M-KTR-SS-S-RL-POL,Small,Polyester,,Black Triangle,17.45,0,0,0,0
1-M-KTR-SS-XS-RL-POL,1-M-KTR-SS-M-RL-POL,Medium,Polyester,,Black Triangle,17.45,0,0,0,0
1-M-KTR-SS-XS-RL-POL,1-M-KTR-SS-L-RL-POL,Large,Polyester,,Black Triangle,17.45,0,0,0,0
1-M-KTR-SS-XS-RL-POL,1-M-KTR-SS-XL-RL-POL,Extra Large,Polyester,,Black Triangle,17.45,0,0,0,0
1-M-KTR-SS-XS-RL-POL,1-M-KTR-SS-2XL-RL-POL,2X Large,Polyester,,Black Triangle,17.45,0,0,0,0
1-M-KTR-SS-XS-RL-POL,1-M-KTR-SS-3XL-RL-POL,3X Large ,Polyester,,Black Triangle,17.45,0,0,0,0
1-W-KTR-LS-XS-SL-POL,1-W-KTR-LS-XS-SL-POL,Extra Small,Polyester,,Black Triangle,18.75,0,0,0,0
1-W-KTR-LS-XS-SL-POL,1-W-KTR-LS-S-SL-POL,Small,Polyester,,Black Triangle,18.75,0,0,0,0
1-W-KTR-LS-XS-SL-POL,1-W-KTR-LS-M-SL-POL,Medium,Polyester,,Black Triangle,18.75,0,0,0,0
1-W-KTR-LS-XS-SL-POL,1-W-KTR-LS-L-SL-POL,Large,Polyester,,Black Triangle,18.75,0,0,0,0
1-W-KTR-LS-XS-SL-POL,1-W-KTR-LS-XL-SL-POL,Extra Large,Polyester,,Black Triangle,18.75,0,0,0,0
1-W-KTR-LS-XS-SL-POL,1-W-KTR-LS-2XL-SL-POL,2X Large,Polyester,,Black Triangle,18.75,0,0,0,0
1-W-KTR-LS-XS-SL-POL,1-W-KTR-LS-3XL-SL-POL,3X Large ,Polyester,,Black Triangle,18.75,0,0,0,0
1-W-KTR-LS-XS-RL-POL,1-W-KTR-LS-XS-RL-POL,Extra Small,Polyester,,Black Triangle,18.75,0,0,0,0
1-W-KTR-LS-XS-RL-POL,1-W-KTR-LS-S-RL-POL,Small,Polyester,,Black Triangle,18.75,0,0,0,0
1-W-KTR-LS-XS-RL-POL,1-W-KTR-LS-M-RL-POL,Medium,Polyester,,Black Triangle,18.75,0,0,0,0
1-W-KTR-LS-XS-RL-POL,1-W-KTR-LS-L-RL-POL,Large,Polyester,,Black Triangle,18.75,0,0,0,0
1-W-KTR-LS-XS-RL-POL,1-W-KTR-LS-XL-RL-POL,Extra Large,Polyester,,Black Triangle,18.75,0,0,0,0
1-W-KTR-LS-XS-RL-POL,1-W-KTR-LS-2XL-RL-POL,2X Large,Polyester,,Black Triangle,18.75,0,0,0,0
1-W-KTR-LS-XS-RL-POL,1-W-KTR-LS-3XL-RL-POL,3X Large ,Polyester,,Black Triangle,18.75,0,0,0,0
1-W-KTR-SS-XS-SL-POL,1-W-KTR-SS-XS-SL-POL,Extra Small,Polyester,,Black Triangle,17.45,0,0,0,0
1-W-KTR-SS-XS-SL-POL,1-W-KTR-SS-S-SL-POL,Small,Polyester,,Black Triangle,17.45,0,0,0,0
1-W-KTR-SS-XS-SL-POL,1-W-KTR-SS-M-SL-POL,Medium,Polyester,,Black Triangle,17.45,0,0,0,0
1-W-KTR-SS-XS-SL-POL,1-W-KTR-SS-L-SL-POL,Large,Polyester,,Black Triangle,17.45,0,0,0,0
1-W-KTR-SS-XS-SL-POL,1-W-KTR-SS-XL-SL-POL,Extra Large,Polyester,,Black Triangle,17.45,0,0,0,0
1-W-KTR-SS-XS-SL-POL,1-W-KTR-SS-2XL-SL-POL,2X Large,Polyester,,Black Triangle,17.45,0,0,0,0
1-W-KTR-SS-XS-SL-POL,1-W-KTR-SS-3XL-SL-POL,3X Large ,Polyester,,Black Triangle,17.45,0,0,0,0
1-W-KTR-SS-XS-RL-POL,1-W-KTR-SS-XS-RL-POL,Extra Small,Polyester,,Black Triangle,17.45,0,0,0,0
1-W-KTR-SS-XS-RL-POL,1-W-KTR-SS-S-RL-POL,Small,Polyester,,Black Triangle,17.45,0,0,0,0
1-W-KTR-SS-XS-RL-POL,1-W-KTR-SS-M-RL-POL,Medium,Polyester,,Black Triangle,17.45,0,0,0,0
1-W-KTR-SS-XS-RL-POL,1-W-KTR-SS-L-RL-POL,Large,Polyester,,Black Triangle,17.45,0,0,0,0
1-W-KTR-SS-XS-RL-POL,1-W-KTR-SS-XL-RL-POL,Extra Large,Polyester,,Black Triangle,17.45,0,0,0,0
1-W-KTR-SS-XS-RL-POL,1-W-KTR-SS-2XL-RL-POL,2X Large,Polyester,,Black Triangle,17.45,0,0,0,0
1-W-KTR-SS-XS-RL-POL,1-W-KTR-SS-3XL-RL-POL,3X Large ,Polyester,,Black Triangle,17.45,0,0,0,0
2-M-KTR-LS-XS-SL-POL,2-M-KTR-LS-S-SL-POL,Small,Polyester,,Black Triangle,18.75,0,0,0,0
2-M-KTR-LS-XS-SL-POL,2-M-KTR-LS-M-SL-POL,Medium,Polyester,,Black Triangle,18.75,0,0,0,0
2-M-KTR-LS-XS-SL-POL,2-M-KTR-LS-L-SL-POL,Large,Polyester,,Black Triangle,18.75,0,0,0,0
2-M-KTR-LS-XS-SL-POL,2-M-KTR-LS-XL-SL-POL,Extra Large,Polyester,,Black Triangle,18.75,0,0,0,0
2-M-KTR-LS-XS-SL-POL,2-M-KTR-LS-2XL-SL-POL,2X Large,Polyester,,Black Triangle,18.75,0,0,0,0
2-M-KTR-LS-XS-SL-POL,2-M-KTR-LS-3XL-SL-POL,3X Large ,Polyester,,Black Triangle,18.75,0,0,0,0
2-M-KTR-LS-XS-RL-POL,2-M-KTR-LS-S-RL-POL,Small,Polyester,,Black Triangle,18.75,0,0,0,0
2-M-KTR-LS-XS-RL-POL,2-M-KTR-LS-M-RL-POL,Medium,Polyester,,Black Triangle,18.75,0,0,0,0
2-M-KTR-LS-XS-RL-POL,2-M-KTR-LS-L-RL-POL,Large,Polyester,,Black Triangle,18.75,0,0,0,0
2-M-KTR-LS-XS-RL-POL,2-M-KTR-LS-XL-RL-POL,Extra Large,Polyester,,Black Triangle,18.75,0,0,0,0
2-M-KTR-LS-XS-RL-POL,2-M-KTR-LS-2XL-RL-POL,2X Large,Polyester,,Black Triangle,18.75,0,0,0,0
2-M-KTR-LS-XS-RL-POL,2-M-KTR-LS-3XL-RL-POL,3X Large ,Polyester,,Black Triangle,18.75,0,0,0,0
2-M-KTR-SS-XS-SL-POL,2-M-KTR-SS-S-SL-POL,Small,Polyester,,Black Triangle,17.45,0,0,0,0
2-M-KTR-SS-XS-SL-POL,2-M-KTR-SS-M-SL-POL,Medium,Polyester,,Black Triangle,17.45,0,0,0,0
2-M-KTR-SS-XS-SL-POL,2-M-KTR-SS-L-SL-POL,Large,Polyester,,Black Triangle,17.45,0,0,0,0
2-M-KTR-SS-XS-SL-POL,2-M-KTR-SS-XL-SL-POL,Extra Large,Polyester,,Black Triangle,17.45,0,0,0,0
2-M-KTR-SS-XS-SL-POL,2-M-KTR-SS-2XL-SL-POL,2X Large,Polyester,,Black Triangle,17.45,0,0,0,0
2-M-KTR-SS-XS-SL-POL,2-M-KTR-SS-3XL-SL-POL,3X Large ,Polyester,,Black Triangle,17.45,0,0,0,0
2-M-KTR-SS-XS-RL-POL,2-M-KTR-SS-S-RL-POL,Small,Polyester,,Black Triangle,17.45,0,0,0,0
2-M-KTR-SS-XS-RL-POL,2-M-KTR-SS-M-RL-POL,Medium,Polyester,,Black Triangle,17.45,0,0,0,0
2-M-KTR-SS-XS-RL-POL,2-M-KTR-SS-L-RL-POL,Large,Polyester,,Black Triangle,17.45,0,0,0,0
2-M-KTR-SS-XS-RL-POL,2-M-KTR-SS-XL-RL-POL,Extra Large,Polyester,,Black Triangle,17.45,0,0,0,0
2-M-KTR-SS-XS-RL-POL,2-M-KTR-SS-2XL-RL-POL,2X Large,Polyester,,Black Triangle,17.45,0,0,0,0
2-M-KTR-SS-XS-RL-POL,2-M-KTR-SS-3XL-RL-POL,3X Large ,Polyester,,Black Triangle,17.45,0,0,0,0
2-W-KTR-LS-XS-SL-POL,2-W-KTR-LS-XS-SL-POL,Extra Small,Polyester,,Black Triangle,18.75,0,0,0,0
2-W-KTR-LS-XS-SL-POL,2-W-KTR-LS-S-SL-POL,Small,Polyester,,Black Triangle,18.75,0,0,0,0
2-W-KTR-LS-XS-SL-POL,2-W-KTR-LS-M-SL-POL,Medium,Polyester,,Black Triangle,18.75,0,0,0,0
2-W-KTR-LS-XS-SL-POL,2-W-KTR-LS-L-SL-POL,Large,Polyester,,Black Triangle,18.75,0,0,0,0
2-W-KTR-LS-XS-SL-POL,2-W-KTR-LS-XL-SL-POL,Extra Large,Polyester,,Black Triangle,18.75,0,0,0,0
2-W-KTR-LS-XS-SL-POL,2-W-KTR-LS-2XL-SL-POL,2X Large,Polyester,,Black Triangle,18.75,0,0,0,0
2-W-KTR-LS-XS-SL-POL,2-W-KTR-LS-3XL-SL-POL,3X Large ,Polyester,,Black Triangle,18.75,0,0,0,0
2-W-KTR-LS-XS-RL-POL,2-W-KTR-LS-XS-RL-POL,Extra Small,Polyester,,Black Triangle,18.75,0,0,0,0
2-W-KTR-LS-XS-RL-POL,2-W-KTR-LS-S-RL-POL,Small,Polyester,,Black Triangle,18.75,0,0,0,0
2-W-KTR-LS-XS-RL-POL,2-W-KTR-LS-M-RL-POL,Medium,Polyester,,Black Triangle,18.75,0,0,0,0
2-W-KTR-LS-XS-RL-POL,2-W-KTR-LS-L-RL-POL,Large,Polyester,,Black Triangle,18.75,0,0,0,0
2-W-KTR-LS-XS-RL-POL,2-W-KTR-LS-XL-RL-POL,Extra Large,Polyester,,Black Triangle,18.75,0,0,0,0
2-W-KTR-LS-XS-RL-POL,2-W-KTR-LS-2XL-RL-POL,2X Large,Polyester,,Black Triangle,18.75,0,0,0,0
2-W-KTR-LS-XS-RL-POL,2-W-KTR-LS-3XL-RL-POL,3X Large ,Polyester,,Black Triangle,18.75,0,0,0,0
2-W-KTR-SS-XS-SL-POL,2-W-KTR-SS-XS-SL-POL,Extra Small,Polyester,,Black Triangle,17.45,0,0,0,0
2-W-KTR-SS-XS-SL-POL,2-W-KTR-SS-S-SL-POL,Small,Polyester,,Black Triangle,17.45,0,0,0,0
2-W-KTR-SS-XS-SL-POL,2-W-KTR-SS-M-SL-POL,Medium,Polyester,,Black Triangle,17.45,0,0,0,0
2-W-KTR-SS-XS-SL-POL,2-W-KTR-SS-L-SL-POL,Large,Polyester,,Black Triangle,17.45,0,0,0,0
2-W-KTR-SS-XS-SL-POL,2-W-KTR-SS-XL-SL-POL,Extra Large,Polyester,,Black Triangle,17.45,0,0,0,0
2-W-KTR-SS-XS-SL-POL,2-W-KTR-SS-2XL-SL-POL,2X Large,Polyester,,Black Triangle,17.45,0,0,0,0
2-W-KTR-SS-XS-SL-POL,2-W-KTR-SS-3XL-SL-POL,3X Large ,Polyester,,Black Triangle,17.45,0,0,0,0
2-W-KTR-SS-XS-RL-POL,2-W-KTR-SS-XS-RL-POL,Extra Small,Polyester,,Black Triangle,17.45,0,0,0,0
2-W-KTR-SS-XS-RL-POL,2-W-KTR-SS-S-RL-POL,Small,Polyester,,Black Triangle,17.45,0,0,0,0
2-W-KTR-SS-XS-RL-POL,2-W-KTR-SS-M-RL-POL,Medium,Polyester,,Black Triangle,17.45,0,0,0,0
2-W-KTR-SS-XS-RL-POL,2-W-KTR-SS-L-RL-POL,Large,Polyester,,Black Triangle,17.45,0,0,0,0
2-W-KTR-SS-XS-RL-POL,2-W-KTR-SS-XL-RL-POL,Extra Large,Polyester,,Black Triangle,17.45,0,0,0,0
2-W-KTR-SS-XS-RL-POL,2-W-KTR-SS-2XL-RL-POL,2X Large,Polyester,,Black Triangle,17.45,0,0,0,0
2-W-KTR-SS-XS-RL-POL,2-W-KTR-SS-3XL-RL-POL,3X Large ,Polyester,,Black Triangle,17.45,0,0,0,0
1-M-BHX-LS-XS-SL-POL,1-M-BHX-LS-S-SL-POL,Small,Polyester,,Blue Hexagon,18.75,0,0,0,0
1-M-BHX-LS-XS-SL-POL,1-M-BHX-LS-M-SL-POL,Medium,Polyester,,Blue Hexagon,18.75,0,0,0,0
1-M-BHX-LS-XS-SL-POL,1-M-BHX-LS-L-SL-POL,Large,Polyester,,Blue Hexagon,18.75,0,0,0,0
1-M-BHX-LS-XS-SL-POL,1-M-BHX-LS-XL-SL-POL,Extra Large,Polyester,,Blue Hexagon,18.75,0,0,0,0
1-M-BHX-LS-XS-SL-POL,1-M-BHX-LS-2XL-SL-POL,2X Large,Polyester,,Blue Hexagon,18.75,0,0,0,0
1-M-BHX-LS-XS-SL-POL,1-M-BHX-LS-3XL-SL-POL,3X Large ,Polyester,,Blue Hexagon,18.75,0,0,0,0
1-M-BHX-LS-XS-RL-POL,1-M-BHX-LS-S-RL-POL,Small,Polyester,,Blue Hexagon,18.75,0,0,0,0
1-M-BHX-LS-XS-RL-POL,1-M-BHX-LS-M-RL-POL,Medium,Polyester,,Blue Hexagon,18.75,0,0,0,0
1-M-BHX-LS-XS-RL-POL,1-M-BHX-LS-L-RL-POL,Large,Polyester,,Blue Hexagon,18.75,0,0,0,0
1-M-BHX-LS-XS-RL-POL,1-M-BHX-LS-XL-RL-POL,Extra Large,Polyester,,Blue Hexagon,18.75,0,0,0,0
1-M-BHX-LS-XS-RL-POL,1-M-BHX-LS-2XL-RL-POL,2X Large,Polyester,,Blue Hexagon,18.75,0,0,0,0
1-M-BHX-LS-XS-RL-POL,1-M-BHX-LS-3XL-RL-POL,3X Large ,Polyester,,Blue Hexagon,18.75,0,0,0,0
1-M-BHX-SS-XS-SL-POL,1-M-BHX-SS-S-SL-POL,Small,Polyester,,Blue Hexagon,17.45,0,0,0,0
1-M-BHX-SS-XS-SL-POL,1-M-BHX-SS-M-SL-POL,Medium,Polyester,,Blue Hexagon,17.45,0,0,0,0
1-M-BHX-SS-XS-SL-POL,1-M-BHX-SS-L-SL-POL,Large,Polyester,,Blue Hexagon,17.45,0,0,0,0
1-M-BHX-SS-XS-SL-POL,1-M-BHX-SS-XL-SL-POL,Extra Large,Polyester,,Blue Hexagon,17.45,0,0,0,0
1-M-BHX-SS-XS-SL-POL,1-M-BHX-SS-2XL-SL-POL,2X Large,Polyester,,Blue Hexagon,17.45,0,0,0,0
1-M-BHX-SS-XS-SL-POL,1-M-BHX-SS-3XL-SL-POL,3X Large ,Polyester,,Blue Hexagon,17.45,0,0,0,0
1-M-BHX-SS-XS-RL-POL,1-M-BHX-SS-S-RL-POL,Small,Polyester,,Blue Hexagon,17.45,0,0,0,0
1-M-BHX-SS-XS-RL-POL,1-M-BHX-SS-M-RL-POL,Medium,Polyester,,Blue Hexagon,17.45,0,0,0,0
1-M-BHX-SS-XS-RL-POL,1-M-BHX-SS-L-RL-POL,Large,Polyester,,Blue Hexagon,17.45,0,0,0,0
1-M-BHX-SS-XS-RL-POL,1-M-BHX-SS-XL-RL-POL,Extra Large,Polyester,,Blue Hexagon,17.45,0,0,0,0
1-M-BHX-SS-XS-RL-POL,1-M-BHX-SS-2XL-RL-POL,2X Large,Polyester,,Blue Hexagon,17.45,0,0,0,0
1-M-BHX-SS-XS-RL-POL,1-M-BHX-SS-3XL-RL-POL,3X Large ,Polyester,,Blue Hexagon,17.45,0,0,0,0
1-W-BHX-LS-XS-SL-POL,1-W-BHX-LS-XS-SL-POL,Extra Small,Polyester,,Blue Hexagon,18.75,0,0,0,0
1-W-BHX-LS-XS-SL-POL,1-W-BHX-LS-S-SL-POL,Small,Polyester,,Blue Hexagon,18.75,0,0,0,0
1-W-BHX-LS-XS-SL-POL,1-W-BHX-LS-M-SL-POL,Medium,Polyester,,Blue Hexagon,18.75,0,0,0,0
1-W-BHX-LS-XS-SL-POL,1-W-BHX-LS-L-SL-POL,Large,Polyester,,Blue Hexagon,18.75,0,0,0,0
1-W-BHX-LS-XS-SL-POL,1-W-BHX-LS-XL-SL-POL,Extra Large,Polyester,,Blue Hexagon,18.75,0,0,0,0
1-W-BHX-LS-XS-SL-POL,1-W-BHX-LS-2XL-SL-POL,2X Large,Polyester,,Blue Hexagon,18.75,0,0,0,0
1-W-BHX-LS-XS-SL-POL,1-W-BHX-LS-3XL-SL-POL,3X Large ,Polyester,,Blue Hexagon,18.75,0,0,0,0
1-W-BHX-LS-XS-RL-POL,1-W-BHX-LS-XS-RL-POL,Extra Small,Polyester,,Blue Hexagon,18.75,0,0,0,0
1-W-BHX-LS-XS-RL-POL,1-W-BHX-LS-S-RL-POL,Small,Polyester,,Blue Hexagon,18.75,0,0,0,0
1-W-BHX-LS-XS-RL-POL,1-W-BHX-LS-M-RL-POL,Medium,Polyester,,Blue Hexagon,18.75,0,0,0,0
1-W-BHX-LS-XS-RL-POL,1-W-BHX-LS-L-RL-POL,Large,Polyester,,Blue Hexagon,18.75,0,0,0,0
1-W-BHX-LS-XS-RL-POL,1-W-BHX-LS-XL-RL-POL,Extra Large,Polyester,,Blue Hexagon,18.75,0,0,0,0
1-W-BHX-LS-XS-RL-POL,1-W-BHX-LS-2XL-RL-POL,2X Large,Polyester,,Blue Hexagon,18.75,0,0,0,0
1-W-BHX-LS-XS-RL-POL,1-W-BHX-LS-3XL-RL-POL,3X Large ,Polyester,,Blue Hexagon,18.75,0,0,0,0
1-W-BHX-SS-XS-SL-POL,1-W-BHX-SS-XS-SL-POL,Extra Small,Polyester,,Blue Hexagon,17.45,0,0,0,0
1-W-BHX-SS-XS-SL-POL,1-W-BHX-SS-S-SL-POL,Small,Polyester,,Blue Hexagon,17.45,0,0,0,0
1-W-BHX-SS-XS-SL-POL,1-W-BHX-SS-M-SL-POL,Medium,Polyester,,Blue Hexagon,17.45,0,0,0,0
1-W-BHX-SS-XS-SL-POL,1-W-BHX-SS-L-SL-POL,Large,Polyester,,Blue Hexagon,17.45,0,0,0,0
1-W-BHX-SS-XS-SL-POL,1-W-BHX-SS-XL-SL-POL,Extra Large,Polyester,,Blue Hexagon,17.45,0,0,0,0
1-W-BHX-SS-XS-SL-POL,1-W-BHX-SS-2XL-SL-POL,2X Large,Polyester,,Blue Hexagon,17.45,0,0,0,0
1-W-BHX-SS-XS-SL-POL,1-W-BHX-SS-3XL-SL-POL,3X Large ,Polyester,,Blue Hexagon,17.45,0,0,0,0
1-W-BHX-SS-XS-RL-POL,1-W-BHX-SS-XS-RL-POL,Extra Small,Polyester,,Blue Hexagon,17.45,0,0,0,0
1-W-BHX-SS-XS-RL-POL,1-W-BHX-SS-S-RL-POL,Small,Polyester,,Blue Hexagon,17.45,0,0,0,0
1-W-BHX-SS-XS-RL-POL,1-W-BHX-SS-M-RL-POL,Medium,Polyester,,Blue Hexagon,17.45,0,0,0,0
1-W-BHX-SS-XS-RL-POL,1-W-BHX-SS-L-RL-POL,Large,Polyester,,Blue Hexagon,17.45,0,0,0,0
1-W-BHX-SS-XS-RL-POL,1-W-BHX-SS-XL-RL-POL,Extra Large,Polyester,,Blue Hexagon,17.45,0,0,0,0
1-W-BHX-SS-XS-RL-POL,1-W-BHX-SS-2XL-RL-POL,2X Large,Polyester,,Blue Hexagon,17.45,0,0,0,0
1-W-BHX-SS-XS-RL-POL,1-W-BHX-SS-3XL-RL-POL,3X Large ,Polyester,,Blue Hexagon,17.45,0,0,0,0
2-M-BHX-LS-XS-SL-POL,2-M-BHX-LS-S-SL-POL,Small,Polyester,,Blue Hexagon,18.75,0,0,0,0
2-M-BHX-LS-XS-SL-POL,2-M-BHX-LS-M-SL-POL,Medium,Polyester,,Blue Hexagon,18.75,0,0,0,0
2-M-BHX-LS-XS-SL-POL,2-M-BHX-LS-L-SL-POL,Large,Polyester,,Blue Hexagon,18.75,0,0,0,0
2-M-BHX-LS-XS-SL-POL,2-M-BHX-LS-XL-SL-POL,Extra Large,Polyester,,Blue Hexagon,18.75,0,0,0,0
2-M-BHX-LS-XS-SL-POL,2-M-BHX-LS-2XL-SL-POL,2X Large,Polyester,,Blue Hexagon,18.75,0,0,0,0
2-M-BHX-LS-XS-SL-POL,2-M-BHX-LS-3XL-SL-POL,3X Large ,Polyester,,Blue Hexagon,18.75,0,0,0,0
2-M-BHX-LS-XS-RL-POL,2-M-BHX-LS-S-RL-POL,Small,Polyester,,Blue Hexagon,18.75,0,0,0,0
2-M-BHX-LS-XS-RL-POL,2-M-BHX-LS-M-RL-POL,Medium,Polyester,,Blue Hexagon,18.75,0,0,0,0
2-M-BHX-LS-XS-RL-POL,2-M-BHX-LS-L-RL-POL,Large,Polyester,,Blue Hexagon,18.75,0,0,0,0
2-M-BHX-LS-XS-RL-POL,2-M-BHX-LS-XL-RL-POL,Extra Large,Polyester,,Blue Hexagon,18.75,0,0,0,0
2-M-BHX-LS-XS-RL-POL,2-M-BHX-LS-2XL-RL-POL,2X Large,Polyester,,Blue Hexagon,18.75,0,0,0,0
2-M-BHX-LS-XS-RL-POL,2-M-BHX-LS-3XL-RL-POL,3X Large ,Polyester,,Blue Hexagon,18.75,0,0,0,0
2-M-BHX-SS-XS-SL-POL,2-M-BHX-SS-S-SL-POL,Small,Polyester,,Blue Hexagon,17.45,0,0,0,0
2-M-BHX-SS-XS-SL-POL,2-M-BHX-SS-M-SL-POL,Medium,Polyester,,Blue Hexagon,17.45,0,0,0,0
2-M-BHX-SS-XS-SL-POL,2-M-BHX-SS-L-SL-POL,Large,Polyester,,Blue Hexagon,17.45,0,0,0,0
2-M-BHX-SS-XS-SL-POL,2-M-BHX-SS-XL-SL-POL,Extra Large,Polyester,,Blue Hexagon,17.45,0,0,0,0
2-M-BHX-SS-XS-SL-POL,2-M-BHX-SS-2XL-SL-POL,2X Large,Polyester,,Blue Hexagon,17.45,0,0,0,0
2-M-BHX-SS-XS-SL-POL,2-M-BHX-SS-3XL-SL-POL,3X Large ,Polyester,,Blue Hexagon,17.45,0,0,0,0
2-M-BHX-SS-XS-RL-POL,2-M-BHX-SS-S-RL-POL,Small,Polyester,,Blue Hexagon,17.45,0,0,0,0
2-M-BHX-SS-XS-RL-POL,2-M-BHX-SS-M-RL-POL,Medium,Polyester,,Blue Hexagon,17.45,0,0,0,0
2-M-BHX-SS-XS-RL-POL,2-M-BHX-SS-L-RL-POL,Large,Polyester,,Blue Hexagon,17.45,0,0,0,0
2-M-BHX-SS-XS-RL-POL,2-M-BHX-SS-XL-RL-POL,Extra Large,Polyester,,Blue Hexagon,17.45,0,0,0,0
2-M-BHX-SS-XS-RL-POL,2-M-BHX-SS-2XL-RL-POL,2X Large,Polyester,,Blue Hexagon,17.45,0,0,0,0
2-M-BHX-SS-XS-RL-POL,2-M-BHX-SS-3XL-RL-POL,3X Large ,Polyester,,Blue Hexagon,17.45,0,0,0,0
2-W-BHX-LS-XS-SL-POL,2-W-BHX-LS-XS-SL-POL,Extra Small,Polyester,,Blue Hexagon,18.75,0,0,0,0
2-W-BHX-LS-XS-SL-POL,2-W-BHX-LS-S-SL-POL,Small,Polyester,,Blue Hexagon,18.75,0,0,0,0
2-W-BHX-LS-XS-SL-POL,2-W-BHX-LS-M-SL-POL,Medium,Polyester,,Blue Hexagon,18.75,0,0,0,0
2-W-BHX-LS-XS-SL-POL,2-W-BHX-LS-L-SL-POL,Large,Polyester,,Blue Hexagon,18.75,0,0,0,0
2-W-BHX-LS-XS-SL-POL,2-W-BHX-LS-XL-SL-POL,Extra Large,Polyester,,Blue Hexagon,18.75,0,0,0,0
2-W-BHX-LS-XS-SL-POL,2-W-BHX-LS-2XL-SL-POL,2X Large,Polyester,,Blue Hexagon,18.75,0,0,0,0
2-W-BHX-LS-XS-SL-POL,2-W-BHX-LS-3XL-SL-POL,3X Large ,Polyester,,Blue Hexagon,18.75,0,0,0,0
2-W-BHX-LS-XS-RL-POL,2-W-BHX-LS-XS-RL-POL,Extra Small,Polyester,,Blue Hexagon,18.75,0,0,0,0
2-W-BHX-LS-XS-RL-POL,2-W-BHX-LS-S-RL-POL,Small,Polyester,,Blue Hexagon,18.75,0,0,0,0
2-W-BHX-LS-XS-RL-POL,2-W-BHX-LS-M-RL-POL,Medium,Polyester,,Blue Hexagon,18.75,0,0,0,0
2-W-BHX-LS-XS-RL-POL,2-W-BHX-LS-L-RL-POL,Large,Polyester,,Blue Hexagon,18.75,0,0,0,0
2-W-BHX-LS-XS-RL-POL,2-W-BHX-LS-XL-RL-POL,Extra Large,Polyester,,Blue Hexagon,18.75,0,0,0,0
2-W-BHX-LS-XS-RL-POL,2-W-BHX-LS-2XL-RL-POL,2X Large,Polyester,,Blue Hexagon,18.75,0,0,0,0
2-W-BHX-LS-XS-RL-POL,2-W-BHX-LS-3XL-RL-POL,3X Large ,Polyester,,Blue Hexagon,18.75,0,0,0,0
2-W-BHX-SS-XS-SL-POL,2-W-BHX-SS-XS-SL-POL,Extra Small,Polyester,,Blue Hexagon,17.45,0,0,0,0
2-W-BHX-SS-XS-SL-POL,2-W-BHX-SS-S-SL-POL,Small,Polyester,,Blue Hexagon,17.45,0,0,0,0
2-W-BHX-SS-XS-SL-POL,2-W-BHX-SS-M-SL-POL,Medium,Polyester,,Blue Hexagon,17.45,0,0,0,0
2-W-BHX-SS-XS-SL-POL,2-W-BHX-SS-L-SL-POL,Large,Polyester,,Blue Hexagon,17.45,0,0,0,0
2-W-BHX-SS-XS-SL-POL,2-W-BHX-SS-XL-SL-POL,Extra Large,Polyester,,Blue Hexagon,17.45,0,0,0,0
2-W-BHX-SS-XS-SL-POL,2-W-BHX-SS-2XL-SL-POL,2X Large,Polyester,,Blue Hexagon,17.45,0,0,0,0
2-W-BHX-SS-XS-SL-POL,2-W-BHX-SS-3XL-SL-POL,3X Large ,Polyester,,Blue Hexagon,17.45,0,0,0,0
2-W-BHX-SS-XS-RL-POL,2-W-BHX-SS-XS-RL-POL,Extra Small,Polyester,,Blue Hexagon,17.45,0,0,0,0
2-W-BHX-SS-XS-RL-POL,2-W-BHX-SS-S-RL-POL,Small,Polyester,,Blue Hexagon,17.45,0,0,0,0
2-W-BHX-SS-XS-RL-POL,2-W-BHX-SS-M-RL-POL,Medium,Polyester,,Blue Hexagon,17.45,0,0,0,0
2-W-BHX-SS-XS-RL-POL,2-W-BHX-SS-L-RL-POL,Large,Polyester,,Blue Hexagon,17.45,0,0,0,0
2-W-BHX-SS-XS-RL-POL,2-W-BHX-SS-XL-RL-POL,Extra Large,Polyester,,Blue Hexagon,17.45,0,0,0,0
2-W-BHX-SS-XS-RL-POL,2-W-BHX-SS-2XL-RL-POL,2X Large,Polyester,,Blue Hexagon,17.45,0,0,0,0
2-W-BHX-SS-XS-RL-POL,2-W-BHX-SS-3XL-RL-POL,3X Large ,Polyester,,Blue Hexagon,17.45,0,0,0,0
1-M-GHX-LS-XS-SL-POL,1-M-GHX-LS-S-SL-POL,Small,Polyester,,Green Hexagon,18.75,0,0,0,0
1-M-GHX-LS-XS-SL-POL,1-M-GHX-LS-M-SL-POL,Medium,Polyester,,Green Hexagon,18.75,0,0,0,0
1-M-GHX-LS-XS-SL-POL,1-M-GHX-LS-L-SL-POL,Large,Polyester,,Green Hexagon,18.75,0,0,0,0
1-M-GHX-LS-XS-SL-POL,1-M-GHX-LS-XL-SL-POL,Extra Large,Polyester,,Green Hexagon,18.75,0,0,0,0
1-M-GHX-LS-XS-SL-POL,1-M-GHX-LS-2XL-SL-POL,2X Large,Polyester,,Green Hexagon,18.75,0,0,0,0
1-M-GHX-LS-XS-SL-POL,1-M-GHX-LS-3XL-SL-POL,3X Large ,Polyester,,Green Hexagon,18.75,0,0,0,0
1-M-GHX-LS-XS-RL-POL,1-M-GHX-LS-S-RL-POL,Small,Polyester,,Green Hexagon,18.75,0,0,0,0
1-M-GHX-LS-XS-RL-POL,1-M-GHX-LS-M-RL-POL,Medium,Polyester,,Green Hexagon,18.75,0,0,0,0
1-M-GHX-LS-XS-RL-POL,1-M-GHX-LS-L-RL-POL,Large,Polyester,,Green Hexagon,18.75,0,0,0,0
1-M-GHX-LS-XS-RL-POL,1-M-GHX-LS-XL-RL-POL,Extra Large,Polyester,,Green Hexagon,18.75,0,0,0,0
1-M-GHX-LS-XS-RL-POL,1-M-GHX-LS-2XL-RL-POL,2X Large,Polyester,,Green Hexagon,18.75,0,0,0,0
1-M-GHX-LS-XS-RL-POL,1-M-GHX-LS-3XL-RL-POL,3X Large ,Polyester,,Green Hexagon,18.75,0,0,0,0
1-M-GHX-SS-XS-SL-POL,1-M-GHX-SS-S-SL-POL,Small,Polyester,,Green Hexagon,17.45,0,0,0,0
1-M-GHX-SS-XS-SL-POL,1-M-GHX-SS-M-SL-POL,Medium,Polyester,,Green Hexagon,17.45,0,0,0,0
1-M-GHX-SS-XS-SL-POL,1-M-GHX-SS-L-SL-POL,Large,Polyester,,Green Hexagon,17.45,0,0,0,0
1-M-GHX-SS-XS-SL-POL,1-M-GHX-SS-XL-SL-POL,Extra Large,Polyester,,Green Hexagon,17.45,0,0,0,0
1-M-GHX-SS-XS-SL-POL,1-M-GHX-SS-2XL-SL-POL,2X Large,Polyester,,Green Hexagon,17.45,0,0,0,0
1-M-GHX-SS-XS-SL-POL,1-M-GHX-SS-3XL-SL-POL,3X Large ,Polyester,,Green Hexagon,17.45,0,0,0,0
1-M-GHX-SS-XS-RL-POL,1-M-GHX-SS-S-RL-POL,Small,Polyester,,Green Hexagon,17.45,0,0,0,0
1-M-GHX-SS-XS-RL-POL,1-M-GHX-SS-M-RL-POL,Medium,Polyester,,Green Hexagon,17.45,0,0,0,0
1-M-GHX-SS-XS-RL-POL,1-M-GHX-SS-L-RL-POL,Large,Polyester,,Green Hexagon,17.45,0,0,0,0
1-M-GHX-SS-XS-RL-POL,1-M-GHX-SS-XL-RL-POL,Extra Large,Polyester,,Green Hexagon,17.45,0,0,0,0
1-M-GHX-SS-XS-RL-POL,1-M-GHX-SS-2XL-RL-POL,2X Large,Polyester,,Green Hexagon,17.45,0,0,0,0
1-M-GHX-SS-XS-RL-POL,1-M-GHX-SS-3XL-RL-POL,3X Large ,Polyester,,Green Hexagon,17.45,0,0,0,0
1-W-GHX-LS-XS-SL-POL,1-W-GHX-LS-XS-SL-POL,Extra Small,Polyester,,Green Hexagon,18.75,0,0,0,0
1-W-GHX-LS-XS-SL-POL,1-W-GHX-LS-S-SL-POL,Small,Polyester,,Green Hexagon,18.75,0,0,0,0
1-W-GHX-LS-XS-SL-POL,1-W-GHX-LS-M-SL-POL,Medium,Polyester,,Green Hexagon,18.75,0,0,0,0
1-W-GHX-LS-XS-SL-POL,1-W-GHX-LS-L-SL-POL,Large,Polyester,,Green Hexagon,18.75,0,0,0,0
1-W-GHX-LS-XS-SL-POL,1-W-GHX-LS-XL-SL-POL,Extra Large,Polyester,,Green Hexagon,18.75,0,0,0,0
1-W-GHX-LS-XS-SL-POL,1-W-GHX-LS-2XL-SL-POL,2X Large,Polyester,,Green Hexagon,18.75,0,0,0,0
1-W-GHX-LS-XS-SL-POL,1-W-GHX-LS-3XL-SL-POL,3X Large ,Polyester,,Green Hexagon,18.75,0,0,0,0
1-W-GHX-LS-XS-RL-POL,1-W-GHX-LS-XS-RL-POL,Extra Small,Polyester,,Green Hexagon,18.75,0,0,0,0
1-W-GHX-LS-XS-RL-POL,1-W-GHX-LS-S-RL-POL,Small,Polyester,,Green Hexagon,18.75,0,0,0,0
1-W-GHX-LS-XS-RL-POL,1-W-GHX-LS-M-RL-POL,Medium,Polyester,,Green Hexagon,18.75,0,0,0,0
1-W-GHX-LS-XS-RL-POL,1-W-GHX-LS-L-RL-POL,Large,Polyester,,Green Hexagon,18.75,0,0,0,0
1-W-GHX-LS-XS-RL-POL,1-W-GHX-LS-XL-RL-POL,Extra Large,Polyester,,Green Hexagon,18.75,0,0,0,0
1-W-GHX-LS-XS-RL-POL,1-W-GHX-LS-2XL-RL-POL,2X Large,Polyester,,Green Hexagon,18.75,0,0,0,0
1-W-GHX-LS-XS-RL-POL,1-W-GHX-LS-3XL-RL-POL,3X Large ,Polyester,,Green Hexagon,18.75,0,0,0,0
1-W-GHX-SS-XS-SL-POL,1-W-GHX-SS-XS-SL-POL,Extra Small,Polyester,,Green Hexagon,17.45,0,0,0,0
1-W-GHX-SS-XS-SL-POL,1-W-GHX-SS-S-SL-POL,Small,Polyester,,Green Hexagon,17.45,0,0,0,0
1-W-GHX-SS-XS-SL-POL,1-W-GHX-SS-M-SL-POL,Medium,Polyester,,Green Hexagon,17.45,0,0,0,0
1-W-GHX-SS-XS-SL-POL,1-W-GHX-SS-L-SL-POL,Large,Polyester,,Green Hexagon,17.45,0,0,0,0
1-W-GHX-SS-XS-SL-POL,1-W-GHX-SS-XL-SL-POL,Extra Large,Polyester,,Green Hexagon,17.45,0,0,0,0
1-W-GHX-SS-XS-SL-POL,1-W-GHX-SS-2XL-SL-POL,2X Large,Polyester,,Green Hexagon,17.45,0,0,0,0
1-W-GHX-SS-XS-SL-POL,1-W-GHX-SS-3XL-SL-POL,3X Large ,Polyester,,Green Hexagon,17.45,0,0,0,0
1-W-GHX-SS-XS-RL-POL,1-W-GHX-SS-XS-RL-POL,Extra Small,Polyester,,Green Hexagon,17.45,0,0,0,0
1-W-GHX-SS-XS-RL-POL,1-W-GHX-SS-S-RL-POL,Small,Polyester,,Green Hexagon,17.45,0,0,0,0
1-W-GHX-SS-XS-RL-POL,1-W-GHX-SS-M-RL-POL,Medium,Polyester,,Green Hexagon,17.45,0,0,0,0
1-W-GHX-SS-XS-RL-POL,1-W-GHX-SS-L-RL-POL,Large,Polyester,,Green Hexagon,17.45,0,0,0,0
1-W-GHX-SS-XS-RL-POL,1-W-GHX-SS-XL-RL-POL,Extra Large,Polyester,,Green Hexagon,17.45,0,0,0,0
1-W-GHX-SS-XS-RL-POL,1-W-GHX-SS-2XL-RL-POL,2X Large,Polyester,,Green Hexagon,17.45,0,0,0,0
1-W-GHX-SS-XS-RL-POL,1-W-GHX-SS-3XL-RL-POL,3X Large ,Polyester,,Green Hexagon,17.45,0,0,0,0
2-M-GHX-LS-XS-SL-POL,2-M-GHX-LS-S-SL-POL,Small,Polyester,,Green Hexagon,18.75,0,0,0,0
2-M-GHX-LS-XS-SL-POL,2-M-GHX-LS-M-SL-POL,Medium,Polyester,,Green Hexagon,18.75,0,0,0,0
2-M-GHX-LS-XS-SL-POL,2-M-GHX-LS-L-SL-POL,Large,Polyester,,Green Hexagon,18.75,0,0,0,0
2-M-GHX-LS-XS-SL-POL,2-M-GHX-LS-XL-SL-POL,Extra Large,Polyester,,Green Hexagon,18.75,0,0,0,0
2-M-GHX-LS-XS-SL-POL,2-M-GHX-LS-2XL-SL-POL,2X Large,Polyester,,Green Hexagon,18.75,0,0,0,0
2-M-GHX-LS-XS-SL-POL,2-M-GHX-LS-3XL-SL-POL,3X Large ,Polyester,,Green Hexagon,18.75,0,0,0,0
2-M-GHX-LS-XS-RL-POL,2-M-GHX-LS-S-RL-POL,Small,Polyester,,Green Hexagon,18.75,0,0,0,0
2-M-GHX-LS-XS-RL-POL,2-M-GHX-LS-M-RL-POL,Medium,Polyester,,Green Hexagon,18.75,0,0,0,0
2-M-GHX-LS-XS-RL-POL,2-M-GHX-LS-L-RL-POL,Large,Polyester,,Green Hexagon,18.75,0,0,0,0
2-M-GHX-LS-XS-RL-POL,2-M-GHX-LS-XL-RL-POL,Extra Large,Polyester,,Green Hexagon,18.75,0,0,0,0
2-M-GHX-LS-XS-RL-POL,2-M-GHX-LS-2XL-RL-POL,2X Large,Polyester,,Green Hexagon,18.75,0,0,0,0
2-M-GHX-LS-XS-RL-POL,2-M-GHX-LS-3XL-RL-POL,3X Large ,Polyester,,Green Hexagon,18.75,0,0,0,0
2-M-GHX-SS-XS-SL-POL,2-M-GHX-SS-S-SL-POL,Small,Polyester,,Green Hexagon,17.45,0,0,0,0
2-M-GHX-SS-XS-SL-POL,2-M-GHX-SS-M-SL-POL,Medium,Polyester,,Green Hexagon,17.45,0,0,0,0
2-M-GHX-SS-XS-SL-POL,2-M-GHX-SS-L-SL-POL,Large,Polyester,,Green Hexagon,17.45,0,0,0,0
2-M-GHX-SS-XS-SL-POL,2-M-GHX-SS-XL-SL-POL,Extra Large,Polyester,,Green Hexagon,17.45,0,0,0,0
2-M-GHX-SS-XS-SL-POL,2-M-GHX-SS-2XL-SL-POL,2X Large,Polyester,,Green Hexagon,17.45,0,0,0,0
2-M-GHX-SS-XS-SL-POL,2-M-GHX-SS-3XL-SL-POL,3X Large ,Polyester,,Green Hexagon,17.45,0,0,0,0
2-M-GHX-SS-XS-RL-POL,2-M-GHX-SS-S-RL-POL,Small,Polyester,,Green Hexagon,17.45,0,0,0,0
2-M-GHX-SS-XS-RL-POL,2-M-GHX-SS-M-RL-POL,Medium,Polyester,,Green Hexagon,17.45,0,0,0,0
2-M-GHX-SS-XS-RL-POL,2-M-GHX-SS-L-RL-POL,Large,Polyester,,Green Hexagon,17.45,0,0,0,0
2-M-GHX-SS-XS-RL-POL,2-M-GHX-SS-XL-RL-POL,Extra Large,Polyester,,Green Hexagon,17.45,0,0,0,0
2-M-GHX-SS-XS-RL-POL,2-M-GHX-SS-2XL-RL-POL,2X Large,Polyester,,Green Hexagon,17.45,0,0,0,0
2-M-GHX-SS-XS-RL-POL,2-M-GHX-SS-3XL-RL-POL,3X Large ,Polyester,,Green Hexagon,17.45,0,0,0,0
2-W-GHX-LS-XS-SL-POL,2-W-GHX-LS-XS-SL-POL,Extra Small,Polyester,,Green Hexagon,18.75,0,0,0,0
2-W-GHX-LS-XS-SL-POL,2-W-GHX-LS-S-SL-POL,Small,Polyester,,Green Hexagon,18.75,0,0,0,0
2-W-GHX-LS-XS-SL-POL,2-W-GHX-LS-M-SL-POL,Medium,Polyester,,Green Hexagon,18.75,0,0,0,0
2-W-GHX-LS-XS-SL-POL,2-W-GHX-LS-L-SL-POL,Large,Polyester,,Green Hexagon,18.75,0,0,0,0
2-W-GHX-LS-XS-SL-POL,2-W-GHX-LS-XL-SL-POL,Extra Large,Polyester,,Green Hexagon,18.75,0,0,0,0
2-W-GHX-LS-XS-SL-POL,2-W-GHX-LS-2XL-SL-POL,2X Large,Polyester,,Green Hexagon,18.75,0,0,0,0
2-W-GHX-LS-XS-SL-POL,2-W-GHX-LS-3XL-SL-POL,3X Large ,Polyester,,Green Hexagon,18.75,0,0,0,0
2-W-GHX-LS-XS-RL-POL,2-W-GHX-LS-XS-RL-POL,Extra Small,Polyester,,Green Hexagon,18.75,0,0,0,0
2-W-GHX-LS-XS-RL-POL,2-W-GHX-LS-S-RL-POL,Small,Polyester,,Green Hexagon,18.75,0,0,0,0
2-W-GHX-LS-XS-RL-POL,2-W-GHX-LS-M-RL-POL,Medium,Polyester,,Green Hexagon,18.75,0,0,0,0
2-W-GHX-LS-XS-RL-POL,2-W-GHX-LS-L-RL-POL,Large,Polyester,,Green Hexagon,18.75,0,0,0,0
2-W-GHX-LS-XS-RL-POL,2-W-GHX-LS-XL-RL-POL,Extra Large,Polyester,,Green Hexagon,18.75,0,0,0,0
2-W-GHX-LS-XS-RL-POL,2-W-GHX-LS-2XL-RL-POL,2X Large,Polyester,,Green Hexagon,18.75,0,0,0,0
2-W-GHX-LS-XS-RL-POL,2-W-GHX-LS-3XL-RL-POL,3X Large ,Polyester,,Green Hexagon,18.75,0,0,0,0
2-W-GHX-SS-XS-SL-POL,2-W-GHX-SS-XS-SL-POL,Extra Small,Polyester,,Green Hexagon,17.45,0,0,0,0
2-W-GHX-SS-XS-SL-POL,2-W-GHX-SS-S-SL-POL,Small,Polyester,,Green Hexagon,17.45,0,0,0,0
2-W-GHX-SS-XS-SL-POL,2-W-GHX-SS-M-SL-POL,Medium,Polyester,,Green Hexagon,17.45,0,0,0,0
2-W-GHX-SS-XS-SL-POL,2-W-GHX-SS-L-SL-POL,Large,Polyester,,Green Hexagon,17.45,0,0,0,0
2-W-GHX-SS-XS-SL-POL,2-W-GHX-SS-XL-SL-POL,Extra Large,Polyester,,Green Hexagon,17.45,0,0,0,0
2-W-GHX-SS-XS-SL-POL,2-W-GHX-SS-2XL-SL-POL,2X Large,Polyester,,Green Hexagon,17.45,0,0,0,0
2-W-GHX-SS-XS-SL-POL,2-W-GHX-SS-3XL-SL-POL,3X Large ,Polyester,,Green Hexagon,17.45,0,0,0,0
2-W-GHX-SS-XS-RL-POL,2-W-GHX-SS-XS-RL-POL,Extra Small,Polyester,,Green Hexagon,17.45,0,0,0,0
2-W-GHX-SS-XS-RL-POL,2-W-GHX-SS-S-RL-POL,Small,Polyester,,Green Hexagon,17.45,0,0,0,0
2-W-GHX-SS-XS-RL-POL,2-W-GHX-SS-M-RL-POL,Medium,Polyester,,Green Hexagon,17.45,0,0,0,0
2-W-GHX-SS-XS-RL-POL,2-W-GHX-SS-L-RL-POL,Large,Polyester,,Green Hexagon,17.45,0,0,0,0
2-W-GHX-SS-XS-RL-POL,2-W-GHX-SS-XL-RL-POL,Extra Large,Polyester,,Green Hexagon,17.45,0,0,0,0
2-W-GHX-SS-XS-RL-POL,2-W-GHX-SS-2XL-RL-POL,2X Large,Polyester,,Green Hexagon,17.45,0,0,0,0
2-W-GHX-SS-XS-RL-POL,2-W-GHX-SS-3XL-RL-POL,3X Large ,Polyester,,Green Hexagon,17.45,0,0,0,0
1-M-RHX-LS-XS-SL-POL,1-M-RHX-LS-S-SL-POL,Small,Polyester,,Red Hexagon,18.75,0,0,0,0
1-M-RHX-LS-XS-SL-POL,1-M-RHX-LS-M-SL-POL,Medium,Polyester,,Red Hexagon,18.75,0,0,0,0
1-M-RHX-LS-XS-SL-POL,1-M-RHX-LS-L-SL-POL,Large,Polyester,,Red Hexagon,18.75,0,0,0,0
1-M-RHX-LS-XS-SL-POL,1-M-RHX-LS-XL-SL-POL,Extra Large,Polyester,,Red Hexagon,18.75,0,0,0,0
1-M-RHX-LS-XS-SL-POL,1-M-RHX-LS-2XL-SL-POL,2X Large,Polyester,,Red Hexagon,18.75,0,0,0,0
1-M-RHX-LS-XS-SL-POL,1-M-RHX-LS-3XL-SL-POL,3X Large ,Polyester,,Red Hexagon,18.75,0,0,0,0
1-M-RHX-LS-XS-RL-POL,1-M-RHX-LS-S-RL-POL,Small,Polyester,,Red Hexagon,18.75,0,0,0,0
1-M-RHX-LS-XS-RL-POL,1-M-RHX-LS-M-RL-POL,Medium,Polyester,,Red Hexagon,18.75,0,0,0,0
1-M-RHX-LS-XS-RL-POL,1-M-RHX-LS-L-RL-POL,Large,Polyester,,Red Hexagon,18.75,0,0,0,0
1-M-RHX-LS-XS-RL-POL,1-M-RHX-LS-XL-RL-POL,Extra Large,Polyester,,Red Hexagon,18.75,0,0,0,0
1-M-RHX-LS-XS-RL-POL,1-M-RHX-LS-2XL-RL-POL,2X Large,Polyester,,Red Hexagon,18.75,0,0,0,0
1-M-RHX-LS-XS-RL-POL,1-M-RHX-LS-3XL-RL-POL,3X Large ,Polyester,,Red Hexagon,18.75,0,0,0,0
1-M-RHX-SS-XS-SL-POL,1-M-RHX-SS-S-SL-POL,Small,Polyester,,Red Hexagon,17.45,0,0,0,0
1-M-RHX-SS-XS-SL-POL,1-M-RHX-SS-M-SL-POL,Medium,Polyester,,Red Hexagon,17.45,0,0,0,0
1-M-RHX-SS-XS-SL-POL,1-M-RHX-SS-L-SL-POL,Large,Polyester,,Red Hexagon,17.45,0,0,0,0
1-M-RHX-SS-XS-SL-POL,1-M-RHX-SS-XL-SL-POL,Extra Large,Polyester,,Red Hexagon,17.45,0,0,0,0
1-M-RHX-SS-XS-SL-POL,1-M-RHX-SS-2XL-SL-POL,2X Large,Polyester,,Red Hexagon,17.45,0,0,0,0
1-M-RHX-SS-XS-SL-POL,1-M-RHX-SS-3XL-SL-POL,3X Large ,Polyester,,Red Hexagon,17.45,0,0,0,0
1-M-RHX-SS-XS-RL-POL,1-M-RHX-SS-S-RL-POL,Small,Polyester,,Red Hexagon,17.45,0,0,0,0
1-M-RHX-SS-XS-RL-POL,1-M-RHX-SS-M-RL-POL,Medium,Polyester,,Red Hexagon,17.45,0,0,0,0
1-M-RHX-SS-XS-RL-POL,1-M-RHX-SS-L-RL-POL,Large,Polyester,,Red Hexagon,17.45,0,0,0,0
1-M-RHX-SS-XS-RL-POL,1-M-RHX-SS-XL-RL-POL,Extra Large,Polyester,,Red Hexagon,17.45,0,0,0,0
1-M-RHX-SS-XS-RL-POL,1-M-RHX-SS-2XL-RL-POL,2X Large,Polyester,,Red Hexagon,17.45,0,0,0,0
1-M-RHX-SS-XS-RL-POL,1-M-RHX-SS-3XL-RL-POL,3X Large ,Polyester,,Red Hexagon,17.45,0,0,0,0
1-W-RHX-LS-XS-SL-POL,1-W-RHX-LS-XS-SL-POL,Extra Small,Polyester,,Red Hexagon,18.75,0,0,0,0
1-W-RHX-LS-XS-SL-POL,1-W-RHX-LS-S-SL-POL,Small,Polyester,,Red Hexagon,18.75,0,0,0,0
1-W-RHX-LS-XS-SL-POL,1-W-RHX-LS-M-SL-POL,Medium,Polyester,,Red Hexagon,18.75,0,0,0,0
1-W-RHX-LS-XS-SL-POL,1-W-RHX-LS-L-SL-POL,Large,Polyester,,Red Hexagon,18.75,0,0,0,0
1-W-RHX-LS-XS-SL-POL,1-W-RHX-LS-XL-SL-POL,Extra Large,Polyester,,Red Hexagon,18.75,0,0,0,0
1-W-RHX-LS-XS-SL-POL,1-W-RHX-LS-2XL-SL-POL,2X Large,Polyester,,Red Hexagon,18.75,0,0,0,0
1-W-RHX-LS-XS-SL-POL,1-W-RHX-LS-3XL-SL-POL,3X Large ,Polyester,,Red Hexagon,18.75,0,0,0,0
1-W-RHX-LS-XS-RL-POL,1-W-RHX-LS-XS-RL-POL,Extra Small,Polyester,,Red Hexagon,18.75,0,0,0,0
1-W-RHX-LS-XS-RL-POL,1-W-RHX-LS-S-RL-POL,Small,Polyester,,Red Hexagon,18.75,0,0,0,0
1-W-RHX-LS-XS-RL-POL,1-W-RHX-LS-M-RL-POL,Medium,Polyester,,Red Hexagon,18.75,0,0,0,0
1-W-RHX-LS-XS-RL-POL,1-W-RHX-LS-L-RL-POL,Large,Polyester,,Red Hexagon,18.75,0,0,0,0
1-W-RHX-LS-XS-RL-POL,1-W-RHX-LS-XL-RL-POL,Extra Large,Polyester,,Red Hexagon,18.75,0,0,0,0
1-W-RHX-LS-XS-RL-POL,1-W-RHX-LS-2XL-RL-POL,2X Large,Polyester,,Red Hexagon,18.75,0,0,0,0
1-W-RHX-LS-XS-RL-POL,1-W-RHX-LS-3XL-RL-POL,3X Large ,Polyester,,Red Hexagon,18.75,0,0,0,0
1-W-RHX-SS-XS-SL-POL,1-W-RHX-SS-XS-SL-POL,Extra Small,Polyester,,Red Hexagon,17.45,0,0,0,0
1-W-RHX-SS-XS-SL-POL,1-W-RHX-SS-S-SL-POL,Small,Polyester,,Red Hexagon,17.45,0,0,0,0
1-W-RHX-SS-XS-SL-POL,1-W-RHX-SS-M-SL-POL,Medium,Polyester,,Red Hexagon,17.45,0,0,0,0
1-W-RHX-SS-XS-SL-POL,1-W-RHX-SS-L-SL-POL,Large,Polyester,,Red Hexagon,17.45,0,0,0,0
1-W-RHX-SS-XS-SL-POL,1-W-RHX-SS-XL-SL-POL,Extra Large,Polyester,,Red Hexagon,17.45,0,0,0,0
1-W-RHX-SS-XS-SL-POL,1-W-RHX-SS-2XL-SL-POL,2X Large,Polyester,,Red Hexagon,17.45,0,0,0,0
1-W-RHX-SS-XS-SL-POL,1-W-RHX-SS-3XL-SL-POL,3X Large ,Polyester,,Red Hexagon,17.45,0,0,0,0
1-W-RHX-SS-XS-RL-POL,1-W-RHX-SS-XS-RL-POL,Extra Small,Polyester,,Red Hexagon,17.45,0,0,0,0
1-W-RHX-SS-XS-RL-POL,1-W-RHX-SS-S-RL-POL,Small,Polyester,,Red Hexagon,17.45,0,0,0,0
1-W-RHX-SS-XS-RL-POL,1-W-RHX-SS-M-RL-POL,Medium,Polyester,,Red Hexagon,17.45,0,0,0,0
1-W-RHX-SS-XS-RL-POL,1-W-RHX-SS-L-RL-POL,Large,Polyester,,Red Hexagon,17.45,0,0,0,0
1-W-RHX-SS-XS-RL-POL,1-W-RHX-SS-XL-RL-POL,Extra Large,Polyester,,Red Hexagon,17.45,0,0,0,0
1-W-RHX-SS-XS-RL-POL,1-W-RHX-SS-2XL-RL-POL,2X Large,Polyester,,Red Hexagon,17.45,0,0,0,0
1-W-RHX-SS-XS-RL-POL,1-W-RHX-SS-3XL-RL-POL,3X Large ,Polyester,,Red Hexagon,17.45,0,0,0,0
2-M-RHX-LS-XS-SL-POL,2-M-RHX-LS-S-SL-POL,Small,Polyester,,Red Hexagon,18.75,0,0,0,0
2-M-RHX-LS-XS-SL-POL,2-M-RHX-LS-M-SL-POL,Medium,Polyester,,Red Hexagon,18.75,0,0,0,0
2-M-RHX-LS-XS-SL-POL,2-M-RHX-LS-L-SL-POL,Large,Polyester,,Red Hexagon,18.75,0,0,0,0
2-M-RHX-LS-XS-SL-POL,2-M-RHX-LS-XL-SL-POL,Extra Large,Polyester,,Red Hexagon,18.75,0,0,0,0
2-M-RHX-LS-XS-SL-POL,2-M-RHX-LS-2XL-SL-POL,2X Large,Polyester,,Red Hexagon,18.75,0,0,0,0
2-M-RHX-LS-XS-SL-POL,2-M-RHX-LS-3XL-SL-POL,3X Large ,Polyester,,Red Hexagon,18.75,0,0,0,0
2-M-RHX-LS-XS-RL-POL,2-M-RHX-LS-S-RL-POL,Small,Polyester,,Red Hexagon,18.75,0,0,0,0
2-M-RHX-LS-XS-RL-POL,2-M-RHX-LS-M-RL-POL,Medium,Polyester,,Red Hexagon,18.75,0,0,0,0
2-M-RHX-LS-XS-RL-POL,2-M-RHX-LS-L-RL-POL,Large,Polyester,,Red Hexagon,18.75,0,0,0,0
2-M-RHX-LS-XS-RL-POL,2-M-RHX-LS-XL-RL-POL,Extra Large,Polyester,,Red Hexagon,18.75,0,0,0,0
2-M-RHX-LS-XS-RL-POL,2-M-RHX-LS-2XL-RL-POL,2X Large,Polyester,,Red Hexagon,18.75,0,0,0,0
2-M-RHX-LS-XS-RL-POL,2-M-RHX-LS-3XL-RL-POL,3X Large ,Polyester,,Red Hexagon,18.75,0,0,0,0
2-M-RHX-SS-XS-SL-POL,2-M-RHX-SS-S-SL-POL,Small,Polyester,,Red Hexagon,17.45,0,0,0,0
2-M-RHX-SS-XS-SL-POL,2-M-RHX-SS-M-SL-POL,Medium,Polyester,,Red Hexagon,17.45,0,0,0,0
2-M-RHX-SS-XS-SL-POL,2-M-RHX-SS-L-SL-POL,Large,Polyester,,Red Hexagon,17.45,0,0,0,0
2-M-RHX-SS-XS-SL-POL,2-M-RHX-SS-XL-SL-POL,Extra Large,Polyester,,Red Hexagon,17.45,0,0,0,0
2-M-RHX-SS-XS-SL-POL,2-M-RHX-SS-2XL-SL-POL,2X Large,Polyester,,Red Hexagon,17.45,0,0,0,0
2-M-RHX-SS-XS-SL-POL,2-M-RHX-SS-3XL-SL-POL,3X Large ,Polyester,,Red Hexagon,17.45,0,0,0,0
2-M-RHX-SS-XS-RL-POL,2-M-RHX-SS-S-RL-POL,Small,Polyester,,Red Hexagon,17.45,0,0,0,0
2-M-RHX-SS-XS-RL-POL,2-M-RHX-SS-M-RL-POL,Medium,Polyester,,Red Hexagon,17.45,0,0,0,0
2-M-RHX-SS-XS-RL-POL,2-M-RHX-SS-L-RL-POL,Large,Polyester,,Red Hexagon,17.45,0,0,0,0
2-M-RHX-SS-XS-RL-POL,2-M-RHX-SS-XL-RL-POL,Extra Large,Polyester,,Red Hexagon,17.45,0,0,0,0
2-M-RHX-SS-XS-RL-POL,2-M-RHX-SS-2XL-RL-POL,2X Large,Polyester,,Red Hexagon,17.45,0,0,0,0
2-M-RHX-SS-XS-RL-POL,2-M-RHX-SS-3XL-RL-POL,3X Large ,Polyester,,Red Hexagon,17.45,0,0,0,0
2-W-RHX-LS-XS-SL-POL,2-W-RHX-LS-XS-SL-POL,Extra Small,Polyester,,Red Hexagon,18.75,0,0,0,0
2-W-RHX-LS-XS-SL-POL,2-W-RHX-LS-S-SL-POL,Small,Polyester,,Red Hexagon,18.75,0,0,0,0
2-W-RHX-LS-XS-SL-POL,2-W-RHX-LS-M-SL-POL,Medium,Polyester,,Red Hexagon,18.75,0,0,0,0
2-W-RHX-LS-XS-SL-POL,2-W-RHX-LS-L-SL-POL,Large,Polyester,,Red Hexagon,18.75,0,0,0,0
2-W-RHX-LS-XS-SL-POL,2-W-RHX-LS-XL-SL-POL,Extra Large,Polyester,,Red Hexagon,18.75,0,0,0,0
2-W-RHX-LS-XS-SL-POL,2-W-RHX-LS-2XL-SL-POL,2X Large,Polyester,,Red Hexagon,18.75,0,0,0,0
2-W-RHX-LS-XS-SL-POL,2-W-RHX-LS-3XL-SL-POL,3X Large ,Polyester,,Red Hexagon,18.75,0,0,0,0
2-W-RHX-LS-XS-RL-POL,2-W-RHX-LS-XS-RL-POL,Extra Small,Polyester,,Red Hexagon,18.75,0,0,0,0
2-W-RHX-LS-XS-RL-POL,2-W-RHX-LS-S-RL-POL,Small,Polyester,,Red Hexagon,18.75,0,0,0,0
2-W-RHX-LS-XS-RL-POL,2-W-RHX-LS-M-RL-POL,Medium,Polyester,,Red Hexagon,18.75,0,0,0,0
2-W-RHX-LS-XS-RL-POL,2-W-RHX-LS-L-RL-POL,Large,Polyester,,Red Hexagon,18.75,0,0,0,0
2-W-RHX-LS-XS-RL-POL,2-W-RHX-LS-XL-RL-POL,Extra Large,Polyester,,Red Hexagon,18.75,0,0,0,0
2-W-RHX-LS-XS-RL-POL,2-W-RHX-LS-2XL-RL-POL,2X Large,Polyester,,Red Hexagon,18.75,0,0,0,0
2-W-RHX-LS-XS-RL-POL,2-W-RHX-LS-3XL-RL-POL,3X Large ,Polyester,,Red Hexagon,18.75,0,0,0,0
2-W-RHX-SS-XS-SL-POL,2-W-RHX-SS-XS-SL-POL,Extra Small,Polyester,,Red Hexagon,17.45,0,0,0,0
2-W-RHX-SS-XS-SL-POL,2-W-RHX-SS-S-SL-POL,Small,Polyester,,Red Hexagon,17.45,0,0,0,0
2-W-RHX-SS-XS-SL-POL,2-W-RHX-SS-M-SL-POL,Medium,Polyester,,Red Hexagon,17.45,0,0,0,0
2-W-RHX-SS-XS-SL-POL,2-W-RHX-SS-L-SL-POL,Large,Polyester,,Red Hexagon,17.45,0,0,0,0
2-W-RHX-SS-XS-SL-POL,2-W-RHX-SS-XL-SL-POL,Extra Large,Polyester,,Red Hexagon,17.45,0,0,0,0
2-W-RHX-SS-XS-SL-POL,2-W-RHX-SS-2XL-SL-POL,2X Large,Polyester,,Red Hexagon,17.45,0,0,0,0
2-W-RHX-SS-XS-SL-POL,2-W-RHX-SS-3XL-SL-POL,3X Large ,Polyester,,Red Hexagon,17.45,0,0,0,0
2-W-RHX-SS-XS-RL-POL,2-W-RHX-SS-XS-RL-POL,Extra Small,Polyester,,Red Hexagon,17.45,0,0,0,0
2-W-RHX-SS-XS-RL-POL,2-W-RHX-SS-S-RL-POL,Small,Polyester,,Red Hexagon,17.45,0,0,0,0
2-W-RHX-SS-XS-RL-POL,2-W-RHX-SS-M-RL-POL,Medium,Polyester,,Red Hexagon,17.45,0,0,0,0
2-W-RHX-SS-XS-RL-POL,2-W-RHX-SS-L-RL-POL,Large,Polyester,,Red Hexagon,17.45,0,0,0,0
2-W-RHX-SS-XS-RL-POL,2-W-RHX-SS-XL-RL-POL,Extra Large,Polyester,,Red Hexagon,17.45,0,0,0,0
2-W-RHX-SS-XS-RL-POL,2-W-RHX-SS-2XL-RL-POL,2X Large,Polyester,,Red Hexagon,17.45,0,0,0,0
2-W-RHX-SS-XS-RL-POL,2-W-RHX-SS-3XL-RL-POL,3X Large ,Polyester,,Red Hexagon,17.45,0,0,0,0
1-M-BWH-LS-XS-SL-POL,1-M-BWH-LS-S-SL-POL,Small,Polyester,,Black / White Houndstooth,18.75,0,0,0,0
1-M-BWH-LS-XS-SL-POL,1-M-BWH-LS-M-SL-POL,Medium,Polyester,,Black / White Houndstooth,18.75,0,0,0,0
1-M-BWH-LS-XS-SL-POL,1-M-BWH-LS-L-SL-POL,Large,Polyester,,Black / White Houndstooth,18.75,0,0,0,0
1-M-BWH-LS-XS-SL-POL,1-M-BWH-LS-XL-SL-POL,Extra Large,Polyester,,Black / White Houndstooth,18.75,0,0,0,0
1-M-BWH-LS-XS-SL-POL,1-M-BWH-LS-2XL-SL-POL,2X Large,Polyester,,Black / White Houndstooth,18.75,0,0,0,0
1-M-BWH-LS-XS-SL-POL,1-M-BWH-LS-3XL-SL-POL,3X Large ,Polyester,,Black / White Houndstooth,18.75,0,0,0,0
1-M-BWH-LS-XS-RL-POL,1-M-BWH-LS-S-RL-POL,Small,Polyester,,Black / White Houndstooth,18.75,0,0,0,0
1-M-BWH-LS-XS-RL-POL,1-M-BWH-LS-M-RL-POL,Medium,Polyester,,Black / White Houndstooth,18.75,0,0,0,0
1-M-BWH-LS-XS-RL-POL,1-M-BWH-LS-L-RL-POL,Large,Polyester,,Black / White Houndstooth,18.75,0,0,0,0
1-M-BWH-LS-XS-RL-POL,1-M-BWH-LS-XL-RL-POL,Extra Large,Polyester,,Black / White Houndstooth,18.75,0,0,0,0
1-M-BWH-LS-XS-RL-POL,1-M-BWH-LS-2XL-RL-POL,2X Large,Polyester,,Black / White Houndstooth,18.75,0,0,0,0
1-M-BWH-LS-XS-RL-POL,1-M-BWH-LS-3XL-RL-POL,3X Large ,Polyester,,Black / White Houndstooth,18.75,0,0,0,0
1-M-BWH-SS-XS-SL-POL,1-M-BWH-SS-S-SL-POL,Small,Polyester,,Black / White Houndstooth,17.45,0,0,0,0
1-M-BWH-SS-XS-SL-POL,1-M-BWH-SS-M-SL-POL,Medium,Polyester,,Black / White Houndstooth,17.45,0,0,0,0
1-M-BWH-SS-XS-SL-POL,1-M-BWH-SS-L-SL-POL,Large,Polyester,,Black / White Houndstooth,17.45,0,0,0,0
1-M-BWH-SS-XS-SL-POL,1-M-BWH-SS-XL-SL-POL,Extra Large,Polyester,,Black / White Houndstooth,17.45,0,0,0,0
1-M-BWH-SS-XS-SL-POL,1-M-BWH-SS-2XL-SL-POL,2X Large,Polyester,,Black / White Houndstooth,17.45,0,0,0,0
1-M-BWH-SS-XS-SL-POL,1-M-BWH-SS-3XL-SL-POL,3X Large ,Polyester,,Black / White Houndstooth,17.45,0,0,0,0
1-M-BWH-SS-XS-RL-POL,1-M-BWH-SS-S-RL-POL,Small,Polyester,,Black / White Houndstooth,17.45,0,0,0,0
1-M-BWH-SS-XS-RL-POL,1-M-BWH-SS-M-RL-POL,Medium,Polyester,,Black / White Houndstooth,17.45,0,0,0,0
1-M-BWH-SS-XS-RL-POL,1-M-BWH-SS-L-RL-POL,Large,Polyester,,Black / White Houndstooth,17.45,0,0,0,0
1-M-BWH-SS-XS-RL-POL,1-M-BWH-SS-XL-RL-POL,Extra Large,Polyester,,Black / White Houndstooth,17.45,0,0,0,0
1-M-BWH-SS-XS-RL-POL,1-M-BWH-SS-2XL-RL-POL,2X Large,Polyester,,Black / White Houndstooth,17.45,0,0,0,0
1-M-BWH-SS-XS-RL-POL,1-M-BWH-SS-3XL-RL-POL,3X Large ,Polyester,,Black / White Houndstooth,17.45,0,0,0,0
1-W-BWH-LS-XS-SL-POL,1-W-BWH-LS-XS-SL-POL,Extra Small,Polyester,,Black / White Houndstooth,18.75,0,0,0,0
1-W-BWH-LS-XS-SL-POL,1-W-BWH-LS-S-SL-POL,Small,Polyester,,Black / White Houndstooth,18.75,0,0,0,0
1-W-BWH-LS-XS-SL-POL,1-W-BWH-LS-M-SL-POL,Medium,Polyester,,Black / White Houndstooth,18.75,0,0,0,0
1-W-BWH-LS-XS-SL-POL,1-W-BWH-LS-L-SL-POL,Large,Polyester,,Black / White Houndstooth,18.75,0,0,0,0
1-W-BWH-LS-XS-SL-POL,1-W-BWH-LS-XL-SL-POL,Extra Large,Polyester,,Black / White Houndstooth,18.75,0,0,0,0
1-W-BWH-LS-XS-SL-POL,1-W-BWH-LS-2XL-SL-POL,2X Large,Polyester,,Black / White Houndstooth,18.75,0,0,0,0
1-W-BWH-LS-XS-SL-POL,1-W-BWH-LS-3XL-SL-POL,3X Large ,Polyester,,Black / White Houndstooth,18.75,0,0,0,0
1-W-BWH-LS-XS-RL-POL,1-W-BWH-LS-XS-RL-POL,Extra Small,Polyester,,Black / White Houndstooth,18.75,0,0,0,0
1-W-BWH-LS-XS-RL-POL,1-W-BWH-LS-S-RL-POL,Small,Polyester,,Black / White Houndstooth,18.75,0,0,0,0
1-W-BWH-LS-XS-RL-POL,1-W-BWH-LS-M-RL-POL,Medium,Polyester,,Black / White Houndstooth,18.75,0,0,0,0
1-W-BWH-LS-XS-RL-POL,1-W-BWH-LS-L-RL-POL,Large,Polyester,,Black / White Houndstooth,18.75,0,0,0,0
1-W-BWH-LS-XS-RL-POL,1-W-BWH-LS-XL-RL-POL,Extra Large,Polyester,,Black / White Houndstooth,18.75,0,0,0,0
1-W-BWH-LS-XS-RL-POL,1-W-BWH-LS-2XL-RL-POL,2X Large,Polyester,,Black / White Houndstooth,18.75,0,0,0,0
1-W-BWH-LS-XS-RL-POL,1-W-BWH-LS-3XL-RL-POL,3X Large ,Polyester,,Black / White Houndstooth,18.75,0,0,0,0
1-W-BWH-SS-XS-SL-POL,1-W-BWH-SS-XS-SL-POL,Extra Small,Polyester,,Black / White Houndstooth,17.45,0,0,0,0
1-W-BWH-SS-XS-SL-POL,1-W-BWH-SS-S-SL-POL,Small,Polyester,,Black / White Houndstooth,17.45,0,0,0,0
1-W-BWH-SS-XS-SL-POL,1-W-BWH-SS-M-SL-POL,Medium,Polyester,,Black / White Houndstooth,17.45,0,0,0,0
1-W-BWH-SS-XS-SL-POL,1-W-BWH-SS-L-SL-POL,Large,Polyester,,Black / White Houndstooth,17.45,0,0,0,0
1-W-BWH-SS-XS-SL-POL,1-W-BWH-SS-XL-SL-POL,Extra Large,Polyester,,Black / White Houndstooth,17.45,0,0,0,0
1-W-BWH-SS-XS-SL-POL,1-W-BWH-SS-2XL-SL-POL,2X Large,Polyester,,Black / White Houndstooth,17.45,0,0,0,0
1-W-BWH-SS-XS-SL-POL,1-W-BWH-SS-3XL-SL-POL,3X Large ,Polyester,,Black / White Houndstooth,17.45,0,0,0,0
1-W-BWH-SS-XS-RL-POL,1-W-BWH-SS-XS-RL-POL,Extra Small,Polyester,,Black / White Houndstooth,17.45,0,0,0,0
1-W-BWH-SS-XS-RL-POL,1-W-BWH-SS-S-RL-POL,Small,Polyester,,Black / White Houndstooth,17.45,0,0,0,0
1-W-BWH-SS-XS-RL-POL,1-W-BWH-SS-M-RL-POL,Medium,Polyester,,Black / White Houndstooth,17.45,0,0,0,0
1-W-BWH-SS-XS-RL-POL,1-W-BWH-SS-L-RL-POL,Large,Polyester,,Black / White Houndstooth,17.45,0,0,0,0
1-W-BWH-SS-XS-RL-POL,1-W-BWH-SS-XL-RL-POL,Extra Large,Polyester,,Black / White Houndstooth,17.45,0,0,0,0
1-W-BWH-SS-XS-RL-POL,1-W-BWH-SS-2XL-RL-POL,2X Large,Polyester,,Black / White Houndstooth,17.45,0,0,0,0
1-W-BWH-SS-XS-RL-POL,1-W-BWH-SS-3XL-RL-POL,3X Large ,Polyester,,Black / White Houndstooth,17.45,0,0,0,0
2-M-BWH-LS-XS-SL-POL,2-M-BWH-LS-S-SL-POL,Small,Polyester,,Black / White Houndstooth,18.75,0,0,0,0
2-M-BWH-LS-XS-SL-POL,2-M-BWH-LS-M-SL-POL,Medium,Polyester,,Black / White Houndstooth,18.75,0,0,0,0
2-M-BWH-LS-XS-SL-POL,2-M-BWH-LS-L-SL-POL,Large,Polyester,,Black / White Houndstooth,18.75,0,0,0,0
2-M-BWH-LS-XS-SL-POL,2-M-BWH-LS-XL-SL-POL,Extra Large,Polyester,,Black / White Houndstooth,18.75,0,0,0,0
2-M-BWH-LS-XS-SL-POL,2-M-BWH-LS-2XL-SL-POL,2X Large,Polyester,,Black / White Houndstooth,18.75,0,0,0,0
2-M-BWH-LS-XS-SL-POL,2-M-BWH-LS-3XL-SL-POL,3X Large ,Polyester,,Black / White Houndstooth,18.75,0,0,0,0
2-M-BWH-LS-XS-RL-POL,2-M-BWH-LS-S-RL-POL,Small,Polyester,,Black / White Houndstooth,18.75,0,0,0,0
2-M-BWH-LS-XS-RL-POL,2-M-BWH-LS-M-RL-POL,Medium,Polyester,,Black / White Houndstooth,18.75,0,0,0,0
2-M-BWH-LS-XS-RL-POL,2-M-BWH-LS-L-RL-POL,Large,Polyester,,Black / White Houndstooth,18.75,0,0,0,0
2-M-BWH-LS-XS-RL-POL,2-M-BWH-LS-XL-RL-POL,Extra Large,Polyester,,Black / White Houndstooth,18.75,0,0,0,0
2-M-BWH-LS-XS-RL-POL,2-M-BWH-LS-2XL-RL-POL,2X Large,Polyester,,Black / White Houndstooth,18.75,0,0,0,0
2-M-BWH-LS-XS-RL-POL,2-M-BWH-LS-3XL-RL-POL,3X Large ,Polyester,,Black / White Houndstooth,18.75,0,0,0,0
2-M-BWH-SS-XS-SL-POL,2-M-BWH-SS-S-SL-POL,Small,Polyester,,Black / White Houndstooth,17.45,0,0,0,0
2-M-BWH-SS-XS-SL-POL,2-M-BWH-SS-M-SL-POL,Medium,Polyester,,Black / White Houndstooth,17.45,0,0,0,0
2-M-BWH-SS-XS-SL-POL,2-M-BWH-SS-L-SL-POL,Large,Polyester,,Black / White Houndstooth,17.45,0,0,0,0
2-M-BWH-SS-XS-SL-POL,2-M-BWH-SS-XL-SL-POL,Extra Large,Polyester,,Black / White Houndstooth,17.45,0,0,0,0
2-M-BWH-SS-XS-SL-POL,2-M-BWH-SS-2XL-SL-POL,2X Large,Polyester,,Black / White Houndstooth,17.45,0,0,0,0
2-M-BWH-SS-XS-SL-POL,2-M-BWH-SS-3XL-SL-POL,3X Large ,Polyester,,Black / White Houndstooth,17.45,0,0,0,0
2-M-BWH-SS-XS-RL-POL,2-M-BWH-SS-S-RL-POL,Small,Polyester,,Black / White Houndstooth,17.45,0,0,0,0
2-M-BWH-SS-XS-RL-POL,2-M-BWH-SS-M-RL-POL,Medium,Polyester,,Black / White Houndstooth,17.45,0,0,0,0
2-M-BWH-SS-XS-RL-POL,2-M-BWH-SS-L-RL-POL,Large,Polyester,,Black / White Houndstooth,17.45,0,0,0,0
2-M-BWH-SS-XS-RL-POL,2-M-BWH-SS-XL-RL-POL,Extra Large,Polyester,,Black / White Houndstooth,17.45,0,0,0,0
2-M-BWH-SS-XS-RL-POL,2-M-BWH-SS-2XL-RL-POL,2X Large,Polyester,,Black / White Houndstooth,17.45,0,0,0,0
2-M-BWH-SS-XS-RL-POL,2-M-BWH-SS-3XL-RL-POL,3X Large ,Polyester,,Black / White Houndstooth,17.45,0,0,0,0
2-W-BWH-LS-XS-SL-POL,2-W-BWH-LS-XS-SL-POL,Extra Small,Polyester,,Black / White Houndstooth,18.75,0,0,0,0
2-W-BWH-LS-XS-SL-POL,2-W-BWH-LS-S-SL-POL,Small,Polyester,,Black / White Houndstooth,18.75,0,0,0,0
2-W-BWH-LS-XS-SL-POL,2-W-BWH-LS-M-SL-POL,Medium,Polyester,,Black / White Houndstooth,18.75,0,0,0,0
2-W-BWH-LS-XS-SL-POL,2-W-BWH-LS-L-SL-POL,Large,Polyester,,Black / White Houndstooth,18.75,0,0,0,0
2-W-BWH-LS-XS-SL-POL,2-W-BWH-LS-XL-SL-POL,Extra Large,Polyester,,Black / White Houndstooth,18.75,0,0,0,0
2-W-BWH-LS-XS-SL-POL,2-W-BWH-LS-2XL-SL-POL,2X Large,Polyester,,Black / White Houndstooth,18.75,0,0,0,0
2-W-BWH-LS-XS-SL-POL,2-W-BWH-LS-3XL-SL-POL,3X Large ,Polyester,,Black / White Houndstooth,18.75,0,0,0,0
2-W-BWH-LS-XS-RL-POL,2-W-BWH-LS-XS-RL-POL,Extra Small,Polyester,,Black / White Houndstooth,18.75,0,0,0,0
2-W-BWH-LS-XS-RL-POL,2-W-BWH-LS-S-RL-POL,Small,Polyester,,Black / White Houndstooth,18.75,0,0,0,0
2-W-BWH-LS-XS-RL-POL,2-W-BWH-LS-M-RL-POL,Medium,Polyester,,Black / White Houndstooth,18.75,0,0,0,0
2-W-BWH-LS-XS-RL-POL,2-W-BWH-LS-L-RL-POL,Large,Polyester,,Black / White Houndstooth,18.75,0,0,0,0
2-W-BWH-LS-XS-RL-POL,2-W-BWH-LS-XL-RL-POL,Extra Large,Polyester,,Black / White Houndstooth,18.75,0,0,0,0
2-W-BWH-LS-XS-RL-POL,2-W-BWH-LS-2XL-RL-POL,2X Large,Polyester,,Black / White Houndstooth,18.75,0,0,0,0
2-W-BWH-LS-XS-RL-POL,2-W-BWH-LS-3XL-RL-POL,3X Large ,Polyester,,Black / White Houndstooth,18.75,0,0,0,0
2-W-BWH-SS-XS-SL-POL,2-W-BWH-SS-XS-SL-POL,Extra Small,Polyester,,Black / White Houndstooth,17.45,0,0,0,0
2-W-BWH-SS-XS-SL-POL,2-W-BWH-SS-S-SL-POL,Small,Polyester,,Black / White Houndstooth,17.45,0,0,0,0
2-W-BWH-SS-XS-SL-POL,2-W-BWH-SS-M-SL-POL,Medium,Polyester,,Black / White Houndstooth,17.45,0,0,0,0
2-W-BWH-SS-XS-SL-POL,2-W-BWH-SS-L-SL-POL,Large,Polyester,,Black / White Houndstooth,17.45,0,0,0,0
2-W-BWH-SS-XS-SL-POL,2-W-BWH-SS-XL-SL-POL,Extra Large,Polyester,,Black / White Houndstooth,17.45,0,0,0,0
2-W-BWH-SS-XS-SL-POL,2-W-BWH-SS-2XL-SL-POL,2X Large,Polyester,,Black / White Houndstooth,17.45,0,0,0,0
2-W-BWH-SS-XS-SL-POL,2-W-BWH-SS-3XL-SL-POL,3X Large ,Polyester,,Black / White Houndstooth,17.45,0,0,0,0
2-W-BWH-SS-XS-RL-POL,2-W-BWH-SS-XS-RL-POL,Extra Small,Polyester,,Black / White Houndstooth,17.45,0,0,0,0
2-W-BWH-SS-XS-RL-POL,2-W-BWH-SS-S-RL-POL,Small,Polyester,,Black / White Houndstooth,17.45,0,0,0,0
2-W-BWH-SS-XS-RL-POL,2-W-BWH-SS-M-RL-POL,Medium,Polyester,,Black / White Houndstooth,17.45,0,0,0,0
2-W-BWH-SS-XS-RL-POL,2-W-BWH-SS-L-RL-POL,Large,Polyester,,Black / White Houndstooth,17.45,0,0,0,0
2-W-BWH-SS-XS-RL-POL,2-W-BWH-SS-XL-RL-POL,Extra Large,Polyester,,Black / White Houndstooth,17.45,0,0,0,0
2-W-BWH-SS-XS-RL-POL,2-W-BWH-SS-2XL-RL-POL,2X Large,Polyester,,Black / White Houndstooth,17.45,0,0,0,0
2-W-BWH-SS-XS-RL-POL,2-W-BWH-SS-3XL-RL-POL,3X Large ,Polyester,,Black / White Houndstooth,17.45,0,0,0,0
1-M-BBH-LS-XS-SL-POL,1-M-BBH-LS-S-SL-POL,Small,Polyester,,Black / Blue Houndstooth ,18.75,0,0,0,0
1-M-BBH-LS-XS-SL-POL,1-M-BBH-LS-M-SL-POL,Medium,Polyester,,Black / Blue Houndstooth ,18.75,0,0,0,0
1-M-BBH-LS-XS-SL-POL,1-M-BBH-LS-L-SL-POL,Large,Polyester,,Black / Blue Houndstooth ,18.75,0,0,0,0
1-M-BBH-LS-XS-SL-POL,1-M-BBH-LS-XL-SL-POL,Extra Large,Polyester,,Black / Blue Houndstooth ,18.75,0,0,0,0
1-M-BBH-LS-XS-SL-POL,1-M-BBH-LS-2XL-SL-POL,2X Large,Polyester,,Black / Blue Houndstooth ,18.75,0,0,0,0
1-M-BBH-LS-XS-SL-POL,1-M-BBH-LS-3XL-SL-POL,3X Large ,Polyester,,Black / Blue Houndstooth ,18.75,0,0,0,0
1-M-BBH-LS-XS-RL-POL,1-M-BBH-LS-S-RL-POL,Small,Polyester,,Black / Blue Houndstooth ,18.75,0,0,0,0
1-M-BBH-LS-XS-RL-POL,1-M-BBH-LS-M-RL-POL,Medium,Polyester,,Black / Blue Houndstooth ,18.75,0,0,0,0
1-M-BBH-LS-XS-RL-POL,1-M-BBH-LS-L-RL-POL,Large,Polyester,,Black / Blue Houndstooth ,18.75,0,0,0,0
1-M-BBH-LS-XS-RL-POL,1-M-BBH-LS-XL-RL-POL,Extra Large,Polyester,,Black / Blue Houndstooth ,18.75,0,0,0,0
1-M-BBH-LS-XS-RL-POL,1-M-BBH-LS-2XL-RL-POL,2X Large,Polyester,,Black / Blue Houndstooth ,18.75,0,0,0,0
1-M-BBH-LS-XS-RL-POL,1-M-BBH-LS-3XL-RL-POL,3X Large ,Polyester,,Black / Blue Houndstooth ,18.75,0,0,0,0
1-M-BBH-SS-XS-SL-POL,1-M-BBH-SS-S-SL-POL,Small,Polyester,,Black / Blue Houndstooth ,17.45,0,0,0,0
1-M-BBH-SS-XS-SL-POL,1-M-BBH-SS-M-SL-POL,Medium,Polyester,,Black / Blue Houndstooth ,17.45,0,0,0,0
1-M-BBH-SS-XS-SL-POL,1-M-BBH-SS-L-SL-POL,Large,Polyester,,Black / Blue Houndstooth ,17.45,0,0,0,0
1-M-BBH-SS-XS-SL-POL,1-M-BBH-SS-XL-SL-POL,Extra Large,Polyester,,Black / Blue Houndstooth ,17.45,0,0,0,0
1-M-BBH-SS-XS-SL-POL,1-M-BBH-SS-2XL-SL-POL,2X Large,Polyester,,Black / Blue Houndstooth ,17.45,0,0,0,0
1-M-BBH-SS-XS-SL-POL,1-M-BBH-SS-3XL-SL-POL,3X Large ,Polyester,,Black / Blue Houndstooth ,17.45,0,0,0,0
1-M-BBH-SS-XS-RL-POL,1-M-BBH-SS-S-RL-POL,Small,Polyester,,Black / Blue Houndstooth ,17.45,0,0,0,0
1-M-BBH-SS-XS-RL-POL,1-M-BBH-SS-M-RL-POL,Medium,Polyester,,Black / Blue Houndstooth ,17.45,0,0,0,0
1-M-BBH-SS-XS-RL-POL,1-M-BBH-SS-L-RL-POL,Large,Polyester,,Black / Blue Houndstooth ,17.45,0,0,0,0
1-M-BBH-SS-XS-RL-POL,1-M-BBH-SS-XL-RL-POL,Extra Large,Polyester,,Black / Blue Houndstooth ,17.45,0,0,0,0
1-M-BBH-SS-XS-RL-POL,1-M-BBH-SS-2XL-RL-POL,2X Large,Polyester,,Black / Blue Houndstooth ,17.45,0,0,0,0
1-M-BBH-SS-XS-RL-POL,1-M-BBH-SS-3XL-RL-POL,3X Large ,Polyester,,Black / Blue Houndstooth ,17.45,0,0,0,0
1-W-BBH-LS-XS-SL-POL,1-W-BBH-LS-XS-SL-POL,Extra Small,Polyester,,Black / Blue Houndstooth ,18.75,0,0,0,0
1-W-BBH-LS-XS-SL-POL,1-W-BBH-LS-S-SL-POL,Small,Polyester,,Black / Blue Houndstooth ,18.75,0,0,0,0
1-W-BBH-LS-XS-SL-POL,1-W-BBH-LS-M-SL-POL,Medium,Polyester,,Black / Blue Houndstooth ,18.75,0,0,0,0
1-W-BBH-LS-XS-SL-POL,1-W-BBH-LS-L-SL-POL,Large,Polyester,,Black / Blue Houndstooth ,18.75,0,0,0,0
1-W-BBH-LS-XS-SL-POL,1-W-BBH-LS-XL-SL-POL,Extra Large,Polyester,,Black / Blue Houndstooth ,18.75,0,0,0,0
1-W-BBH-LS-XS-SL-POL,1-W-BBH-LS-2XL-SL-POL,2X Large,Polyester,,Black / Blue Houndstooth ,18.75,0,0,0,0
1-W-BBH-LS-XS-SL-POL,1-W-BBH-LS-3XL-SL-POL,3X Large ,Polyester,,Black / Blue Houndstooth ,18.75,0,0,0,0
1-W-BBH-LS-XS-RL-POL,1-W-BBH-LS-XS-RL-POL,Extra Small,Polyester,,Black / Blue Houndstooth ,18.75,0,0,0,0
1-W-BBH-LS-XS-RL-POL,1-W-BBH-LS-S-RL-POL,Small,Polyester,,Black / Blue Houndstooth ,18.75,0,0,0,0
1-W-BBH-LS-XS-RL-POL,1-W-BBH-LS-M-RL-POL,Medium,Polyester,,Black / Blue Houndstooth ,18.75,0,0,0,0
1-W-BBH-LS-XS-RL-POL,1-W-BBH-LS-L-RL-POL,Large,Polyester,,Black / Blue Houndstooth ,18.75,0,0,0,0
1-W-BBH-LS-XS-RL-POL,1-W-BBH-LS-XL-RL-POL,Extra Large,Polyester,,Black / Blue Houndstooth ,18.75,0,0,0,0
1-W-BBH-LS-XS-RL-POL,1-W-BBH-LS-2XL-RL-POL,2X Large,Polyester,,Black / Blue Houndstooth ,18.75,0,0,0,0
1-W-BBH-LS-XS-RL-POL,1-W-BBH-LS-3XL-RL-POL,3X Large ,Polyester,,Black / Blue Houndstooth ,18.75,0,0,0,0
1-W-BBH-SS-XS-SL-POL,1-W-BBH-SS-XS-SL-POL,Extra Small,Polyester,,Black / Blue Houndstooth ,17.45,0,0,0,0
1-W-BBH-SS-XS-SL-POL,1-W-BBH-SS-S-SL-POL,Small,Polyester,,Black / Blue Houndstooth ,17.45,0,0,0,0
1-W-BBH-SS-XS-SL-POL,1-W-BBH-SS-M-SL-POL,Medium,Polyester,,Black / Blue Houndstooth ,17.45,0,0,0,0
1-W-BBH-SS-XS-SL-POL,1-W-BBH-SS-L-SL-POL,Large,Polyester,,Black / Blue Houndstooth ,17.45,0,0,0,0
1-W-BBH-SS-XS-SL-POL,1-W-BBH-SS-XL-SL-POL,Extra Large,Polyester,,Black / Blue Houndstooth ,17.45,0,0,0,0
1-W-BBH-SS-XS-SL-POL,1-W-BBH-SS-2XL-SL-POL,2X Large,Polyester,,Black / Blue Houndstooth ,17.45,0,0,0,0
1-W-BBH-SS-XS-SL-POL,1-W-BBH-SS-3XL-SL-POL,3X Large ,Polyester,,Black / Blue Houndstooth ,17.45,0,0,0,0
1-W-BBH-SS-XS-RL-POL,1-W-BBH-SS-XS-RL-POL,Extra Small,Polyester,,Black / Blue Houndstooth ,17.45,0,0,0,0
1-W-BBH-SS-XS-RL-POL,1-W-BBH-SS-S-RL-POL,Small,Polyester,,Black / Blue Houndstooth ,17.45,0,0,0,0
1-W-BBH-SS-XS-RL-POL,1-W-BBH-SS-M-RL-POL,Medium,Polyester,,Black / Blue Houndstooth ,17.45,0,0,0,0
1-W-BBH-SS-XS-RL-POL,1-W-BBH-SS-L-RL-POL,Large,Polyester,,Black / Blue Houndstooth ,17.45,0,0,0,0
1-W-BBH-SS-XS-RL-POL,1-W-BBH-SS-XL-RL-POL,Extra Large,Polyester,,Black / Blue Houndstooth ,17.45,0,0,0,0
1-W-BBH-SS-XS-RL-POL,1-W-BBH-SS-2XL-RL-POL,2X Large,Polyester,,Black / Blue Houndstooth ,17.45,0,0,0,0
1-W-BBH-SS-XS-RL-POL,1-W-BBH-SS-3XL-RL-POL,3X Large ,Polyester,,Black / Blue Houndstooth ,17.45,0,0,0,0
2-M-BBH-LS-XS-SL-POL,2-M-BBH-LS-S-SL-POL,Small,Polyester,,Black / Blue Houndstooth ,18.75,0,0,0,0
2-M-BBH-LS-XS-SL-POL,2-M-BBH-LS-M-SL-POL,Medium,Polyester,,Black / Blue Houndstooth ,18.75,0,0,0,0
2-M-BBH-LS-XS-SL-POL,2-M-BBH-LS-L-SL-POL,Large,Polyester,,Black / Blue Houndstooth ,18.75,0,0,0,0
2-M-BBH-LS-XS-SL-POL,2-M-BBH-LS-XL-SL-POL,Extra Large,Polyester,,Black / Blue Houndstooth ,18.75,0,0,0,0
2-M-BBH-LS-XS-SL-POL,2-M-BBH-LS-2XL-SL-POL,2X Large,Polyester,,Black / Blue Houndstooth ,18.75,0,0,0,0
2-M-BBH-LS-XS-SL-POL,2-M-BBH-LS-3XL-SL-POL,3X Large ,Polyester,,Black / Blue Houndstooth ,18.75,0,0,0,0
2-M-BBH-LS-XS-RL-POL,2-M-BBH-LS-S-RL-POL,Small,Polyester,,Black / Blue Houndstooth ,18.75,0,0,0,0
2-M-BBH-LS-XS-RL-POL,2-M-BBH-LS-M-RL-POL,Medium,Polyester,,Black / Blue Houndstooth ,18.75,0,0,0,0
2-M-BBH-LS-XS-RL-POL,2-M-BBH-LS-L-RL-POL,Large,Polyester,,Black / Blue Houndstooth ,18.75,0,0,0,0
2-M-BBH-LS-XS-RL-POL,2-M-BBH-LS-XL-RL-POL,Extra Large,Polyester,,Black / Blue Houndstooth ,18.75,0,0,0,0
2-M-BBH-LS-XS-RL-POL,2-M-BBH-LS-2XL-RL-POL,2X Large,Polyester,,Black / Blue Houndstooth ,18.75,0,0,0,0
2-M-BBH-LS-XS-RL-POL,2-M-BBH-LS-3XL-RL-POL,3X Large ,Polyester,,Black / Blue Houndstooth ,18.75,0,0,0,0
2-M-BBH-SS-XS-SL-POL,2-M-BBH-SS-S-SL-POL,Small,Polyester,,Black / Blue Houndstooth ,17.45,0,0,0,0
2-M-BBH-SS-XS-SL-POL,2-M-BBH-SS-M-SL-POL,Medium,Polyester,,Black / Blue Houndstooth ,17.45,0,0,0,0
2-M-BBH-SS-XS-SL-POL,2-M-BBH-SS-L-SL-POL,Large,Polyester,,Black / Blue Houndstooth ,17.45,0,0,0,0
2-M-BBH-SS-XS-SL-POL,2-M-BBH-SS-XL-SL-POL,Extra Large,Polyester,,Black / Blue Houndstooth ,17.45,0,0,0,0
2-M-BBH-SS-XS-SL-POL,2-M-BBH-SS-2XL-SL-POL,2X Large,Polyester,,Black / Blue Houndstooth ,17.45,0,0,0,0
2-M-BBH-SS-XS-SL-POL,2-M-BBH-SS-3XL-SL-POL,3X Large ,Polyester,,Black / Blue Houndstooth ,17.45,0,0,0,0
2-M-BBH-SS-XS-RL-POL,2-M-BBH-SS-S-RL-POL,Small,Polyester,,Black / Blue Houndstooth ,17.45,0,0,0,0
2-M-BBH-SS-XS-RL-POL,2-M-BBH-SS-M-RL-POL,Medium,Polyester,,Black / Blue Houndstooth ,17.45,0,0,0,0
2-M-BBH-SS-XS-RL-POL,2-M-BBH-SS-L-RL-POL,Large,Polyester,,Black / Blue Houndstooth ,17.45,0,0,0,0
2-M-BBH-SS-XS-RL-POL,2-M-BBH-SS-XL-RL-POL,Extra Large,Polyester,,Black / Blue Houndstooth ,17.45,0,0,0,0
2-M-BBH-SS-XS-RL-POL,2-M-BBH-SS-2XL-RL-POL,2X Large,Polyester,,Black / Blue Houndstooth ,17.45,0,0,0,0
2-M-BBH-SS-XS-RL-POL,2-M-BBH-SS-3XL-RL-POL,3X Large ,Polyester,,Black / Blue Houndstooth ,17.45,0,0,0,0
2-W-BBH-LS-XS-SL-POL,2-W-BBH-LS-XS-SL-POL,Extra Small,Polyester,,Black / Blue Houndstooth ,18.75,0,0,0,0
2-W-BBH-LS-XS-SL-POL,2-W-BBH-LS-S-SL-POL,Small,Polyester,,Black / Blue Houndstooth ,18.75,0,0,0,0
2-W-BBH-LS-XS-SL-POL,2-W-BBH-LS-M-SL-POL,Medium,Polyester,,Black / Blue Houndstooth ,18.75,0,0,0,0
2-W-BBH-LS-XS-SL-POL,2-W-BBH-LS-L-SL-POL,Large,Polyester,,Black / Blue Houndstooth ,18.75,0,0,0,0
2-W-BBH-LS-XS-SL-POL,2-W-BBH-LS-XL-SL-POL,Extra Large,Polyester,,Black / Blue Houndstooth ,18.75,0,0,0,0
2-W-BBH-LS-XS-SL-POL,2-W-BBH-LS-2XL-SL-POL,2X Large,Polyester,,Black / Blue Houndstooth ,18.75,0,0,0,0
2-W-BBH-LS-XS-SL-POL,2-W-BBH-LS-3XL-SL-POL,3X Large ,Polyester,,Black / Blue Houndstooth ,18.75,0,0,0,0
2-W-BBH-LS-XS-RL-POL,2-W-BBH-LS-XS-RL-POL,Extra Small,Polyester,,Black / Blue Houndstooth ,18.75,0,0,0,0
2-W-BBH-LS-XS-RL-POL,2-W-BBH-LS-S-RL-POL,Small,Polyester,,Black / Blue Houndstooth ,18.75,0,0,0,0
2-W-BBH-LS-XS-RL-POL,2-W-BBH-LS-M-RL-POL,Medium,Polyester,,Black / Blue Houndstooth ,18.75,0,0,0,0
2-W-BBH-LS-XS-RL-POL,2-W-BBH-LS-L-RL-POL,Large,Polyester,,Black / Blue Houndstooth ,18.75,0,0,0,0
2-W-BBH-LS-XS-RL-POL,2-W-BBH-LS-XL-RL-POL,Extra Large,Polyester,,Black / Blue Houndstooth ,18.75,0,0,0,0
2-W-BBH-LS-XS-RL-POL,2-W-BBH-LS-2XL-RL-POL,2X Large,Polyester,,Black / Blue Houndstooth ,18.75,0,0,0,0
2-W-BBH-LS-XS-RL-POL,2-W-BBH-LS-3XL-RL-POL,3X Large ,Polyester,,Black / Blue Houndstooth ,18.75,0,0,0,0
2-W-BBH-SS-XS-SL-POL,2-W-BBH-SS-XS-SL-POL,Extra Small,Polyester,,Black / Blue Houndstooth ,17.45,0,0,0,0
2-W-BBH-SS-XS-SL-POL,2-W-BBH-SS-S-SL-POL,Small,Polyester,,Black / Blue Houndstooth ,17.45,0,0,0,0
2-W-BBH-SS-XS-SL-POL,2-W-BBH-SS-M-SL-POL,Medium,Polyester,,Black / Blue Houndstooth ,17.45,0,0,0,0
2-W-BBH-SS-XS-SL-POL,2-W-BBH-SS-L-SL-POL,Large,Polyester,,Black / Blue Houndstooth ,17.45,0,0,0,0
2-W-BBH-SS-XS-SL-POL,2-W-BBH-SS-XL-SL-POL,Extra Large,Polyester,,Black / Blue Houndstooth ,17.45,0,0,0,0
2-W-BBH-SS-XS-SL-POL,2-W-BBH-SS-2XL-SL-POL,2X Large,Polyester,,Black / Blue Houndstooth ,17.45,0,0,0,0
2-W-BBH-SS-XS-SL-POL,2-W-BBH-SS-3XL-SL-POL,3X Large ,Polyester,,Black / Blue Houndstooth ,17.45,0,0,0,0
2-W-BBH-SS-XS-RL-POL,2-W-BBH-SS-XS-RL-POL,Extra Small,Polyester,,Black / Blue Houndstooth ,17.45,0,0,0,0
2-W-BBH-SS-XS-RL-POL,2-W-BBH-SS-S-RL-POL,Small,Polyester,,Black / Blue Houndstooth ,17.45,0,0,0,0
2-W-BBH-SS-XS-RL-POL,2-W-BBH-SS-M-RL-POL,Medium,Polyester,,Black / Blue Houndstooth ,17.45,0,0,0,0
2-W-BBH-SS-XS-RL-POL,2-W-BBH-SS-L-RL-POL,Large,Polyester,,Black / Blue Houndstooth ,17.45,0,0,0,0
2-W-BBH-SS-XS-RL-POL,2-W-BBH-SS-XL-RL-POL,Extra Large,Polyester,,Black / Blue Houndstooth ,17.45,0,0,0,0
2-W-BBH-SS-XS-RL-POL,2-W-BBH-SS-2XL-RL-POL,2X Large,Polyester,,Black / Blue Houndstooth ,17.45,0,0,0,0
2-W-BBH-SS-XS-RL-POL,2-W-BBH-SS-3XL-RL-POL,3X Large ,Polyester,,Black / Blue Houndstooth ,17.45,0,0,0,0
1-M-GGF-LS-XS-SL-POL,1-M-GGF-LS-S-SL-POL,Small,Polyester,,Green / Green Flannel,18.75,0,0,0,0
1-M-GGF-LS-XS-SL-POL,1-M-GGF-LS-M-SL-POL,Medium,Polyester,,Green / Green Flannel,18.75,0,0,0,0
1-M-GGF-LS-XS-SL-POL,1-M-GGF-LS-L-SL-POL,Large,Polyester,,Green / Green Flannel,18.75,0,0,0,0
1-M-GGF-LS-XS-SL-POL,1-M-GGF-LS-XL-SL-POL,Extra Large,Polyester,,Green / Green Flannel,18.75,0,0,0,0
1-M-GGF-LS-XS-SL-POL,1-M-GGF-LS-2XL-SL-POL,2X Large,Polyester,,Green / Green Flannel,18.75,0,0,0,0
1-M-GGF-LS-XS-SL-POL,1-M-GGF-LS-3XL-SL-POL,3X Large ,Polyester,,Green / Green Flannel,18.75,0,0,0,0
1-M-GGF-LS-XS-RL-POL,1-M-GGF-LS-S-RL-POL,Small,Polyester,,Green / Green Flannel,18.75,0,0,0,0
1-M-GGF-LS-XS-RL-POL,1-M-GGF-LS-M-RL-POL,Medium,Polyester,,Green / Green Flannel,18.75,0,0,0,0
1-M-GGF-LS-XS-RL-POL,1-M-GGF-LS-L-RL-POL,Large,Polyester,,Green / Green Flannel,18.75,0,0,0,0
1-M-GGF-LS-XS-RL-POL,1-M-GGF-LS-XL-RL-POL,Extra Large,Polyester,,Green / Green Flannel,18.75,0,0,0,0
1-M-GGF-LS-XS-RL-POL,1-M-GGF-LS-2XL-RL-POL,2X Large,Polyester,,Green / Green Flannel,18.75,0,0,0,0
1-M-GGF-LS-XS-RL-POL,1-M-GGF-LS-3XL-RL-POL,3X Large ,Polyester,,Green / Green Flannel,18.75,0,0,0,0
1-M-GGF-SS-XS-SL-POL,1-M-GGF-SS-S-SL-POL,Small,Polyester,,Green / Green Flannel,17.45,0,0,0,0
1-M-GGF-SS-XS-SL-POL,1-M-GGF-SS-M-SL-POL,Medium,Polyester,,Green / Green Flannel,17.45,0,0,0,0
1-M-GGF-SS-XS-SL-POL,1-M-GGF-SS-L-SL-POL,Large,Polyester,,Green / Green Flannel,17.45,0,0,0,0
1-M-GGF-SS-XS-SL-POL,1-M-GGF-SS-XL-SL-POL,Extra Large,Polyester,,Green / Green Flannel,17.45,0,0,0,0
1-M-GGF-SS-XS-SL-POL,1-M-GGF-SS-2XL-SL-POL,2X Large,Polyester,,Green / Green Flannel,17.45,0,0,0,0
1-M-GGF-SS-XS-SL-POL,1-M-GGF-SS-3XL-SL-POL,3X Large ,Polyester,,Green / Green Flannel,17.45,0,0,0,0
1-M-GGF-SS-XS-RL-POL,1-M-GGF-SS-S-RL-POL,Small,Polyester,,Green / Green Flannel,17.45,0,0,0,0
1-M-GGF-SS-XS-RL-POL,1-M-GGF-SS-M-RL-POL,Medium,Polyester,,Green / Green Flannel,17.45,0,0,0,0
1-M-GGF-SS-XS-RL-POL,1-M-GGF-SS-L-RL-POL,Large,Polyester,,Green / Green Flannel,17.45,0,0,0,0
1-M-GGF-SS-XS-RL-POL,1-M-GGF-SS-XL-RL-POL,Extra Large,Polyester,,Green / Green Flannel,17.45,0,0,0,0
1-M-GGF-SS-XS-RL-POL,1-M-GGF-SS-2XL-RL-POL,2X Large,Polyester,,Green / Green Flannel,17.45,0,0,0,0
1-M-GGF-SS-XS-RL-POL,1-M-GGF-SS-3XL-RL-POL,3X Large ,Polyester,,Green / Green Flannel,17.45,0,0,0,0
1-W-GGF-LS-XS-SL-POL,1-W-GGF-LS-XS-SL-POL,Extra Small,Polyester,,Green / Green Flannel,18.75,0,0,0,0
1-W-GGF-LS-XS-SL-POL,1-W-GGF-LS-S-SL-POL,Small,Polyester,,Green / Green Flannel,18.75,0,0,0,0
1-W-GGF-LS-XS-SL-POL,1-W-GGF-LS-M-SL-POL,Medium,Polyester,,Green / Green Flannel,18.75,0,0,0,0
1-W-GGF-LS-XS-SL-POL,1-W-GGF-LS-L-SL-POL,Large,Polyester,,Green / Green Flannel,18.75,0,0,0,0
1-W-GGF-LS-XS-SL-POL,1-W-GGF-LS-XL-SL-POL,Extra Large,Polyester,,Green / Green Flannel,18.75,0,0,0,0
1-W-GGF-LS-XS-SL-POL,1-W-GGF-LS-2XL-SL-POL,2X Large,Polyester,,Green / Green Flannel,18.75,0,0,0,0
1-W-GGF-LS-XS-SL-POL,1-W-GGF-LS-3XL-SL-POL,3X Large ,Polyester,,Green / Green Flannel,18.75,0,0,0,0
1-W-GGF-LS-XS-RL-POL,1-W-GGF-LS-XS-RL-POL,Extra Small,Polyester,,Green / Green Flannel,18.75,0,0,0,0
1-W-GGF-LS-XS-RL-POL,1-W-GGF-LS-S-RL-POL,Small,Polyester,,Green / Green Flannel,18.75,0,0,0,0
1-W-GGF-LS-XS-RL-POL,1-W-GGF-LS-M-RL-POL,Medium,Polyester,,Green / Green Flannel,18.75,0,0,0,0
1-W-GGF-LS-XS-RL-POL,1-W-GGF-LS-L-RL-POL,Large,Polyester,,Green / Green Flannel,18.75,0,0,0,0
1-W-GGF-LS-XS-RL-POL,1-W-GGF-LS-XL-RL-POL,Extra Large,Polyester,,Green / Green Flannel,18.75,0,0,0,0
1-W-GGF-LS-XS-RL-POL,1-W-GGF-LS-2XL-RL-POL,2X Large,Polyester,,Green / Green Flannel,18.75,0,0,0,0
1-W-GGF-LS-XS-RL-POL,1-W-GGF-LS-3XL-RL-POL,3X Large ,Polyester,,Green / Green Flannel,18.75,0,0,0,0
1-W-GGF-SS-XS-SL-POL,1-W-GGF-SS-XS-SL-POL,Extra Small,Polyester,,Green / Green Flannel,17.45,0,0,0,0
1-W-GGF-SS-XS-SL-POL,1-W-GGF-SS-S-SL-POL,Small,Polyester,,Green / Green Flannel,17.45,0,0,0,0
1-W-GGF-SS-XS-SL-POL,1-W-GGF-SS-M-SL-POL,Medium,Polyester,,Green / Green Flannel,17.45,0,0,0,0
1-W-GGF-SS-XS-SL-POL,1-W-GGF-SS-L-SL-POL,Large,Polyester,,Green / Green Flannel,17.45,0,0,0,0
1-W-GGF-SS-XS-SL-POL,1-W-GGF-SS-XL-SL-POL,Extra Large,Polyester,,Green / Green Flannel,17.45,0,0,0,0
1-W-GGF-SS-XS-SL-POL,1-W-GGF-SS-2XL-SL-POL,2X Large,Polyester,,Green / Green Flannel,17.45,0,0,0,0
1-W-GGF-SS-XS-SL-POL,1-W-GGF-SS-3XL-SL-POL,3X Large ,Polyester,,Green / Green Flannel,17.45,0,0,0,0
1-W-GGF-SS-XS-RL-POL,1-W-GGF-SS-XS-RL-POL,Extra Small,Polyester,,Green / Green Flannel,17.45,0,0,0,0
1-W-GGF-SS-XS-RL-POL,1-W-GGF-SS-S-RL-POL,Small,Polyester,,Green / Green Flannel,17.45,0,0,0,0
1-W-GGF-SS-XS-RL-POL,1-W-GGF-SS-M-RL-POL,Medium,Polyester,,Green / Green Flannel,17.45,0,0,0,0
1-W-GGF-SS-XS-RL-POL,1-W-GGF-SS-L-RL-POL,Large,Polyester,,Green / Green Flannel,17.45,0,0,0,0
1-W-GGF-SS-XS-RL-POL,1-W-GGF-SS-XL-RL-POL,Extra Large,Polyester,,Green / Green Flannel,17.45,0,0,0,0
1-W-GGF-SS-XS-RL-POL,1-W-GGF-SS-2XL-RL-POL,2X Large,Polyester,,Green / Green Flannel,17.45,0,0,0,0
1-W-GGF-SS-XS-RL-POL,1-W-GGF-SS-3XL-RL-POL,3X Large ,Polyester,,Green / Green Flannel,17.45,0,0,0,0
2-M-GGF-LS-XS-SL-POL,2-M-GGF-LS-S-SL-POL,Small,Polyester,,Green / Green Flannel,18.75,0,0,0,0
2-M-GGF-LS-XS-SL-POL,2-M-GGF-LS-M-SL-POL,Medium,Polyester,,Green / Green Flannel,18.75,0,0,0,0
2-M-GGF-LS-XS-SL-POL,2-M-GGF-LS-L-SL-POL,Large,Polyester,,Green / Green Flannel,18.75,0,0,0,0
2-M-GGF-LS-XS-SL-POL,2-M-GGF-LS-XL-SL-POL,Extra Large,Polyester,,Green / Green Flannel,18.75,0,0,0,0
2-M-GGF-LS-XS-SL-POL,2-M-GGF-LS-2XL-SL-POL,2X Large,Polyester,,Green / Green Flannel,18.75,0,0,0,0
2-M-GGF-LS-XS-SL-POL,2-M-GGF-LS-3XL-SL-POL,3X Large ,Polyester,,Green / Green Flannel,18.75,0,0,0,0
2-M-GGF-LS-XS-RL-POL,2-M-GGF-LS-S-RL-POL,Small,Polyester,,Green / Green Flannel,18.75,0,0,0,0
2-M-GGF-LS-XS-RL-POL,2-M-GGF-LS-M-RL-POL,Medium,Polyester,,Green / Green Flannel,18.75,0,0,0,0
2-M-GGF-LS-XS-RL-POL,2-M-GGF-LS-L-RL-POL,Large,Polyester,,Green / Green Flannel,18.75,0,0,0,0
2-M-GGF-LS-XS-RL-POL,2-M-GGF-LS-XL-RL-POL,Extra Large,Polyester,,Green / Green Flannel,18.75,0,0,0,0
2-M-GGF-LS-XS-RL-POL,2-M-GGF-LS-2XL-RL-POL,2X Large,Polyester,,Green / Green Flannel,18.75,0,0,0,0
2-M-GGF-LS-XS-RL-POL,2-M-GGF-LS-3XL-RL-POL,3X Large ,Polyester,,Green / Green Flannel,18.75,0,0,0,0
2-M-GGF-SS-XS-SL-POL,2-M-GGF-SS-S-SL-POL,Small,Polyester,,Green / Green Flannel,17.45,0,0,0,0
2-M-GGF-SS-XS-SL-POL,2-M-GGF-SS-M-SL-POL,Medium,Polyester,,Green / Green Flannel,17.45,0,0,0,0
2-M-GGF-SS-XS-SL-POL,2-M-GGF-SS-L-SL-POL,Large,Polyester,,Green / Green Flannel,17.45,0,0,0,0
2-M-GGF-SS-XS-SL-POL,2-M-GGF-SS-XL-SL-POL,Extra Large,Polyester,,Green / Green Flannel,17.45,0,0,0,0
2-M-GGF-SS-XS-SL-POL,2-M-GGF-SS-2XL-SL-POL,2X Large,Polyester,,Green / Green Flannel,17.45,0,0,0,0
2-M-GGF-SS-XS-SL-POL,2-M-GGF-SS-3XL-SL-POL,3X Large ,Polyester,,Green / Green Flannel,17.45,0,0,0,0
2-M-GGF-SS-XS-RL-POL,2-M-GGF-SS-S-RL-POL,Small,Polyester,,Green / Green Flannel,17.45,0,0,0,0
2-M-GGF-SS-XS-RL-POL,2-M-GGF-SS-M-RL-POL,Medium,Polyester,,Green / Green Flannel,17.45,0,0,0,0
2-M-GGF-SS-XS-RL-POL,2-M-GGF-SS-L-RL-POL,Large,Polyester,,Green / Green Flannel,17.45,0,0,0,0
2-M-GGF-SS-XS-RL-POL,2-M-GGF-SS-XL-RL-POL,Extra Large,Polyester,,Green / Green Flannel,17.45,0,0,0,0
2-M-GGF-SS-XS-RL-POL,2-M-GGF-SS-2XL-RL-POL,2X Large,Polyester,,Green / Green Flannel,17.45,0,0,0,0
2-M-GGF-SS-XS-RL-POL,2-M-GGF-SS-3XL-RL-POL,3X Large ,Polyester,,Green / Green Flannel,17.45,0,0,0,0
2-W-GGF-LS-XS-SL-POL,2-W-GGF-LS-XS-SL-POL,Extra Small,Polyester,,Green / Green Flannel,18.75,0,0,0,0
2-W-GGF-LS-XS-SL-POL,2-W-GGF-LS-S-SL-POL,Small,Polyester,,Green / Green Flannel,18.75,0,0,0,0
2-W-GGF-LS-XS-SL-POL,2-W-GGF-LS-M-SL-POL,Medium,Polyester,,Green / Green Flannel,18.75,0,0,0,0
2-W-GGF-LS-XS-SL-POL,2-W-GGF-LS-L-SL-POL,Large,Polyester,,Green / Green Flannel,18.75,0,0,0,0
2-W-GGF-LS-XS-SL-POL,2-W-GGF-LS-XL-SL-POL,Extra Large,Polyester,,Green / Green Flannel,18.75,0,0,0,0
2-W-GGF-LS-XS-SL-POL,2-W-GGF-LS-2XL-SL-POL,2X Large,Polyester,,Green / Green Flannel,18.75,0,0,0,0
2-W-GGF-LS-XS-SL-POL,2-W-GGF-LS-3XL-SL-POL,3X Large ,Polyester,,Green / Green Flannel,18.75,0,0,0,0
2-W-GGF-LS-XS-RL-POL,2-W-GGF-LS-XS-RL-POL,Extra Small,Polyester,,Green / Green Flannel,18.75,0,0,0,0
2-W-GGF-LS-XS-RL-POL,2-W-GGF-LS-S-RL-POL,Small,Polyester,,Green / Green Flannel,18.75,0,0,0,0
2-W-GGF-LS-XS-RL-POL,2-W-GGF-LS-M-RL-POL,Medium,Polyester,,Green / Green Flannel,18.75,0,0,0,0
2-W-GGF-LS-XS-RL-POL,2-W-GGF-LS-L-RL-POL,Large,Polyester,,Green / Green Flannel,18.75,0,0,0,0
2-W-GGF-LS-XS-RL-POL,2-W-GGF-LS-XL-RL-POL,Extra Large,Polyester,,Green / Green Flannel,18.75,0,0,0,0
2-W-GGF-LS-XS-RL-POL,2-W-GGF-LS-2XL-RL-POL,2X Large,Polyester,,Green / Green Flannel,18.75,0,0,0,0
2-W-GGF-LS-XS-RL-POL,2-W-GGF-LS-3XL-RL-POL,3X Large ,Polyester,,Green / Green Flannel,18.75,0,0,0,0
2-W-GGF-SS-XS-SL-POL,2-W-GGF-SS-XS-SL-POL,Extra Small,Polyester,,Green / Green Flannel,17.45,0,0,0,0
2-W-GGF-SS-XS-SL-POL,2-W-GGF-SS-S-SL-POL,Small,Polyester,,Green / Green Flannel,17.45,0,0,0,0
2-W-GGF-SS-XS-SL-POL,2-W-GGF-SS-M-SL-POL,Medium,Polyester,,Green / Green Flannel,17.45,0,0,0,0
2-W-GGF-SS-XS-SL-POL,2-W-GGF-SS-L-SL-POL,Large,Polyester,,Green / Green Flannel,17.45,0,0,0,0
2-W-GGF-SS-XS-SL-POL,2-W-GGF-SS-XL-SL-POL,Extra Large,Polyester,,Green / Green Flannel,17.45,0,0,0,0
2-W-GGF-SS-XS-SL-POL,2-W-GGF-SS-2XL-SL-POL,2X Large,Polyester,,Green / Green Flannel,17.45,0,0,0,0
2-W-GGF-SS-XS-SL-POL,2-W-GGF-SS-3XL-SL-POL,3X Large ,Polyester,,Green / Green Flannel,17.45,0,0,0,0
2-W-GGF-SS-XS-RL-POL,2-W-GGF-SS-XS-RL-POL,Extra Small,Polyester,,Green / Green Flannel,17.45,0,0,0,0
2-W-GGF-SS-XS-RL-POL,2-W-GGF-SS-S-RL-POL,Small,Polyester,,Green / Green Flannel,17.45,0,0,0,0
2-W-GGF-SS-XS-RL-POL,2-W-GGF-SS-M-RL-POL,Medium,Polyester,,Green / Green Flannel,17.45,0,0,0,0
2-W-GGF-SS-XS-RL-POL,2-W-GGF-SS-L-RL-POL,Large,Polyester,,Green / Green Flannel,17.45,0,0,0,0
2-W-GGF-SS-XS-RL-POL,2-W-GGF-SS-XL-RL-POL,Extra Large,Polyester,,Green / Green Flannel,17.45,0,0,0,0
2-W-GGF-SS-XS-RL-POL,2-W-GGF-SS-2XL-RL-POL,2X Large,Polyester,,Green / Green Flannel,17.45,0,0,0,0
2-W-GGF-SS-XS-RL-POL,2-W-GGF-SS-3XL-RL-POL,3X Large ,Polyester,,Green / Green Flannel,17.45,0,0,0,0
1-M-GYF-LS-XS-SL-POL,1-M-GYF-LS-S-SL-POL,Small,Polyester,,Green / Yellow Flannel,18.75,0,0,0,0
1-M-GYF-LS-XS-SL-POL,1-M-GYF-LS-M-SL-POL,Medium,Polyester,,Green / Yellow Flannel,18.75,0,0,0,0
1-M-GYF-LS-XS-SL-POL,1-M-GYF-LS-L-SL-POL,Large,Polyester,,Green / Yellow Flannel,18.75,0,0,0,0
1-M-GYF-LS-XS-SL-POL,1-M-GYF-LS-XL-SL-POL,Extra Large,Polyester,,Green / Yellow Flannel,18.75,0,0,0,0
1-M-GYF-LS-XS-SL-POL,1-M-GYF-LS-2XL-SL-POL,2X Large,Polyester,,Green / Yellow Flannel,18.75,0,0,0,0
1-M-GYF-LS-XS-SL-POL,1-M-GYF-LS-3XL-SL-POL,3X Large ,Polyester,,Green / Yellow Flannel,18.75,0,0,0,0
1-M-GYF-LS-XS-RL-POL,1-M-GYF-LS-S-RL-POL,Small,Polyester,,Green / Yellow Flannel,18.75,0,0,0,0
1-M-GYF-LS-XS-RL-POL,1-M-GYF-LS-M-RL-POL,Medium,Polyester,,Green / Yellow Flannel,18.75,0,0,0,0
1-M-GYF-LS-XS-RL-POL,1-M-GYF-LS-L-RL-POL,Large,Polyester,,Green / Yellow Flannel,18.75,0,0,0,0
1-M-GYF-LS-XS-RL-POL,1-M-GYF-LS-XL-RL-POL,Extra Large,Polyester,,Green / Yellow Flannel,18.75,0,0,0,0
1-M-GYF-LS-XS-RL-POL,1-M-GYF-LS-2XL-RL-POL,2X Large,Polyester,,Green / Yellow Flannel,18.75,0,0,0,0
1-M-GYF-LS-XS-RL-POL,1-M-GYF-LS-3XL-RL-POL,3X Large ,Polyester,,Green / Yellow Flannel,18.75,0,0,0,0
1-M-GYF-SS-XS-SL-POL,1-M-GYF-SS-S-SL-POL,Small,Polyester,,Green / Yellow Flannel,17.45,0,0,0,0
1-M-GYF-SS-XS-SL-POL,1-M-GYF-SS-M-SL-POL,Medium,Polyester,,Green / Yellow Flannel,17.45,0,0,0,0
1-M-GYF-SS-XS-SL-POL,1-M-GYF-SS-L-SL-POL,Large,Polyester,,Green / Yellow Flannel,17.45,0,0,0,0
1-M-GYF-SS-XS-SL-POL,1-M-GYF-SS-XL-SL-POL,Extra Large,Polyester,,Green / Yellow Flannel,17.45,0,0,0,0
1-M-GYF-SS-XS-SL-POL,1-M-GYF-SS-2XL-SL-POL,2X Large,Polyester,,Green / Yellow Flannel,17.45,0,0,0,0
1-M-GYF-SS-XS-SL-POL,1-M-GYF-SS-3XL-SL-POL,3X Large ,Polyester,,Green / Yellow Flannel,17.45,0,0,0,0
1-M-GYF-SS-XS-RL-POL,1-M-GYF-SS-S-RL-POL,Small,Polyester,,Green / Yellow Flannel,17.45,0,0,0,0
1-M-GYF-SS-XS-RL-POL,1-M-GYF-SS-M-RL-POL,Medium,Polyester,,Green / Yellow Flannel,17.45,0,0,0,0
1-M-GYF-SS-XS-RL-POL,1-M-GYF-SS-L-RL-POL,Large,Polyester,,Green / Yellow Flannel,17.45,0,0,0,0
1-M-GYF-SS-XS-RL-POL,1-M-GYF-SS-XL-RL-POL,Extra Large,Polyester,,Green / Yellow Flannel,17.45,0,0,0,0
1-M-GYF-SS-XS-RL-POL,1-M-GYF-SS-2XL-RL-POL,2X Large,Polyester,,Green / Yellow Flannel,17.45,0,0,0,0
1-M-GYF-SS-XS-RL-POL,1-M-GYF-SS-3XL-RL-POL,3X Large ,Polyester,,Green / Yellow Flannel,17.45,0,0,0,0
1-W-GYF-LS-XS-SL-POL,1-W-GYF-LS-XS-SL-POL,Extra Small,Polyester,,Green / Yellow Flannel,18.75,0,0,0,0
1-W-GYF-LS-XS-SL-POL,1-W-GYF-LS-S-SL-POL,Small,Polyester,,Green / Yellow Flannel,18.75,0,0,0,0
1-W-GYF-LS-XS-SL-POL,1-W-GYF-LS-M-SL-POL,Medium,Polyester,,Green / Yellow Flannel,18.75,0,0,0,0
1-W-GYF-LS-XS-SL-POL,1-W-GYF-LS-L-SL-POL,Large,Polyester,,Green / Yellow Flannel,18.75,0,0,0,0
1-W-GYF-LS-XS-SL-POL,1-W-GYF-LS-XL-SL-POL,Extra Large,Polyester,,Green / Yellow Flannel,18.75,0,0,0,0
1-W-GYF-LS-XS-SL-POL,1-W-GYF-LS-2XL-SL-POL,2X Large,Polyester,,Green / Yellow Flannel,18.75,0,0,0,0
1-W-GYF-LS-XS-SL-POL,1-W-GYF-LS-3XL-SL-POL,3X Large ,Polyester,,Green / Yellow Flannel,18.75,0,0,0,0
1-W-GYF-LS-XS-RL-POL,1-W-GYF-LS-XS-RL-POL,Extra Small,Polyester,,Green / Yellow Flannel,18.75,0,0,0,0
1-W-GYF-LS-XS-RL-POL,1-W-GYF-LS-S-RL-POL,Small,Polyester,,Green / Yellow Flannel,18.75,0,0,0,0
1-W-GYF-LS-XS-RL-POL,1-W-GYF-LS-M-RL-POL,Medium,Polyester,,Green / Yellow Flannel,18.75,0,0,0,0
1-W-GYF-LS-XS-RL-POL,1-W-GYF-LS-L-RL-POL,Large,Polyester,,Green / Yellow Flannel,18.75,0,0,0,0
1-W-GYF-LS-XS-RL-POL,1-W-GYF-LS-XL-RL-POL,Extra Large,Polyester,,Green / Yellow Flannel,18.75,0,0,0,0
1-W-GYF-LS-XS-RL-POL,1-W-GYF-LS-2XL-RL-POL,2X Large,Polyester,,Green / Yellow Flannel,18.75,0,0,0,0
1-W-GYF-LS-XS-RL-POL,1-W-GYF-LS-3XL-RL-POL,3X Large ,Polyester,,Green / Yellow Flannel,18.75,0,0,0,0
1-W-GYF-SS-XS-SL-POL,1-W-GYF-SS-XS-SL-POL,Extra Small,Polyester,,Green / Yellow Flannel,17.45,0,0,0,0
1-W-GYF-SS-XS-SL-POL,1-W-GYF-SS-S-SL-POL,Small,Polyester,,Green / Yellow Flannel,17.45,0,0,0,0
1-W-GYF-SS-XS-SL-POL,1-W-GYF-SS-M-SL-POL,Medium,Polyester,,Green / Yellow Flannel,17.45,0,0,0,0
1-W-GYF-SS-XS-SL-POL,1-W-GYF-SS-L-SL-POL,Large,Polyester,,Green / Yellow Flannel,17.45,0,0,0,0
1-W-GYF-SS-XS-SL-POL,1-W-GYF-SS-XL-SL-POL,Extra Large,Polyester,,Green / Yellow Flannel,17.45,0,0,0,0
1-W-GYF-SS-XS-SL-POL,1-W-GYF-SS-2XL-SL-POL,2X Large,Polyester,,Green / Yellow Flannel,17.45,0,0,0,0
1-W-GYF-SS-XS-SL-POL,1-W-GYF-SS-3XL-SL-POL,3X Large ,Polyester,,Green / Yellow Flannel,17.45,0,0,0,0
1-W-GYF-SS-XS-RL-POL,1-W-GYF-SS-XS-RL-POL,Extra Small,Polyester,,Green / Yellow Flannel,17.45,0,0,0,0
1-W-GYF-SS-XS-RL-POL,1-W-GYF-SS-S-RL-POL,Small,Polyester,,Green / Yellow Flannel,17.45,0,0,0,0
1-W-GYF-SS-XS-RL-POL,1-W-GYF-SS-M-RL-POL,Medium,Polyester,,Green / Yellow Flannel,17.45,0,0,0,0
1-W-GYF-SS-XS-RL-POL,1-W-GYF-SS-L-RL-POL,Large,Polyester,,Green / Yellow Flannel,17.45,0,0,0,0
1-W-GYF-SS-XS-RL-POL,1-W-GYF-SS-XL-RL-POL,Extra Large,Polyester,,Green / Yellow Flannel,17.45,0,0,0,0
1-W-GYF-SS-XS-RL-POL,1-W-GYF-SS-2XL-RL-POL,2X Large,Polyester,,Green / Yellow Flannel,17.45,0,0,0,0
1-W-GYF-SS-XS-RL-POL,1-W-GYF-SS-3XL-RL-POL,3X Large ,Polyester,,Green / Yellow Flannel,17.45,0,0,0,0
2-M-GYF-LS-XS-SL-POL,2-M-GYF-LS-S-SL-POL,Small,Polyester,,Green / Yellow Flannel,18.75,0,0,0,0
2-M-GYF-LS-XS-SL-POL,2-M-GYF-LS-M-SL-POL,Medium,Polyester,,Green / Yellow Flannel,18.75,0,0,0,0
2-M-GYF-LS-XS-SL-POL,2-M-GYF-LS-L-SL-POL,Large,Polyester,,Green / Yellow Flannel,18.75,0,0,0,0
2-M-GYF-LS-XS-SL-POL,2-M-GYF-LS-XL-SL-POL,Extra Large,Polyester,,Green / Yellow Flannel,18.75,0,0,0,0
2-M-GYF-LS-XS-SL-POL,2-M-GYF-LS-2XL-SL-POL,2X Large,Polyester,,Green / Yellow Flannel,18.75,0,0,0,0
2-M-GYF-LS-XS-SL-POL,2-M-GYF-LS-3XL-SL-POL,3X Large ,Polyester,,Green / Yellow Flannel,18.75,0,0,0,0
2-M-GYF-LS-XS-RL-POL,2-M-GYF-LS-S-RL-POL,Small,Polyester,,Green / Yellow Flannel,18.75,0,0,0,0
2-M-GYF-LS-XS-RL-POL,2-M-GYF-LS-M-RL-POL,Medium,Polyester,,Green / Yellow Flannel,18.75,0,0,0,0
2-M-GYF-LS-XS-RL-POL,2-M-GYF-LS-L-RL-POL,Large,Polyester,,Green / Yellow Flannel,18.75,0,0,0,0
2-M-GYF-LS-XS-RL-POL,2-M-GYF-LS-XL-RL-POL,Extra Large,Polyester,,Green / Yellow Flannel,18.75,0,0,0,0
2-M-GYF-LS-XS-RL-POL,2-M-GYF-LS-2XL-RL-POL,2X Large,Polyester,,Green / Yellow Flannel,18.75,0,0,0,0
2-M-GYF-LS-XS-RL-POL,2-M-GYF-LS-3XL-RL-POL,3X Large ,Polyester,,Green / Yellow Flannel,18.75,0,0,0,0
2-M-GYF-SS-XS-SL-POL,2-M-GYF-SS-S-SL-POL,Small,Polyester,,Green / Yellow Flannel,17.45,0,0,0,0
2-M-GYF-SS-XS-SL-POL,2-M-GYF-SS-M-SL-POL,Medium,Polyester,,Green / Yellow Flannel,17.45,0,0,0,0
2-M-GYF-SS-XS-SL-POL,2-M-GYF-SS-L-SL-POL,Large,Polyester,,Green / Yellow Flannel,17.45,0,0,0,0
2-M-GYF-SS-XS-SL-POL,2-M-GYF-SS-XL-SL-POL,Extra Large,Polyester,,Green / Yellow Flannel,17.45,0,0,0,0
2-M-GYF-SS-XS-SL-POL,2-M-GYF-SS-2XL-SL-POL,2X Large,Polyester,,Green / Yellow Flannel,17.45,0,0,0,0
2-M-GYF-SS-XS-SL-POL,2-M-GYF-SS-3XL-SL-POL,3X Large ,Polyester,,Green / Yellow Flannel,17.45,0,0,0,0
2-M-GYF-SS-XS-RL-POL,2-M-GYF-SS-S-RL-POL,Small,Polyester,,Green / Yellow Flannel,17.45,0,0,0,0
2-M-GYF-SS-XS-RL-POL,2-M-GYF-SS-M-RL-POL,Medium,Polyester,,Green / Yellow Flannel,17.45,0,0,0,0
2-M-GYF-SS-XS-RL-POL,2-M-GYF-SS-L-RL-POL,Large,Polyester,,Green / Yellow Flannel,17.45,0,0,0,0
2-M-GYF-SS-XS-RL-POL,2-M-GYF-SS-XL-RL-POL,Extra Large,Polyester,,Green / Yellow Flannel,17.45,0,0,0,0
2-M-GYF-SS-XS-RL-POL,2-M-GYF-SS-2XL-RL-POL,2X Large,Polyester,,Green / Yellow Flannel,17.45,0,0,0,0
2-M-GYF-SS-XS-RL-POL,2-M-GYF-SS-3XL-RL-POL,3X Large ,Polyester,,Green / Yellow Flannel,17.45,0,0,0,0
2-W-GYF-LS-XS-SL-POL,2-W-GYF-LS-XS-SL-POL,Extra Small,Polyester,,Green / Yellow Flannel,18.75,0,0,0,0
2-W-GYF-LS-XS-SL-POL,2-W-GYF-LS-S-SL-POL,Small,Polyester,,Green / Yellow Flannel,18.75,0,0,0,0
2-W-GYF-LS-XS-SL-POL,2-W-GYF-LS-M-SL-POL,Medium,Polyester,,Green / Yellow Flannel,18.75,0,0,0,0
2-W-GYF-LS-XS-SL-POL,2-W-GYF-LS-L-SL-POL,Large,Polyester,,Green / Yellow Flannel,18.75,0,0,0,0
2-W-GYF-LS-XS-SL-POL,2-W-GYF-LS-XL-SL-POL,Extra Large,Polyester,,Green / Yellow Flannel,18.75,0,0,0,0
2-W-GYF-LS-XS-SL-POL,2-W-GYF-LS-2XL-SL-POL,2X Large,Polyester,,Green / Yellow Flannel,18.75,0,0,0,0
2-W-GYF-LS-XS-SL-POL,2-W-GYF-LS-3XL-SL-POL,3X Large ,Polyester,,Green / Yellow Flannel,18.75,0,0,0,0
2-W-GYF-LS-XS-RL-POL,2-W-GYF-LS-XS-RL-POL,Extra Small,Polyester,,Green / Yellow Flannel,18.75,0,0,0,0
2-W-GYF-LS-XS-RL-POL,2-W-GYF-LS-S-RL-POL,Small,Polyester,,Green / Yellow Flannel,18.75,0,0,0,0
2-W-GYF-LS-XS-RL-POL,2-W-GYF-LS-M-RL-POL,Medium,Polyester,,Green / Yellow Flannel,18.75,0,0,0,0
2-W-GYF-LS-XS-RL-POL,2-W-GYF-LS-L-RL-POL,Large,Polyester,,Green / Yellow Flannel,18.75,0,0,0,0
2-W-GYF-LS-XS-RL-POL,2-W-GYF-LS-XL-RL-POL,Extra Large,Polyester,,Green / Yellow Flannel,18.75,0,0,0,0
2-W-GYF-LS-XS-RL-POL,2-W-GYF-LS-2XL-RL-POL,2X Large,Polyester,,Green / Yellow Flannel,18.75,0,0,0,0
2-W-GYF-LS-XS-RL-POL,2-W-GYF-LS-3XL-RL-POL,3X Large ,Polyester,,Green / Yellow Flannel,18.75,0,0,0,0
2-W-GYF-SS-XS-SL-POL,2-W-GYF-SS-XS-SL-POL,Extra Small,Polyester,,Green / Yellow Flannel,17.45,0,0,0,0
2-W-GYF-SS-XS-SL-POL,2-W-GYF-SS-S-SL-POL,Small,Polyester,,Green / Yellow Flannel,17.45,0,0,0,0
2-W-GYF-SS-XS-SL-POL,2-W-GYF-SS-M-SL-POL,Medium,Polyester,,Green / Yellow Flannel,17.45,0,0,0,0
2-W-GYF-SS-XS-SL-POL,2-W-GYF-SS-L-SL-POL,Large,Polyester,,Green / Yellow Flannel,17.45,0,0,0,0
2-W-GYF-SS-XS-SL-POL,2-W-GYF-SS-XL-SL-POL,Extra Large,Polyester,,Green / Yellow Flannel,17.45,0,0,0,0
2-W-GYF-SS-XS-SL-POL,2-W-GYF-SS-2XL-SL-POL,2X Large,Polyester,,Green / Yellow Flannel,17.45,0,0,0,0
2-W-GYF-SS-XS-SL-POL,2-W-GYF-SS-3XL-SL-POL,3X Large ,Polyester,,Green / Yellow Flannel,17.45,0,0,0,0
2-W-GYF-SS-XS-RL-POL,2-W-GYF-SS-XS-RL-POL,Extra Small,Polyester,,Green / Yellow Flannel,17.45,0,0,0,0
2-W-GYF-SS-XS-RL-POL,2-W-GYF-SS-S-RL-POL,Small,Polyester,,Green / Yellow Flannel,17.45,0,0,0,0
2-W-GYF-SS-XS-RL-POL,2-W-GYF-SS-M-RL-POL,Medium,Polyester,,Green / Yellow Flannel,17.45,0,0,0,0
2-W-GYF-SS-XS-RL-POL,2-W-GYF-SS-L-RL-POL,Large,Polyester,,Green / Yellow Flannel,17.45,0,0,0,0
2-W-GYF-SS-XS-RL-POL,2-W-GYF-SS-XL-RL-POL,Extra Large,Polyester,,Green / Yellow Flannel,17.45,0,0,0,0
2-W-GYF-SS-XS-RL-POL,2-W-GYF-SS-2XL-RL-POL,2X Large,Polyester,,Green / Yellow Flannel,17.45,0,0,0,0
2-W-GYF-SS-XS-RL-POL,2-W-GYF-SS-3XL-RL-POL,3X Large ,Polyester,,Green / Yellow Flannel,17.45,0,0,0,0
1-M-RBA-LS-XS-SL-POL,1-M-RBA-LS-S-SL-POL,Small,Polyester,,Red / Black Arrow,18.75,0,0,0,0
1-M-RBA-LS-XS-SL-POL,1-M-RBA-LS-M-SL-POL,Medium,Polyester,,Red / Black Arrow,18.75,0,0,0,0
1-M-RBA-LS-XS-SL-POL,1-M-RBA-LS-L-SL-POL,Large,Polyester,,Red / Black Arrow,18.75,0,0,0,0
1-M-RBA-LS-XS-SL-POL,1-M-RBA-LS-XL-SL-POL,Extra Large,Polyester,,Red / Black Arrow,18.75,0,0,0,0
1-M-RBA-LS-XS-SL-POL,1-M-RBA-LS-2XL-SL-POL,2X Large,Polyester,,Red / Black Arrow,18.75,0,0,0,0
1-M-RBA-LS-XS-SL-POL,1-M-RBA-LS-3XL-SL-POL,3X Large ,Polyester,,Red / Black Arrow,18.75,0,0,0,0
1-M-RBA-LS-XS-RL-POL,1-M-RBA-LS-S-RL-POL,Small,Polyester,,Red / Black Arrow,18.75,0,0,0,0
1-M-RBA-LS-XS-RL-POL,1-M-RBA-LS-M-RL-POL,Medium,Polyester,,Red / Black Arrow,18.75,0,0,0,0
1-M-RBA-LS-XS-RL-POL,1-M-RBA-LS-L-RL-POL,Large,Polyester,,Red / Black Arrow,18.75,0,0,0,0
1-M-RBA-LS-XS-RL-POL,1-M-RBA-LS-XL-RL-POL,Extra Large,Polyester,,Red / Black Arrow,18.75,0,0,0,0
1-M-RBA-LS-XS-RL-POL,1-M-RBA-LS-2XL-RL-POL,2X Large,Polyester,,Red / Black Arrow,18.75,0,0,0,0
1-M-RBA-LS-XS-RL-POL,1-M-RBA-LS-3XL-RL-POL,3X Large ,Polyester,,Red / Black Arrow,18.75,0,0,0,0
1-M-RBA-SS-XS-SL-POL,1-M-RBA-SS-S-SL-POL,Small,Polyester,,Red / Black Arrow,17.45,0,0,0,0
1-M-RBA-SS-XS-SL-POL,1-M-RBA-SS-M-SL-POL,Medium,Polyester,,Red / Black Arrow,17.45,0,0,0,0
1-M-RBA-SS-XS-SL-POL,1-M-RBA-SS-L-SL-POL,Large,Polyester,,Red / Black Arrow,17.45,0,0,0,0
1-M-RBA-SS-XS-SL-POL,1-M-RBA-SS-XL-SL-POL,Extra Large,Polyester,,Red / Black Arrow,17.45,0,0,0,0
1-M-RBA-SS-XS-SL-POL,1-M-RBA-SS-2XL-SL-POL,2X Large,Polyester,,Red / Black Arrow,17.45,0,0,0,0
1-M-RBA-SS-XS-SL-POL,1-M-RBA-SS-3XL-SL-POL,3X Large ,Polyester,,Red / Black Arrow,17.45,0,0,0,0
1-M-RBA-SS-XS-RL-POL,1-M-RBA-SS-S-RL-POL,Small,Polyester,,Red / Black Arrow,17.45,0,0,0,0
1-M-RBA-SS-XS-RL-POL,1-M-RBA-SS-M-RL-POL,Medium,Polyester,,Red / Black Arrow,17.45,0,0,0,0
1-M-RBA-SS-XS-RL-POL,1-M-RBA-SS-L-RL-POL,Large,Polyester,,Red / Black Arrow,17.45,0,0,0,0
1-M-RBA-SS-XS-RL-POL,1-M-RBA-SS-XL-RL-POL,Extra Large,Polyester,,Red / Black Arrow,17.45,0,0,0,0
1-M-RBA-SS-XS-RL-POL,1-M-RBA-SS-2XL-RL-POL,2X Large,Polyester,,Red / Black Arrow,17.45,0,0,0,0
1-M-RBA-SS-XS-RL-POL,1-M-RBA-SS-3XL-RL-POL,3X Large ,Polyester,,Red / Black Arrow,17.45,0,0,0,0
1-W-RBA-LS-XS-SL-POL,1-W-RBA-LS-XS-SL-POL,Extra Small,Polyester,,Red / Black Arrow,18.75,0,0,0,0
1-W-RBA-LS-XS-SL-POL,1-W-RBA-LS-S-SL-POL,Small,Polyester,,Red / Black Arrow,18.75,0,0,0,0
1-W-RBA-LS-XS-SL-POL,1-W-RBA-LS-M-SL-POL,Medium,Polyester,,Red / Black Arrow,18.75,0,0,0,0
1-W-RBA-LS-XS-SL-POL,1-W-RBA-LS-L-SL-POL,Large,Polyester,,Red / Black Arrow,18.75,0,0,0,0
1-W-RBA-LS-XS-SL-POL,1-W-RBA-LS-XL-SL-POL,Extra Large,Polyester,,Red / Black Arrow,18.75,0,0,0,0
1-W-RBA-LS-XS-SL-POL,1-W-RBA-LS-2XL-SL-POL,2X Large,Polyester,,Red / Black Arrow,18.75,0,0,0,0
1-W-RBA-LS-XS-SL-POL,1-W-RBA-LS-3XL-SL-POL,3X Large ,Polyester,,Red / Black Arrow,18.75,0,0,0,0
1-W-RBA-LS-XS-RL-POL,1-W-RBA-LS-XS-RL-POL,Extra Small,Polyester,,Red / Black Arrow,18.75,0,0,0,0
1-W-RBA-LS-XS-RL-POL,1-W-RBA-LS-S-RL-POL,Small,Polyester,,Red / Black Arrow,18.75,0,0,0,0
1-W-RBA-LS-XS-RL-POL,1-W-RBA-LS-M-RL-POL,Medium,Polyester,,Red / Black Arrow,18.75,0,0,0,0
1-W-RBA-LS-XS-RL-POL,1-W-RBA-LS-L-RL-POL,Large,Polyester,,Red / Black Arrow,18.75,0,0,0,0
1-W-RBA-LS-XS-RL-POL,1-W-RBA-LS-XL-RL-POL,Extra Large,Polyester,,Red / Black Arrow,18.75,0,0,0,0
1-W-RBA-LS-XS-RL-POL,1-W-RBA-LS-2XL-RL-POL,2X Large,Polyester,,Red / Black Arrow,18.75,0,0,0,0
1-W-RBA-LS-XS-RL-POL,1-W-RBA-LS-3XL-RL-POL,3X Large ,Polyester,,Red / Black Arrow,18.75,0,0,0,0
1-W-RBA-SS-XS-SL-POL,1-W-RBA-SS-XS-SL-POL,Extra Small,Polyester,,Red / Black Arrow,17.45,0,0,0,0
1-W-RBA-SS-XS-SL-POL,1-W-RBA-SS-S-SL-POL,Small,Polyester,,Red / Black Arrow,17.45,0,0,0,0
1-W-RBA-SS-XS-SL-POL,1-W-RBA-SS-M-SL-POL,Medium,Polyester,,Red / Black Arrow,17.45,0,0,0,0
1-W-RBA-SS-XS-SL-POL,1-W-RBA-SS-L-SL-POL,Large,Polyester,,Red / Black Arrow,17.45,0,0,0,0
1-W-RBA-SS-XS-SL-POL,1-W-RBA-SS-XL-SL-POL,Extra Large,Polyester,,Red / Black Arrow,17.45,0,0,0,0
1-W-RBA-SS-XS-SL-POL,1-W-RBA-SS-2XL-SL-POL,2X Large,Polyester,,Red / Black Arrow,17.45,0,0,0,0
1-W-RBA-SS-XS-SL-POL,1-W-RBA-SS-3XL-SL-POL,3X Large ,Polyester,,Red / Black Arrow,17.45,0,0,0,0
1-W-RBA-SS-XS-RL-POL,1-W-RBA-SS-XS-RL-POL,Extra Small,Polyester,,Red / Black Arrow,17.45,0,0,0,0
1-W-RBA-SS-XS-RL-POL,1-W-RBA-SS-S-RL-POL,Small,Polyester,,Red / Black Arrow,17.45,0,0,0,0
1-W-RBA-SS-XS-RL-POL,1-W-RBA-SS-M-RL-POL,Medium,Polyester,,Red / Black Arrow,17.45,0,0,0,0
1-W-RBA-SS-XS-RL-POL,1-W-RBA-SS-L-RL-POL,Large,Polyester,,Red / Black Arrow,17.45,0,0,0,0
1-W-RBA-SS-XS-RL-POL,1-W-RBA-SS-XL-RL-POL,Extra Large,Polyester,,Red / Black Arrow,17.45,0,0,0,0
1-W-RBA-SS-XS-RL-POL,1-W-RBA-SS-2XL-RL-POL,2X Large,Polyester,,Red / Black Arrow,17.45,0,0,0,0
1-W-RBA-SS-XS-RL-POL,1-W-RBA-SS-3XL-RL-POL,3X Large ,Polyester,,Red / Black Arrow,17.45,0,0,0,0
2-M-RBA-LS-XS-SL-POL,2-M-RBA-LS-S-SL-POL,Small,Polyester,,Red / Black Arrow,18.75,0,0,0,0
2-M-RBA-LS-XS-SL-POL,2-M-RBA-LS-M-SL-POL,Medium,Polyester,,Red / Black Arrow,18.75,0,0,0,0
2-M-RBA-LS-XS-SL-POL,2-M-RBA-LS-L-SL-POL,Large,Polyester,,Red / Black Arrow,18.75,0,0,0,0
2-M-RBA-LS-XS-SL-POL,2-M-RBA-LS-XL-SL-POL,Extra Large,Polyester,,Red / Black Arrow,18.75,0,0,0,0
2-M-RBA-LS-XS-SL-POL,2-M-RBA-LS-2XL-SL-POL,2X Large,Polyester,,Red / Black Arrow,18.75,0,0,0,0
2-M-RBA-LS-XS-SL-POL,2-M-RBA-LS-3XL-SL-POL,3X Large ,Polyester,,Red / Black Arrow,18.75,0,0,0,0
2-M-RBA-LS-XS-RL-POL,2-M-RBA-LS-S-RL-POL,Small,Polyester,,Red / Black Arrow,18.75,0,0,0,0
2-M-RBA-LS-XS-RL-POL,2-M-RBA-LS-M-RL-POL,Medium,Polyester,,Red / Black Arrow,18.75,0,0,0,0
2-M-RBA-LS-XS-RL-POL,2-M-RBA-LS-L-RL-POL,Large,Polyester,,Red / Black Arrow,18.75,0,0,0,0
2-M-RBA-LS-XS-RL-POL,2-M-RBA-LS-XL-RL-POL,Extra Large,Polyester,,Red / Black Arrow,18.75,0,0,0,0
2-M-RBA-LS-XS-RL-POL,2-M-RBA-LS-2XL-RL-POL,2X Large,Polyester,,Red / Black Arrow,18.75,0,0,0,0
2-M-RBA-LS-XS-RL-POL,2-M-RBA-LS-3XL-RL-POL,3X Large ,Polyester,,Red / Black Arrow,18.75,0,0,0,0
2-M-RBA-SS-XS-SL-POL,2-M-RBA-SS-S-SL-POL,Small,Polyester,,Red / Black Arrow,17.45,0,0,0,0
2-M-RBA-SS-XS-SL-POL,2-M-RBA-SS-M-SL-POL,Medium,Polyester,,Red / Black Arrow,17.45,0,0,0,0
2-M-RBA-SS-XS-SL-POL,2-M-RBA-SS-L-SL-POL,Large,Polyester,,Red / Black Arrow,17.45,0,0,0,0
2-M-RBA-SS-XS-SL-POL,2-M-RBA-SS-XL-SL-POL,Extra Large,Polyester,,Red / Black Arrow,17.45,0,0,0,0
2-M-RBA-SS-XS-SL-POL,2-M-RBA-SS-2XL-SL-POL,2X Large,Polyester,,Red / Black Arrow,17.45,0,0,0,0
2-M-RBA-SS-XS-SL-POL,2-M-RBA-SS-3XL-SL-POL,3X Large ,Polyester,,Red / Black Arrow,17.45,0,0,0,0
2-M-RBA-SS-XS-RL-POL,2-M-RBA-SS-S-RL-POL,Small,Polyester,,Red / Black Arrow,17.45,0,0,0,0
2-M-RBA-SS-XS-RL-POL,2-M-RBA-SS-M-RL-POL,Medium,Polyester,,Red / Black Arrow,17.45,0,0,0,0
2-M-RBA-SS-XS-RL-POL,2-M-RBA-SS-L-RL-POL,Large,Polyester,,Red / Black Arrow,17.45,0,0,0,0
2-M-RBA-SS-XS-RL-POL,2-M-RBA-SS-XL-RL-POL,Extra Large,Polyester,,Red / Black Arrow,17.45,0,0,0,0
2-M-RBA-SS-XS-RL-POL,2-M-RBA-SS-2XL-RL-POL,2X Large,Polyester,,Red / Black Arrow,17.45,0,0,0,0
2-M-RBA-SS-XS-RL-POL,2-M-RBA-SS-3XL-RL-POL,3X Large ,Polyester,,Red / Black Arrow,17.45,0,0,0,0
2-W-RBA-LS-XS-SL-POL,2-W-RBA-LS-XS-SL-POL,Extra Small,Polyester,,Red / Black Arrow,18.75,0,0,0,0
2-W-RBA-LS-XS-SL-POL,2-W-RBA-LS-S-SL-POL,Small,Polyester,,Red / Black Arrow,18.75,0,0,0,0
2-W-RBA-LS-XS-SL-POL,2-W-RBA-LS-M-SL-POL,Medium,Polyester,,Red / Black Arrow,18.75,0,0,0,0
2-W-RBA-LS-XS-SL-POL,2-W-RBA-LS-L-SL-POL,Large,Polyester,,Red / Black Arrow,18.75,0,0,0,0
2-W-RBA-LS-XS-SL-POL,2-W-RBA-LS-XL-SL-POL,Extra Large,Polyester,,Red / Black Arrow,18.75,0,0,0,0
2-W-RBA-LS-XS-SL-POL,2-W-RBA-LS-2XL-SL-POL,2X Large,Polyester,,Red / Black Arrow,18.75,0,0,0,0
2-W-RBA-LS-XS-SL-POL,2-W-RBA-LS-3XL-SL-POL,3X Large ,Polyester,,Red / Black Arrow,18.75,0,0,0,0
2-W-RBA-LS-XS-RL-POL,2-W-RBA-LS-XS-RL-POL,Extra Small,Polyester,,Red / Black Arrow,18.75,0,0,0,0
2-W-RBA-LS-XS-RL-POL,2-W-RBA-LS-S-RL-POL,Small,Polyester,,Red / Black Arrow,18.75,0,0,0,0
2-W-RBA-LS-XS-RL-POL,2-W-RBA-LS-M-RL-POL,Medium,Polyester,,Red / Black Arrow,18.75,0,0,0,0
2-W-RBA-LS-XS-RL-POL,2-W-RBA-LS-L-RL-POL,Large,Polyester,,Red / Black Arrow,18.75,0,0,0,0
2-W-RBA-LS-XS-RL-POL,2-W-RBA-LS-XL-RL-POL,Extra Large,Polyester,,Red / Black Arrow,18.75,0,0,0,0
2-W-RBA-LS-XS-RL-POL,2-W-RBA-LS-2XL-RL-POL,2X Large,Polyester,,Red / Black Arrow,18.75,0,0,0,0
2-W-RBA-LS-XS-RL-POL,2-W-RBA-LS-3XL-RL-POL,3X Large ,Polyester,,Red / Black Arrow,18.75,0,0,0,0
2-W-RBA-SS-XS-SL-POL,2-W-RBA-SS-XS-SL-POL,Extra Small,Polyester,,Red / Black Arrow,17.45,0,0,0,0
2-W-RBA-SS-XS-SL-POL,2-W-RBA-SS-S-SL-POL,Small,Polyester,,Red / Black Arrow,17.45,0,0,0,0
2-W-RBA-SS-XS-SL-POL,2-W-RBA-SS-M-SL-POL,Medium,Polyester,,Red / Black Arrow,17.45,0,0,0,0
2-W-RBA-SS-XS-SL-POL,2-W-RBA-SS-L-SL-POL,Large,Polyester,,Red / Black Arrow,17.45,0,0,0,0
2-W-RBA-SS-XS-SL-POL,2-W-RBA-SS-XL-SL-POL,Extra Large,Polyester,,Red / Black Arrow,17.45,0,0,0,0
2-W-RBA-SS-XS-SL-POL,2-W-RBA-SS-2XL-SL-POL,2X Large,Polyester,,Red / Black Arrow,17.45,0,0,0,0
2-W-RBA-SS-XS-SL-POL,2-W-RBA-SS-3XL-SL-POL,3X Large ,Polyester,,Red / Black Arrow,17.45,0,0,0,0
2-W-RBA-SS-XS-RL-POL,2-W-RBA-SS-XS-RL-POL,Extra Small,Polyester,,Red / Black Arrow,17.45,0,0,0,0
2-W-RBA-SS-XS-RL-POL,2-W-RBA-SS-S-RL-POL,Small,Polyester,,Red / Black Arrow,17.45,0,0,0,0
2-W-RBA-SS-XS-RL-POL,2-W-RBA-SS-M-RL-POL,Medium,Polyester,,Red / Black Arrow,17.45,0,0,0,0
2-W-RBA-SS-XS-RL-POL,2-W-RBA-SS-L-RL-POL,Large,Polyester,,Red / Black Arrow,17.45,0,0,0,0
2-W-RBA-SS-XS-RL-POL,2-W-RBA-SS-XL-RL-POL,Extra Large,Polyester,,Red / Black Arrow,17.45,0,0,0,0
2-W-RBA-SS-XS-RL-POL,2-W-RBA-SS-2XL-RL-POL,2X Large,Polyester,,Red / Black Arrow,17.45,0,0,0,0
2-W-RBA-SS-XS-RL-POL,2-W-RBA-SS-3XL-RL-POL,3X Large ,Polyester,,Red / Black Arrow,17.45,0,0,0,0
2-M-WH-LS-XS-SL-COT,2-M-WH-LS-S-SL-COT,Small,Cotton,,White,21.45,0,0,0,0
2-M-WH-LS-XS-SL-COT,2-M-WH-LS-M-SL-COT,Medium,Cotton,,White,21.45,0,0,0,0
2-M-WH-LS-XS-SL-COT,2-M-WH-LS-L-SL-COT,Large,Cotton,,White,21.45,0,0,0,0
2-M-WH-LS-XS-SL-COT,2-M-WH-LS-XL-SL-COT,Extra Large,Cotton,,White,21.45,0,0,0,0
2-M-WH-LS-XS-SL-COT,2-M-WH-LS-2XL-SL-COT,2X Large,Cotton,,White,21.45,0,0,0,0
2-M-WH-LS-XS-SL-COT,2-M-WH-LS-3XL-SL-COT,3X Large ,Cotton,,White,21.45,0,0,0,0
2-M-WH-LS-XS-RL-COT,2-M-WH-LS-S-RL-COT,Small,Cotton,,White,21.45,0,0,0,0
2-M-WH-LS-XS-RL-COT,2-M-WH-LS-M-RL-COT,Medium,Cotton,,White,21.45,0,0,0,0
2-M-WH-LS-XS-RL-COT,2-M-WH-LS-L-RL-COT,Large,Cotton,,White,21.45,0,0,0,0
2-M-WH-LS-XS-RL-COT,2-M-WH-LS-XL-RL-COT,Extra Large,Cotton,,White,21.45,0,0,0,0
2-M-WH-LS-XS-RL-COT,2-M-WH-LS-2XL-RL-COT,2X Large,Cotton,,White,21.45,0,0,0,0
2-M-WH-LS-XS-RL-COT,2-M-WH-LS-3XL-RL-COT,3X Large ,Cotton,,White,21.45,0,0,0,0
2-M-WH-SS-XS-SL-COT,2-M-WH-SS-S-SL-COT,Small,Cotton,,White,20.25,0,0,0,0
2-M-WH-SS-XS-SL-COT,2-M-WH-SS-M-SL-COT,Medium,Cotton,,White,20.25,0,0,0,0
2-M-WH-SS-XS-SL-COT,2-M-WH-SS-L-SL-COT,Large,Cotton,,White,20.25,0,0,0,0
2-M-WH-SS-XS-SL-COT,2-M-WH-SS-XL-SL-COT,Extra Large,Cotton,,White,20.25,0,0,0,0
2-M-WH-SS-XS-SL-COT,2-M-WH-SS-2XL-SL-COT,2X Large,Cotton,,White,20.25,0,0,0,0
2-M-WH-SS-XS-SL-COT,2-M-WH-SS-3XL-SL-COT,3X Large ,Cotton,,White,20.25,0,0,0,0
2-M-WH-SS-XS-RL-COT,2-M-WH-SS-S-RL-COT,Small,Cotton,,White,20.25,0,0,0,0
2-M-WH-SS-XS-RL-COT,2-M-WH-SS-M-RL-COT,Medium,Cotton,,White,20.25,0,0,0,0
2-M-WH-SS-XS-RL-COT,2-M-WH-SS-L-RL-COT,Large,Cotton,,White,20.25,0,0,0,0
2-M-WH-SS-XS-RL-COT,2-M-WH-SS-XL-RL-COT,Extra Large,Cotton,,White,20.25,0,0,0,0
2-M-WH-SS-XS-RL-COT,2-M-WH-SS-2XL-RL-COT,2X Large,Cotton,,White,20.25,0,0,0,0
2-M-WH-SS-XS-RL-COT,2-M-WH-SS-3XL-RL-COT,3X Large ,Cotton,,White,20.25,0,0,0,0
2-W-WH-LS-XS-SL-COT,2-W-WH-LS-XS-SL-COT,Extra Small,Cotton,,White,21.45,0,0,0,0
2-W-WH-LS-XS-SL-COT,2-W-WH-LS-S-SL-COT,Small,Cotton,,White,21.45,0,0,0,0
2-W-WH-LS-XS-SL-COT,2-W-WH-LS-M-SL-COT,Medium,Cotton,,White,21.45,0,0,0,0
2-W-WH-LS-XS-SL-COT,2-W-WH-LS-L-SL-COT,Large,Cotton,,White,21.45,0,0,0,0
2-W-WH-LS-XS-SL-COT,2-W-WH-LS-XL-SL-COT,Extra Large,Cotton,,White,21.45,0,0,0,0
2-W-WH-LS-XS-SL-COT,2-W-WH-LS-2XL-SL-COT,2X Large,Cotton,,White,21.45,0,0,0,0
2-W-WH-LS-XS-SL-COT,2-W-WH-LS-3XL-SL-COT,3X Large ,Cotton,,White,21.45,0,0,0,0
2-W-WH-LS-XS-RL-COT,2-W-WH-LS-XS-RL-COT,Extra Small,Cotton,,White,21.45,0,0,0,0
2-W-WH-LS-XS-RL-COT,2-W-WH-LS-S-RL-COT,Small,Cotton,,White,21.45,0,0,0,0
2-W-WH-LS-XS-RL-COT,2-W-WH-LS-M-RL-COT,Medium,Cotton,,White,21.45,0,0,0,0
2-W-WH-LS-XS-RL-COT,2-W-WH-LS-L-RL-COT,Large,Cotton,,White,21.45,0,0,0,0
2-W-WH-LS-XS-RL-COT,2-W-WH-LS-XL-RL-COT,Extra Large,Cotton,,White,21.45,0,0,0,0
2-W-WH-LS-XS-RL-COT,2-W-WH-LS-2XL-RL-COT,2X Large,Cotton,,White,21.45,0,0,0,0
2-W-WH-LS-XS-RL-COT,2-W-WH-LS-3XL-RL-COT,3X Large ,Cotton,,White,21.45,0,0,0,0
2-W-WH-SS-XS-SL-COT,2-W-WH-SS-XS-SL-COT,Extra Small,Cotton,,White,20.25,0,0,0,0
2-W-WH-SS-XS-SL-COT,2-W-WH-SS-S-SL-COT,Small,Cotton,,White,20.25,0,0,0,0
2-W-WH-SS-XS-SL-COT,2-W-WH-SS-M-SL-COT,Medium,Cotton,,White,20.25,0,0,0,0
2-W-WH-SS-XS-SL-COT,2-W-WH-SS-L-SL-COT,Large,Cotton,,White,20.25,0,0,0,0
2-W-WH-SS-XS-SL-COT,2-W-WH-SS-XL-SL-COT,Extra Large,Cotton,,White,20.25,0,0,0,0
2-W-WH-SS-XS-SL-COT,2-W-WH-SS-2XL-SL-COT,2X Large,Cotton,,White,20.25,0,0,0,0
2-W-WH-SS-XS-SL-COT,2-W-WH-SS-3XL-SL-COT,3X Large ,Cotton,,White,20.25,0,0,0,0
2-W-WH-SS-XS-RL-COT,2-W-WH-SS-XS-RL-COT,Extra Small,Cotton,,White,20.25,0,0,0,0
2-W-WH-SS-XS-RL-COT,2-W-WH-SS-S-RL-COT,Small,Cotton,,White,20.25,0,0,0,0
2-W-WH-SS-XS-RL-COT,2-W-WH-SS-M-RL-COT,Medium,Cotton,,White,20.25,0,0,0,0
2-W-WH-SS-XS-RL-COT,2-W-WH-SS-L-RL-COT,Large,Cotton,,White,20.25,0,0,0,0
2-W-WH-SS-XS-RL-COT,2-W-WH-SS-XL-RL-COT,Extra Large,Cotton,,White,20.25,0,0,0,0
2-W-WH-SS-XS-RL-COT,2-W-WH-SS-2XL-RL-COT,2X Large,Cotton,,White,20.25,0,0,0,0
2-W-WH-SS-XS-RL-COT,2-W-WH-SS-3XL-RL-COT,3X Large ,Cotton,,White,20.25,0,0,0,0
2-M-BK-LS-XS-SL-COT,2-M-BK-LS-S-SL-COT,Small,Cotton,,Black,21.45,0,0,0,0
2-M-BK-LS-XS-SL-COT,2-M-BK-LS-M-SL-COT,Medium,Cotton,,Black,21.45,0,0,0,0
2-M-BK-LS-XS-SL-COT,2-M-BK-LS-L-SL-COT,Large,Cotton,,Black,21.45,0,0,0,0
2-M-BK-LS-XS-SL-COT,2-M-BK-LS-XL-SL-COT,Extra Large,Cotton,,Black,21.45,0,0,0,0
2-M-BK-LS-XS-SL-COT,2-M-BK-LS-2XL-SL-COT,2X Large,Cotton,,Black,21.45,0,0,0,0
2-M-BK-LS-XS-SL-COT,2-M-BK-LS-3XL-SL-COT,3X Large ,Cotton,,Black,21.45,0,0,0,0
2-M-BK-LS-XS-RL-COT,2-M-BK-LS-S-RL-COT,Small,Cotton,,Black,21.45,0,0,0,0
2-M-BK-LS-XS-RL-COT,2-M-BK-LS-M-RL-COT,Medium,Cotton,,Black,21.45,0,0,0,0
2-M-BK-LS-XS-RL-COT,2-M-BK-LS-L-RL-COT,Large,Cotton,,Black,21.45,0,0,0,0
2-M-BK-LS-XS-RL-COT,2-M-BK-LS-XL-RL-COT,Extra Large,Cotton,,Black,21.45,0,0,0,0
2-M-BK-LS-XS-RL-COT,2-M-BK-LS-2XL-RL-COT,2X Large,Cotton,,Black,21.45,0,0,0,0
2-M-BK-LS-XS-RL-COT,2-M-BK-LS-3XL-RL-COT,3X Large ,Cotton,,Black,21.45,0,0,0,0
2-M-BK-SS-XS-SL-COT,2-M-BK-SS-S-SL-COT,Small,Cotton,,Black,20.25,0,0,0,0
2-M-BK-SS-XS-SL-COT,2-M-BK-SS-M-SL-COT,Medium,Cotton,,Black,20.25,0,0,0,0
2-M-BK-SS-XS-SL-COT,2-M-BK-SS-L-SL-COT,Large,Cotton,,Black,20.25,0,0,0,0
2-M-BK-SS-XS-SL-COT,2-M-BK-SS-XL-SL-COT,Extra Large,Cotton,,Black,20.25,0,0,0,0
2-M-BK-SS-XS-SL-COT,2-M-BK-SS-2XL-SL-COT,2X Large,Cotton,,Black,20.25,0,0,0,0
2-M-BK-SS-XS-SL-COT,2-M-BK-SS-3XL-SL-COT,3X Large ,Cotton,,Black,20.25,0,0,0,0
2-M-BK-SS-XS-RL-COT,2-M-BK-SS-S-RL-COT,Small,Cotton,,Black,20.25,0,0,0,0
2-M-BK-SS-XS-RL-COT,2-M-BK-SS-M-RL-COT,Medium,Cotton,,Black,20.25,0,0,0,0
2-M-BK-SS-XS-RL-COT,2-M-BK-SS-L-RL-COT,Large,Cotton,,Black,20.25,0,0,0,0
2-M-BK-SS-XS-RL-COT,2-M-BK-SS-XL-RL-COT,Extra Large,Cotton,,Black,20.25,0,0,0,0
2-M-BK-SS-XS-RL-COT,2-M-BK-SS-2XL-RL-COT,2X Large,Cotton,,Black,20.25,0,0,0,0
2-M-BK-SS-XS-RL-COT,2-M-BK-SS-3XL-RL-COT,3X Large ,Cotton,,Black,20.25,0,0,0,0
2-W-BK-LS-XS-SL-COT,2-W-BK-LS-XS-SL-COT,Extra Small,Cotton,,Black,21.45,0,0,0,0
2-W-BK-LS-XS-SL-COT,2-W-BK-LS-S-SL-COT,Small,Cotton,,Black,21.45,0,0,0,0
2-W-BK-LS-XS-SL-COT,2-W-BK-LS-M-SL-COT,Medium,Cotton,,Black,21.45,0,0,0,0
2-W-BK-LS-XS-SL-COT,2-W-BK-LS-L-SL-COT,Large,Cotton,,Black,21.45,0,0,0,0
2-W-BK-LS-XS-SL-COT,2-W-BK-LS-XL-SL-COT,Extra Large,Cotton,,Black,21.45,0,0,0,0
2-W-BK-LS-XS-SL-COT,2-W-BK-LS-2XL-SL-COT,2X Large,Cotton,,Black,21.45,0,0,0,0
2-W-BK-LS-XS-SL-COT,2-W-BK-LS-3XL-SL-COT,3X Large ,Cotton,,Black,21.45,0,0,0,0
2-W-BK-LS-XS-RL-COT,2-W-BK-LS-XS-RL-COT,Extra Small,Cotton,,Black,21.45,0,0,0,0
2-W-BK-LS-XS-RL-COT,2-W-BK-LS-S-RL-COT,Small,Cotton,,Black,21.45,0,0,0,0
2-W-BK-LS-XS-RL-COT,2-W-BK-LS-M-RL-COT,Medium,Cotton,,Black,21.45,0,0,0,0
2-W-BK-LS-XS-RL-COT,2-W-BK-LS-L-RL-COT,Large,Cotton,,Black,21.45,0,0,0,0
2-W-BK-LS-XS-RL-COT,2-W-BK-LS-XL-RL-COT,Extra Large,Cotton,,Black,21.45,0,0,0,0
2-W-BK-LS-XS-RL-COT,2-W-BK-LS-2XL-RL-COT,2X Large,Cotton,,Black,21.45,0,0,0,0
2-W-BK-LS-XS-RL-COT,2-W-BK-LS-3XL-RL-COT,3X Large ,Cotton,,Black,21.45,0,0,0,0
2-W-BK-SS-XS-SL-COT,2-W-BK-SS-XS-SL-COT,Extra Small,Cotton,,Black,20.25,0,0,0,0
2-W-BK-SS-XS-SL-COT,2-W-BK-SS-S-SL-COT,Small,Cotton,,Black,20.25,0,0,0,0
2-W-BK-SS-XS-SL-COT,2-W-BK-SS-M-SL-COT,Medium,Cotton,,Black,20.25,0,0,0,0
2-W-BK-SS-XS-SL-COT,2-W-BK-SS-L-SL-COT,Large,Cotton,,Black,20.25,0,0,0,0
2-W-BK-SS-XS-SL-COT,2-W-BK-SS-XL-SL-COT,Extra Large,Cotton,,Black,20.25,0,0,0,0
2-W-BK-SS-XS-SL-COT,2-W-BK-SS-2XL-SL-COT,2X Large,Cotton,,Black,20.25,0,0,0,0
2-W-BK-SS-XS-SL-COT,2-W-BK-SS-3XL-SL-COT,3X Large ,Cotton,,Black,20.25,0,0,0,0
2-W-BK-SS-XS-RL-COT,2-W-BK-SS-XS-RL-COT,Extra Small,Cotton,,Black,20.25,0,0,0,0
2-W-BK-SS-XS-RL-COT,2-W-BK-SS-S-RL-COT,Small,Cotton,,Black,20.25,0,0,0,0
2-W-BK-SS-XS-RL-COT,2-W-BK-SS-M-RL-COT,Medium,Cotton,,Black,20.25,0,0,0,0
2-W-BK-SS-XS-RL-COT,2-W-BK-SS-L-RL-COT,Large,Cotton,,Black,20.25,0,0,0,0
2-W-BK-SS-XS-RL-COT,2-W-BK-SS-XL-RL-COT,Extra Large,Cotton,,Black,20.25,0,0,0,0
2-W-BK-SS-XS-RL-COT,2-W-BK-SS-2XL-RL-COT,2X Large,Cotton,,Black,20.25,0,0,0,0
2-W-BK-SS-XS-RL-COT,2-W-BK-SS-3XL-RL-COT,3X Large ,Cotton,,Black,20.25,0,0,0,0
2-M-BPS-LS-XS-SL-COT,2-M-BPS-LS-S-SL-COT,Small,Cotton,,Blue Pinstripe,21.45,0,0,0,0
2-M-BPS-LS-XS-SL-COT,2-M-BPS-LS-M-SL-COT,Medium,Cotton,,Blue Pinstripe,21.45,0,0,0,0
2-M-BPS-LS-XS-SL-COT,2-M-BPS-LS-L-SL-COT,Large,Cotton,,Blue Pinstripe,21.45,0,0,0,0
2-M-BPS-LS-XS-SL-COT,2-M-BPS-LS-XL-SL-COT,Extra Large,Cotton,,Blue Pinstripe,21.45,0,0,0,0
2-M-BPS-LS-XS-SL-COT,2-M-BPS-LS-2XL-SL-COT,2X Large,Cotton,,Blue Pinstripe,21.45,0,0,0,0
2-M-BPS-LS-XS-SL-COT,2-M-BPS-LS-3XL-SL-COT,3X Large ,Cotton,,Blue Pinstripe,21.45,0,0,0,0
2-M-BPS-LS-XS-RL-COT,2-M-BPS-LS-S-RL-COT,Small,Cotton,,Blue Pinstripe,21.45,0,0,0,0
2-M-BPS-LS-XS-RL-COT,2-M-BPS-LS-M-RL-COT,Medium,Cotton,,Blue Pinstripe,21.45,0,0,0,0
2-M-BPS-LS-XS-RL-COT,2-M-BPS-LS-L-RL-COT,Large,Cotton,,Blue Pinstripe,21.45,0,0,0,0
2-M-BPS-LS-XS-RL-COT,2-M-BPS-LS-XL-RL-COT,Extra Large,Cotton,,Blue Pinstripe,21.45,0,0,0,0
2-M-BPS-LS-XS-RL-COT,2-M-BPS-LS-2XL-RL-COT,2X Large,Cotton,,Blue Pinstripe,21.45,0,0,0,0
2-M-BPS-LS-XS-RL-COT,2-M-BPS-LS-3XL-RL-COT,3X Large ,Cotton,,Blue Pinstripe,21.45,0,0,0,0
2-M-BPS-SS-XS-SL-COT,2-M-BPS-SS-S-SL-COT,Small,Cotton,,Blue Pinstripe,20.25,0,0,0,0
2-M-BPS-SS-XS-SL-COT,2-M-BPS-SS-M-SL-COT,Medium,Cotton,,Blue Pinstripe,20.25,0,0,0,0
2-M-BPS-SS-XS-SL-COT,2-M-BPS-SS-L-SL-COT,Large,Cotton,,Blue Pinstripe,20.25,0,0,0,0
2-M-BPS-SS-XS-SL-COT,2-M-BPS-SS-XL-SL-COT,Extra Large,Cotton,,Blue Pinstripe,20.25,0,0,0,0
2-M-BPS-SS-XS-SL-COT,2-M-BPS-SS-2XL-SL-COT,2X Large,Cotton,,Blue Pinstripe,20.25,0,0,0,0
2-M-BPS-SS-XS-SL-COT,2-M-BPS-SS-3XL-SL-COT,3X Large ,Cotton,,Blue Pinstripe,20.25,0,0,0,0
2-M-BPS-SS-XS-RL-COT,2-M-BPS-SS-S-RL-COT,Small,Cotton,,Blue Pinstripe,20.25,0,0,0,0
2-M-BPS-SS-XS-RL-COT,2-M-BPS-SS-M-RL-COT,Medium,Cotton,,Blue Pinstripe,20.25,0,0,0,0
2-M-BPS-SS-XS-RL-COT,2-M-BPS-SS-L-RL-COT,Large,Cotton,,Blue Pinstripe,20.25,0,0,0,0
2-M-BPS-SS-XS-RL-COT,2-M-BPS-SS-XL-RL-COT,Extra Large,Cotton,,Blue Pinstripe,20.25,0,0,0,0
2-M-BPS-SS-XS-RL-COT,2-M-BPS-SS-2XL-RL-COT,2X Large,Cotton,,Blue Pinstripe,20.25,0,0,0,0
2-M-BPS-SS-XS-RL-COT,2-M-BPS-SS-3XL-RL-COT,3X Large ,Cotton,,Blue Pinstripe,20.25,0,0,0,0
2-W-BPS-LS-XS-SL-COT,2-W-BPS-LS-XS-SL-COT,Extra Small,Cotton,,Blue Pinstripe,21.45,0,0,0,0
2-W-BPS-LS-XS-SL-COT,2-W-BPS-LS-S-SL-COT,Small,Cotton,,Blue Pinstripe,21.45,0,0,0,0
2-W-BPS-LS-XS-SL-COT,2-W-BPS-LS-M-SL-COT,Medium,Cotton,,Blue Pinstripe,21.45,0,0,0,0
2-W-BPS-LS-XS-SL-COT,2-W-BPS-LS-L-SL-COT,Large,Cotton,,Blue Pinstripe,21.45,0,0,0,0
2-W-BPS-LS-XS-SL-COT,2-W-BPS-LS-XL-SL-COT,Extra Large,Cotton,,Blue Pinstripe,21.45,0,0,0,0
2-W-BPS-LS-XS-SL-COT,2-W-BPS-LS-2XL-SL-COT,2X Large,Cotton,,Blue Pinstripe,21.45,0,0,0,0
2-W-BPS-LS-XS-SL-COT,2-W-BPS-LS-3XL-SL-COT,3X Large ,Cotton,,Blue Pinstripe,21.45,0,0,0,0
2-W-BPS-LS-XS-RL-COT,2-W-BPS-LS-XS-RL-COT,Extra Small,Cotton,,Blue Pinstripe,21.45,0,0,0,0
2-W-BPS-LS-XS-RL-COT,2-W-BPS-LS-S-RL-COT,Small,Cotton,,Blue Pinstripe,21.45,0,0,0,0
2-W-BPS-LS-XS-RL-COT,2-W-BPS-LS-M-RL-COT,Medium,Cotton,,Blue Pinstripe,21.45,0,0,0,0
2-W-BPS-LS-XS-RL-COT,2-W-BPS-LS-L-RL-COT,Large,Cotton,,Blue Pinstripe,21.45,0,0,0,0
2-W-BPS-LS-XS-RL-COT,2-W-BPS-LS-XL-RL-COT,Extra Large,Cotton,,Blue Pinstripe,21.45,0,0,0,0
2-W-BPS-LS-XS-RL-COT,2-W-BPS-LS-2XL-RL-COT,2X Large,Cotton,,Blue Pinstripe,21.45,0,0,0,0
2-W-BPS-LS-XS-RL-COT,2-W-BPS-LS-3XL-RL-COT,3X Large ,Cotton,,Blue Pinstripe,21.45,0,0,0,0
2-W-BPS-SS-XS-SL-COT,2-W-BPS-SS-XS-SL-COT,Extra Small,Cotton,,Blue Pinstripe,20.25,0,0,0,0
2-W-BPS-SS-XS-SL-COT,2-W-BPS-SS-S-SL-COT,Small,Cotton,,Blue Pinstripe,20.25,0,0,0,0
2-W-BPS-SS-XS-SL-COT,2-W-BPS-SS-M-SL-COT,Medium,Cotton,,Blue Pinstripe,20.25,0,0,0,0
2-W-BPS-SS-XS-SL-COT,2-W-BPS-SS-L-SL-COT,Large,Cotton,,Blue Pinstripe,20.25,0,0,0,0
2-W-BPS-SS-XS-SL-COT,2-W-BPS-SS-XL-SL-COT,Extra Large,Cotton,,Blue Pinstripe,20.25,0,0,0,0
2-W-BPS-SS-XS-SL-COT,2-W-BPS-SS-2XL-SL-COT,2X Large,Cotton,,Blue Pinstripe,20.25,0,0,0,0
2-W-BPS-SS-XS-SL-COT,2-W-BPS-SS-3XL-SL-COT,3X Large ,Cotton,,Blue Pinstripe,20.25,0,0,0,0
2-W-BPS-SS-XS-RL-COT,2-W-BPS-SS-XS-RL-COT,Extra Small,Cotton,,Blue Pinstripe,20.25,0,0,0,0
2-W-BPS-SS-XS-RL-COT,2-W-BPS-SS-S-RL-COT,Small,Cotton,,Blue Pinstripe,20.25,0,0,0,0
2-W-BPS-SS-XS-RL-COT,2-W-BPS-SS-M-RL-COT,Medium,Cotton,,Blue Pinstripe,20.25,0,0,0,0
2-W-BPS-SS-XS-RL-COT,2-W-BPS-SS-L-RL-COT,Large,Cotton,,Blue Pinstripe,20.25,0,0,0,0
2-W-BPS-SS-XS-RL-COT,2-W-BPS-SS-XL-RL-COT,Extra Large,Cotton,,Blue Pinstripe,20.25,0,0,0,0
2-W-BPS-SS-XS-RL-COT,2-W-BPS-SS-2XL-RL-COT,2X Large,Cotton,,Blue Pinstripe,20.25,0,0,0,0
2-W-BPS-SS-XS-RL-COT,2-W-BPS-SS-3XL-RL-COT,3X Large ,Cotton,,Blue Pinstripe,20.25,0,0,0,0
2-M-GPS-LS-XS-SL-COT,2-M-GPS-LS-S-SL-COT,Small,Cotton,,Green Pinstripe,21.45,0,0,0,0
2-M-GPS-LS-XS-SL-COT,2-M-GPS-LS-M-SL-COT,Medium,Cotton,,Green Pinstripe,21.45,0,0,0,0
2-M-GPS-LS-XS-SL-COT,2-M-GPS-LS-L-SL-COT,Large,Cotton,,Green Pinstripe,21.45,0,0,0,0
2-M-GPS-LS-XS-SL-COT,2-M-GPS-LS-XL-SL-COT,Extra Large,Cotton,,Green Pinstripe,21.45,0,0,0,0
2-M-GPS-LS-XS-SL-COT,2-M-GPS-LS-2XL-SL-COT,2X Large,Cotton,,Green Pinstripe,21.45,0,0,0,0
2-M-GPS-LS-XS-SL-COT,2-M-GPS-LS-3XL-SL-COT,3X Large ,Cotton,,Green Pinstripe,21.45,0,0,0,0
2-M-GPS-LS-XS-RL-COT,2-M-GPS-LS-S-RL-COT,Small,Cotton,,Green Pinstripe,21.45,0,0,0,0
2-M-GPS-LS-XS-RL-COT,2-M-GPS-LS-M-RL-COT,Medium,Cotton,,Green Pinstripe,21.45,0,0,0,0
2-M-GPS-LS-XS-RL-COT,2-M-GPS-LS-L-RL-COT,Large,Cotton,,Green Pinstripe,21.45,0,0,0,0
2-M-GPS-LS-XS-RL-COT,2-M-GPS-LS-XL-RL-COT,Extra Large,Cotton,,Green Pinstripe,21.45,0,0,0,0
2-M-GPS-LS-XS-RL-COT,2-M-GPS-LS-2XL-RL-COT,2X Large,Cotton,,Green Pinstripe,21.45,0,0,0,0
2-M-GPS-LS-XS-RL-COT,2-M-GPS-LS-3XL-RL-COT,3X Large ,Cotton,,Green Pinstripe,21.45,0,0,0,0
2-M-GPS-SS-XS-SL-COT,2-M-GPS-SS-S-SL-COT,Small,Cotton,,Green Pinstripe,20.25,0,0,0,0
2-M-GPS-SS-XS-SL-COT,2-M-GPS-SS-M-SL-COT,Medium,Cotton,,Green Pinstripe,20.25,0,0,0,0
2-M-GPS-SS-XS-SL-COT,2-M-GPS-SS-L-SL-COT,Large,Cotton,,Green Pinstripe,20.25,0,0,0,0
2-M-GPS-SS-XS-SL-COT,2-M-GPS-SS-XL-SL-COT,Extra Large,Cotton,,Green Pinstripe,20.25,0,0,0,0
2-M-GPS-SS-XS-SL-COT,2-M-GPS-SS-2XL-SL-COT,2X Large,Cotton,,Green Pinstripe,20.25,0,0,0,0
2-M-GPS-SS-XS-SL-COT,2-M-GPS-SS-3XL-SL-COT,3X Large ,Cotton,,Green Pinstripe,20.25,0,0,0,0
2-M-GPS-SS-XS-RL-COT,2-M-GPS-SS-S-RL-COT,Small,Cotton,,Green Pinstripe,20.25,0,0,0,0
2-M-GPS-SS-XS-RL-COT,2-M-GPS-SS-M-RL-COT,Medium,Cotton,,Green Pinstripe,20.25,0,0,0,0
2-M-GPS-SS-XS-RL-COT,2-M-GPS-SS-L-RL-COT,Large,Cotton,,Green Pinstripe,20.25,0,0,0,0
2-M-GPS-SS-XS-RL-COT,2-M-GPS-SS-XL-RL-COT,Extra Large,Cotton,,Green Pinstripe,20.25,0,0,0,0
2-M-GPS-SS-XS-RL-COT,2-M-GPS-SS-2XL-RL-COT,2X Large,Cotton,,Green Pinstripe,20.25,0,0,0,0
2-M-GPS-SS-XS-RL-COT,2-M-GPS-SS-3XL-RL-COT,3X Large ,Cotton,,Green Pinstripe,20.25,0,0,0,0
2-W-GPS-LS-XS-SL-COT,2-W-GPS-LS-XS-SL-COT,Extra Small,Cotton,,Green Pinstripe,21.45,0,0,0,0
2-W-GPS-LS-XS-SL-COT,2-W-GPS-LS-S-SL-COT,Small,Cotton,,Green Pinstripe,21.45,0,0,0,0
2-W-GPS-LS-XS-SL-COT,2-W-GPS-LS-M-SL-COT,Medium,Cotton,,Green Pinstripe,21.45,0,0,0,0
2-W-GPS-LS-XS-SL-COT,2-W-GPS-LS-L-SL-COT,Large,Cotton,,Green Pinstripe,21.45,0,0,0,0
2-W-GPS-LS-XS-SL-COT,2-W-GPS-LS-XL-SL-COT,Extra Large,Cotton,,Green Pinstripe,21.45,0,0,0,0
2-W-GPS-LS-XS-SL-COT,2-W-GPS-LS-2XL-SL-COT,2X Large,Cotton,,Green Pinstripe,21.45,0,0,0,0
2-W-GPS-LS-XS-SL-COT,2-W-GPS-LS-3XL-SL-COT,3X Large ,Cotton,,Green Pinstripe,21.45,0,0,0,0
2-W-GPS-LS-XS-RL-COT,2-W-GPS-LS-XS-RL-COT,Extra Small,Cotton,,Green Pinstripe,21.45,0,0,0,0
2-W-GPS-LS-XS-RL-COT,2-W-GPS-LS-S-RL-COT,Small,Cotton,,Green Pinstripe,21.45,0,0,0,0
2-W-GPS-LS-XS-RL-COT,2-W-GPS-LS-M-RL-COT,Medium,Cotton,,Green Pinstripe,21.45,0,0,0,0
2-W-GPS-LS-XS-RL-COT,2-W-GPS-LS-L-RL-COT,Large,Cotton,,Green Pinstripe,21.45,0,0,0,0
2-W-GPS-LS-XS-RL-COT,2-W-GPS-LS-XL-RL-COT,Extra Large,Cotton,,Green Pinstripe,21.45,0,0,0,0
2-W-GPS-LS-XS-RL-COT,2-W-GPS-LS-2XL-RL-COT,2X Large,Cotton,,Green Pinstripe,21.45,0,0,0,0
2-W-GPS-LS-XS-RL-COT,2-W-GPS-LS-3XL-RL-COT,3X Large ,Cotton,,Green Pinstripe,21.45,0,0,0,0
2-W-GPS-SS-XS-SL-COT,2-W-GPS-SS-XS-SL-COT,Extra Small,Cotton,,Green Pinstripe,20.25,0,0,0,0
2-W-GPS-SS-XS-SL-COT,2-W-GPS-SS-S-SL-COT,Small,Cotton,,Green Pinstripe,20.25,0,0,0,0
2-W-GPS-SS-XS-SL-COT,2-W-GPS-SS-M-SL-COT,Medium,Cotton,,Green Pinstripe,20.25,0,0,0,0
2-W-GPS-SS-XS-SL-COT,2-W-GPS-SS-L-SL-COT,Large,Cotton,,Green Pinstripe,20.25,0,0,0,0
2-W-GPS-SS-XS-SL-COT,2-W-GPS-SS-XL-SL-COT,Extra Large,Cotton,,Green Pinstripe,20.25,0,0,0,0
2-W-GPS-SS-XS-SL-COT,2-W-GPS-SS-2XL-SL-COT,2X Large,Cotton,,Green Pinstripe,20.25,0,0,0,0
2-W-GPS-SS-XS-SL-COT,2-W-GPS-SS-3XL-SL-COT,3X Large ,Cotton,,Green Pinstripe,20.25,0,0,0,0
2-W-GPS-SS-XS-RL-COT,2-W-GPS-SS-XS-RL-COT,Extra Small,Cotton,,Green Pinstripe,20.25,0,0,0,0
2-W-GPS-SS-XS-RL-COT,2-W-GPS-SS-S-RL-COT,Small,Cotton,,Green Pinstripe,20.25,0,0,0,0
2-W-GPS-SS-XS-RL-COT,2-W-GPS-SS-M-RL-COT,Medium,Cotton,,Green Pinstripe,20.25,0,0,0,0
2-W-GPS-SS-XS-RL-COT,2-W-GPS-SS-L-RL-COT,Large,Cotton,,Green Pinstripe,20.25,0,0,0,0
2-W-GPS-SS-XS-RL-COT,2-W-GPS-SS-XL-RL-COT,Extra Large,Cotton,,Green Pinstripe,20.25,0,0,0,0
2-W-GPS-SS-XS-RL-COT,2-W-GPS-SS-2XL-RL-COT,2X Large,Cotton,,Green Pinstripe,20.25,0,0,0,0
2-W-GPS-SS-XS-RL-COT,2-W-GPS-SS-3XL-RL-COT,3X Large ,Cotton,,Green Pinstripe,20.25,0,0,0,0
2-M-RPS-LS-XS-SL-COT,2-M-RPS-LS-S-SL-COT,Small,Cotton,,Red Pinstripe,21.45,0,0,0,0
2-M-RPS-LS-XS-SL-COT,2-M-RPS-LS-M-SL-COT,Medium,Cotton,,Red Pinstripe,21.45,0,0,0,0
2-M-RPS-LS-XS-SL-COT,2-M-RPS-LS-L-SL-COT,Large,Cotton,,Red Pinstripe,21.45,0,0,0,0
2-M-RPS-LS-XS-SL-COT,2-M-RPS-LS-XL-SL-COT,Extra Large,Cotton,,Red Pinstripe,21.45,0,0,0,0
2-M-RPS-LS-XS-SL-COT,2-M-RPS-LS-2XL-SL-COT,2X Large,Cotton,,Red Pinstripe,21.45,0,0,0,0
2-M-RPS-LS-XS-SL-COT,2-M-RPS-LS-3XL-SL-COT,3X Large ,Cotton,,Red Pinstripe,21.45,0,0,0,0
2-M-RPS-LS-XS-RL-COT,2-M-RPS-LS-S-RL-COT,Small,Cotton,,Red Pinstripe,21.45,0,0,0,0
2-M-RPS-LS-XS-RL-COT,2-M-RPS-LS-M-RL-COT,Medium,Cotton,,Red Pinstripe,21.45,0,0,0,0
2-M-RPS-LS-XS-RL-COT,2-M-RPS-LS-L-RL-COT,Large,Cotton,,Red Pinstripe,21.45,0,0,0,0
2-M-RPS-LS-XS-RL-COT,2-M-RPS-LS-XL-RL-COT,Extra Large,Cotton,,Red Pinstripe,21.45,0,0,0,0
2-M-RPS-LS-XS-RL-COT,2-M-RPS-LS-2XL-RL-COT,2X Large,Cotton,,Red Pinstripe,21.45,0,0,0,0
2-M-RPS-LS-XS-RL-COT,2-M-RPS-LS-3XL-RL-COT,3X Large ,Cotton,,Red Pinstripe,21.45,0,0,0,0
2-M-RPS-SS-XS-SL-COT,2-M-RPS-SS-S-SL-COT,Small,Cotton,,Red Pinstripe,20.25,0,0,0,0
2-M-RPS-SS-XS-SL-COT,2-M-RPS-SS-M-SL-COT,Medium,Cotton,,Red Pinstripe,20.25,0,0,0,0
2-M-RPS-SS-XS-SL-COT,2-M-RPS-SS-L-SL-COT,Large,Cotton,,Red Pinstripe,20.25,0,0,0,0
2-M-RPS-SS-XS-SL-COT,2-M-RPS-SS-XL-SL-COT,Extra Large,Cotton,,Red Pinstripe,20.25,0,0,0,0
2-M-RPS-SS-XS-SL-COT,2-M-RPS-SS-2XL-SL-COT,2X Large,Cotton,,Red Pinstripe,20.25,0,0,0,0
2-M-RPS-SS-XS-SL-COT,2-M-RPS-SS-3XL-SL-COT,3X Large ,Cotton,,Red Pinstripe,20.25,0,0,0,0
2-M-RPS-SS-XS-RL-COT,2-M-RPS-SS-S-RL-COT,Small,Cotton,,Red Pinstripe,20.25,0,0,0,0
2-M-RPS-SS-XS-RL-COT,2-M-RPS-SS-M-RL-COT,Medium,Cotton,,Red Pinstripe,20.25,0,0,0,0
2-M-RPS-SS-XS-RL-COT,2-M-RPS-SS-L-RL-COT,Large,Cotton,,Red Pinstripe,20.25,0,0,0,0
2-M-RPS-SS-XS-RL-COT,2-M-RPS-SS-XL-RL-COT,Extra Large,Cotton,,Red Pinstripe,20.25,0,0,0,0
2-M-RPS-SS-XS-RL-COT,2-M-RPS-SS-2XL-RL-COT,2X Large,Cotton,,Red Pinstripe,20.25,0,0,0,0
2-M-RPS-SS-XS-RL-COT,2-M-RPS-SS-3XL-RL-COT,3X Large ,Cotton,,Red Pinstripe,20.25,0,0,0,0
2-W-RPS-LS-XS-SL-COT,2-W-RPS-LS-XS-SL-COT,Extra Small,Cotton,,Red Pinstripe,21.45,0,0,0,0
2-W-RPS-LS-XS-SL-COT,2-W-RPS-LS-S-SL-COT,Small,Cotton,,Red Pinstripe,21.45,0,0,0,0
2-W-RPS-LS-XS-SL-COT,2-W-RPS-LS-M-SL-COT,Medium,Cotton,,Red Pinstripe,21.45,0,0,0,0
2-W-RPS-LS-XS-SL-COT,2-W-RPS-LS-L-SL-COT,Large,Cotton,,Red Pinstripe,21.45,0,0,0,0
2-W-RPS-LS-XS-SL-COT,2-W-RPS-LS-XL-SL-COT,Extra Large,Cotton,,Red Pinstripe,21.45,0,0,0,0
2-W-RPS-LS-XS-SL-COT,2-W-RPS-LS-2XL-SL-COT,2X Large,Cotton,,Red Pinstripe,21.45,0,0,0,0
2-W-RPS-LS-XS-SL-COT,2-W-RPS-LS-3XL-SL-COT,3X Large ,Cotton,,Red Pinstripe,21.45,0,0,0,0
2-W-RPS-LS-XS-RL-COT,2-W-RPS-LS-XS-RL-COT,Extra Small,Cotton,,Red Pinstripe,21.45,0,0,0,0
2-W-RPS-LS-XS-RL-COT,2-W-RPS-LS-S-RL-COT,Small,Cotton,,Red Pinstripe,21.45,0,0,0,0
2-W-RPS-LS-XS-RL-COT,2-W-RPS-LS-M-RL-COT,Medium,Cotton,,Red Pinstripe,21.45,0,0,0,0
2-W-RPS-LS-XS-RL-COT,2-W-RPS-LS-L-RL-COT,Large,Cotton,,Red Pinstripe,21.45,0,0,0,0
2-W-RPS-LS-XS-RL-COT,2-W-RPS-LS-XL-RL-COT,Extra Large,Cotton,,Red Pinstripe,21.45,0,0,0,0
2-W-RPS-LS-XS-RL-COT,2-W-RPS-LS-2XL-RL-COT,2X Large,Cotton,,Red Pinstripe,21.45,0,0,0,0
2-W-RPS-LS-XS-RL-COT,2-W-RPS-LS-3XL-RL-COT,3X Large ,Cotton,,Red Pinstripe,21.45,0,0,0,0
2-W-RPS-SS-XS-SL-COT,2-W-RPS-SS-XS-SL-COT,Extra Small,Cotton,,Red Pinstripe,20.25,0,0,0,0
2-W-RPS-SS-XS-SL-COT,2-W-RPS-SS-S-SL-COT,Small,Cotton,,Red Pinstripe,20.25,0,0,0,0
2-W-RPS-SS-XS-SL-COT,2-W-RPS-SS-M-SL-COT,Medium,Cotton,,Red Pinstripe,20.25,0,0,0,0
2-W-RPS-SS-XS-SL-COT,2-W-RPS-SS-L-SL-COT,Large,Cotton,,Red Pinstripe,20.25,0,0,0,0
2-W-RPS-SS-XS-SL-COT,2-W-RPS-SS-XL-SL-COT,Extra Large,Cotton,,Red Pinstripe,20.25,0,0,0,0
2-W-RPS-SS-XS-SL-COT,2-W-RPS-SS-2XL-SL-COT,2X Large,Cotton,,Red Pinstripe,20.25,0,0,0,0
2-W-RPS-SS-XS-SL-COT,2-W-RPS-SS-3XL-SL-COT,3X Large ,Cotton,,Red Pinstripe,20.25,0,0,0,0
2-W-RPS-SS-XS-RL-COT,2-W-RPS-SS-XS-RL-COT,Extra Small,Cotton,,Red Pinstripe,20.25,0,0,0,0
2-W-RPS-SS-XS-RL-COT,2-W-RPS-SS-S-RL-COT,Small,Cotton,,Red Pinstripe,20.25,0,0,0,0
2-W-RPS-SS-XS-RL-COT,2-W-RPS-SS-M-RL-COT,Medium,Cotton,,Red Pinstripe,20.25,0,0,0,0
2-W-RPS-SS-XS-RL-COT,2-W-RPS-SS-L-RL-COT,Large,Cotton,,Red Pinstripe,20.25,0,0,0,0
2-W-RPS-SS-XS-RL-COT,2-W-RPS-SS-XL-RL-COT,Extra Large,Cotton,,Red Pinstripe,20.25,0,0,0,0
2-W-RPS-SS-XS-RL-COT,2-W-RPS-SS-2XL-RL-COT,2X Large,Cotton,,Red Pinstripe,20.25,0,0,0,0
2-W-RPS-SS-XS-RL-COT,2-W-RPS-SS-3XL-RL-COT,3X Large ,Cotton,,Red Pinstripe,20.25,0,0,0,0
2-M-BTR-LS-XS-SL-COT,2-M-BTR-LS-S-SL-COT,Small,Cotton,,Blue Triangle,21.45,0,0,0,0
2-M-BTR-LS-XS-SL-COT,2-M-BTR-LS-M-SL-COT,Medium,Cotton,,Blue Triangle,21.45,0,0,0,0
2-M-BTR-LS-XS-SL-COT,2-M-BTR-LS-L-SL-COT,Large,Cotton,,Blue Triangle,21.45,0,0,0,0
2-M-BTR-LS-XS-SL-COT,2-M-BTR-LS-XL-SL-COT,Extra Large,Cotton,,Blue Triangle,21.45,0,0,0,0
2-M-BTR-LS-XS-SL-COT,2-M-BTR-LS-2XL-SL-COT,2X Large,Cotton,,Blue Triangle,21.45,0,0,0,0
2-M-BTR-LS-XS-SL-COT,2-M-BTR-LS-3XL-SL-COT,3X Large ,Cotton,,Blue Triangle,21.45,0,0,0,0
2-M-BTR-LS-XS-RL-COT,2-M-BTR-LS-S-RL-COT,Small,Cotton,,Blue Triangle,21.45,0,0,0,0
2-M-BTR-LS-XS-RL-COT,2-M-BTR-LS-M-RL-COT,Medium,Cotton,,Blue Triangle,21.45,0,0,0,0
2-M-BTR-LS-XS-RL-COT,2-M-BTR-LS-L-RL-COT,Large,Cotton,,Blue Triangle,21.45,0,0,0,0
2-M-BTR-LS-XS-RL-COT,2-M-BTR-LS-XL-RL-COT,Extra Large,Cotton,,Blue Triangle,21.45,0,0,0,0
2-M-BTR-LS-XS-RL-COT,2-M-BTR-LS-2XL-RL-COT,2X Large,Cotton,,Blue Triangle,21.45,0,0,0,0
2-M-BTR-LS-XS-RL-COT,2-M-BTR-LS-3XL-RL-COT,3X Large ,Cotton,,Blue Triangle,21.45,0,0,0,0
2-M-BTR-SS-XS-SL-COT,2-M-BTR-SS-S-SL-COT,Small,Cotton,,Blue Triangle,20.25,0,0,0,0
2-M-BTR-SS-XS-SL-COT,2-M-BTR-SS-M-SL-COT,Medium,Cotton,,Blue Triangle,20.25,0,0,0,0
2-M-BTR-SS-XS-SL-COT,2-M-BTR-SS-L-SL-COT,Large,Cotton,,Blue Triangle,20.25,0,0,0,0
2-M-BTR-SS-XS-SL-COT,2-M-BTR-SS-XL-SL-COT,Extra Large,Cotton,,Blue Triangle,20.25,0,0,0,0
2-M-BTR-SS-XS-SL-COT,2-M-BTR-SS-2XL-SL-COT,2X Large,Cotton,,Blue Triangle,20.25,0,0,0,0
2-M-BTR-SS-XS-SL-COT,2-M-BTR-SS-3XL-SL-COT,3X Large ,Cotton,,Blue Triangle,20.25,0,0,0,0
2-M-BTR-SS-XS-RL-COT,2-M-BTR-SS-S-RL-COT,Small,Cotton,,Blue Triangle,20.25,0,0,0,0
2-M-BTR-SS-XS-RL-COT,2-M-BTR-SS-M-RL-COT,Medium,Cotton,,Blue Triangle,20.25,0,0,0,0
2-M-BTR-SS-XS-RL-COT,2-M-BTR-SS-L-RL-COT,Large,Cotton,,Blue Triangle,20.25,0,0,0,0
2-M-BTR-SS-XS-RL-COT,2-M-BTR-SS-XL-RL-COT,Extra Large,Cotton,,Blue Triangle,20.25,0,0,0,0
2-M-BTR-SS-XS-RL-COT,2-M-BTR-SS-2XL-RL-COT,2X Large,Cotton,,Blue Triangle,20.25,0,0,0,0
2-M-BTR-SS-XS-RL-COT,2-M-BTR-SS-3XL-RL-COT,3X Large ,Cotton,,Blue Triangle,20.25,0,0,0,0
2-W-BTR-LS-XS-SL-COT,2-W-BTR-LS-XS-SL-COT,Extra Small,Cotton,,Blue Triangle,21.45,0,0,0,0
2-W-BTR-LS-XS-SL-COT,2-W-BTR-LS-S-SL-COT,Small,Cotton,,Blue Triangle,21.45,0,0,0,0
2-W-BTR-LS-XS-SL-COT,2-W-BTR-LS-M-SL-COT,Medium,Cotton,,Blue Triangle,21.45,0,0,0,0
2-W-BTR-LS-XS-SL-COT,2-W-BTR-LS-L-SL-COT,Large,Cotton,,Blue Triangle,21.45,0,0,0,0
2-W-BTR-LS-XS-SL-COT,2-W-BTR-LS-XL-SL-COT,Extra Large,Cotton,,Blue Triangle,21.45,0,0,0,0
2-W-BTR-LS-XS-SL-COT,2-W-BTR-LS-2XL-SL-COT,2X Large,Cotton,,Blue Triangle,21.45,0,0,0,0
2-W-BTR-LS-XS-SL-COT,2-W-BTR-LS-3XL-SL-COT,3X Large ,Cotton,,Blue Triangle,21.45,0,0,0,0
2-W-BTR-LS-XS-RL-COT,2-W-BTR-LS-XS-RL-COT,Extra Small,Cotton,,Blue Triangle,21.45,0,0,0,0
2-W-BTR-LS-XS-RL-COT,2-W-BTR-LS-S-RL-COT,Small,Cotton,,Blue Triangle,21.45,0,0,0,0
2-W-BTR-LS-XS-RL-COT,2-W-BTR-LS-M-RL-COT,Medium,Cotton,,Blue Triangle,21.45,0,0,0,0
2-W-BTR-LS-XS-RL-COT,2-W-BTR-LS-L-RL-COT,Large,Cotton,,Blue Triangle,21.45,0,0,0,0
2-W-BTR-LS-XS-RL-COT,2-W-BTR-LS-XL-RL-COT,Extra Large,Cotton,,Blue Triangle,21.45,0,0,0,0
2-W-BTR-LS-XS-RL-COT,2-W-BTR-LS-2XL-RL-COT,2X Large,Cotton,,Blue Triangle,21.45,0,0,0,0
2-W-BTR-LS-XS-RL-COT,2-W-BTR-LS-3XL-RL-COT,3X Large ,Cotton,,Blue Triangle,21.45,0,0,0,0
2-W-BTR-SS-XS-SL-COT,2-W-BTR-SS-XS-SL-COT,Extra Small,Cotton,,Blue Triangle,20.25,0,0,0,0
2-W-BTR-SS-XS-SL-COT,2-W-BTR-SS-S-SL-COT,Small,Cotton,,Blue Triangle,20.25,0,0,0,0
2-W-BTR-SS-XS-SL-COT,2-W-BTR-SS-M-SL-COT,Medium,Cotton,,Blue Triangle,20.25,0,0,0,0
2-W-BTR-SS-XS-SL-COT,2-W-BTR-SS-L-SL-COT,Large,Cotton,,Blue Triangle,20.25,0,0,0,0
2-W-BTR-SS-XS-SL-COT,2-W-BTR-SS-XL-SL-COT,Extra Large,Cotton,,Blue Triangle,20.25,0,0,0,0
2-W-BTR-SS-XS-SL-COT,2-W-BTR-SS-2XL-SL-COT,2X Large,Cotton,,Blue Triangle,20.25,0,0,0,0
2-W-BTR-SS-XS-SL-COT,2-W-BTR-SS-3XL-SL-COT,3X Large ,Cotton,,Blue Triangle,20.25,0,0,0,0
2-W-BTR-SS-XS-RL-COT,2-W-BTR-SS-XS-RL-COT,Extra Small,Cotton,,Blue Triangle,20.25,0,0,0,0
2-W-BTR-SS-XS-RL-COT,2-W-BTR-SS-S-RL-COT,Small,Cotton,,Blue Triangle,20.25,0,0,0,0
2-W-BTR-SS-XS-RL-COT,2-W-BTR-SS-M-RL-COT,Medium,Cotton,,Blue Triangle,20.25,0,0,0,0
2-W-BTR-SS-XS-RL-COT,2-W-BTR-SS-L-RL-COT,Large,Cotton,,Blue Triangle,20.25,0,0,0,0
2-W-BTR-SS-XS-RL-COT,2-W-BTR-SS-XL-RL-COT,Extra Large,Cotton,,Blue Triangle,20.25,0,0,0,0
2-W-BTR-SS-XS-RL-COT,2-W-BTR-SS-2XL-RL-COT,2X Large,Cotton,,Blue Triangle,20.25,0,0,0,0
2-W-BTR-SS-XS-RL-COT,2-W-BTR-SS-3XL-RL-COT,3X Large ,Cotton,,Blue Triangle,20.25,0,0,0,0
2-M-GTR-LS-XS-SL-COT,2-M-GTR-LS-S-SL-COT,Small,Cotton,,Green Triangle,21.45,0,0,0,0
2-M-GTR-LS-XS-SL-COT,2-M-GTR-LS-M-SL-COT,Medium,Cotton,,Green Triangle,21.45,0,0,0,0
2-M-GTR-LS-XS-SL-COT,2-M-GTR-LS-L-SL-COT,Large,Cotton,,Green Triangle,21.45,0,0,0,0
2-M-GTR-LS-XS-SL-COT,2-M-GTR-LS-XL-SL-COT,Extra Large,Cotton,,Green Triangle,21.45,0,0,0,0
2-M-GTR-LS-XS-SL-COT,2-M-GTR-LS-2XL-SL-COT,2X Large,Cotton,,Green Triangle,21.45,0,0,0,0
2-M-GTR-LS-XS-SL-COT,2-M-GTR-LS-3XL-SL-COT,3X Large ,Cotton,,Green Triangle,21.45,0,0,0,0
2-M-GTR-LS-XS-RL-COT,2-M-GTR-LS-S-RL-COT,Small,Cotton,,Green Triangle,21.45,0,0,0,0
2-M-GTR-LS-XS-RL-COT,2-M-GTR-LS-M-RL-COT,Medium,Cotton,,Green Triangle,21.45,0,0,0,0
2-M-GTR-LS-XS-RL-COT,2-M-GTR-LS-L-RL-COT,Large,Cotton,,Green Triangle,21.45,0,0,0,0
2-M-GTR-LS-XS-RL-COT,2-M-GTR-LS-XL-RL-COT,Extra Large,Cotton,,Green Triangle,21.45,0,0,0,0
2-M-GTR-LS-XS-RL-COT,2-M-GTR-LS-2XL-RL-COT,2X Large,Cotton,,Green Triangle,21.45,0,0,0,0
2-M-GTR-LS-XS-RL-COT,2-M-GTR-LS-3XL-RL-COT,3X Large ,Cotton,,Green Triangle,21.45,0,0,0,0
2-M-GTR-SS-XS-SL-COT,2-M-GTR-SS-S-SL-COT,Small,Cotton,,Green Triangle,20.25,0,0,0,0
2-M-GTR-SS-XS-SL-COT,2-M-GTR-SS-M-SL-COT,Medium,Cotton,,Green Triangle,20.25,0,0,0,0
2-M-GTR-SS-XS-SL-COT,2-M-GTR-SS-L-SL-COT,Large,Cotton,,Green Triangle,20.25,0,0,0,0
2-M-GTR-SS-XS-SL-COT,2-M-GTR-SS-XL-SL-COT,Extra Large,Cotton,,Green Triangle,20.25,0,0,0,0
2-M-GTR-SS-XS-SL-COT,2-M-GTR-SS-2XL-SL-COT,2X Large,Cotton,,Green Triangle,20.25,0,0,0,0
2-M-GTR-SS-XS-SL-COT,2-M-GTR-SS-3XL-SL-COT,3X Large ,Cotton,,Green Triangle,20.25,0,0,0,0
2-M-GTR-SS-XS-RL-COT,2-M-GTR-SS-S-RL-COT,Small,Cotton,,Green Triangle,20.25,0,0,0,0
2-M-GTR-SS-XS-RL-COT,2-M-GTR-SS-M-RL-COT,Medium,Cotton,,Green Triangle,20.25,0,0,0,0
2-M-GTR-SS-XS-RL-COT,2-M-GTR-SS-L-RL-COT,Large,Cotton,,Green Triangle,20.25,0,0,0,0
2-M-GTR-SS-XS-RL-COT,2-M-GTR-SS-XL-RL-COT,Extra Large,Cotton,,Green Triangle,20.25,0,0,0,0
2-M-GTR-SS-XS-RL-COT,2-M-GTR-SS-2XL-RL-COT,2X Large,Cotton,,Green Triangle,20.25,0,0,0,0
2-M-GTR-SS-XS-RL-COT,2-M-GTR-SS-3XL-RL-COT,3X Large ,Cotton,,Green Triangle,20.25,0,0,0,0
2-W-GTR-LS-XS-SL-COT,2-W-GTR-LS-XS-SL-COT,Extra Small,Cotton,,Green Triangle,21.45,0,0,0,0
2-W-GTR-LS-XS-SL-COT,2-W-GTR-LS-S-SL-COT,Small,Cotton,,Green Triangle,21.45,0,0,0,0
2-W-GTR-LS-XS-SL-COT,2-W-GTR-LS-M-SL-COT,Medium,Cotton,,Green Triangle,21.45,0,0,0,0
2-W-GTR-LS-XS-SL-COT,2-W-GTR-LS-L-SL-COT,Large,Cotton,,Green Triangle,21.45,0,0,0,0
2-W-GTR-LS-XS-SL-COT,2-W-GTR-LS-XL-SL-COT,Extra Large,Cotton,,Green Triangle,21.45,0,0,0,0
2-W-GTR-LS-XS-SL-COT,2-W-GTR-LS-2XL-SL-COT,2X Large,Cotton,,Green Triangle,21.45,0,0,0,0
2-W-GTR-LS-XS-SL-COT,2-W-GTR-LS-3XL-SL-COT,3X Large ,Cotton,,Green Triangle,21.45,0,0,0,0
2-W-GTR-LS-XS-RL-COT,2-W-GTR-LS-XS-RL-COT,Extra Small,Cotton,,Green Triangle,21.45,0,0,0,0
2-W-GTR-LS-XS-RL-COT,2-W-GTR-LS-S-RL-COT,Small,Cotton,,Green Triangle,21.45,0,0,0,0
2-W-GTR-LS-XS-RL-COT,2-W-GTR-LS-M-RL-COT,Medium,Cotton,,Green Triangle,21.45,0,0,0,0
2-W-GTR-LS-XS-RL-COT,2-W-GTR-LS-L-RL-COT,Large,Cotton,,Green Triangle,21.45,0,0,0,0
2-W-GTR-LS-XS-RL-COT,2-W-GTR-LS-XL-RL-COT,Extra Large,Cotton,,Green Triangle,21.45,0,0,0,0
2-W-GTR-LS-XS-RL-COT,2-W-GTR-LS-2XL-RL-COT,2X Large,Cotton,,Green Triangle,21.45,0,0,0,0
2-W-GTR-LS-XS-RL-COT,2-W-GTR-LS-3XL-RL-COT,3X Large ,Cotton,,Green Triangle,21.45,0,0,0,0
2-W-GTR-SS-XS-SL-COT,2-W-GTR-SS-XS-SL-COT,Extra Small,Cotton,,Green Triangle,20.25,0,0,0,0
2-W-GTR-SS-XS-SL-COT,2-W-GTR-SS-S-SL-COT,Small,Cotton,,Green Triangle,20.25,0,0,0,0
2-W-GTR-SS-XS-SL-COT,2-W-GTR-SS-M-SL-COT,Medium,Cotton,,Green Triangle,20.25,0,0,0,0
2-W-GTR-SS-XS-SL-COT,2-W-GTR-SS-L-SL-COT,Large,Cotton,,Green Triangle,20.25,0,0,0,0
2-W-GTR-SS-XS-SL-COT,2-W-GTR-SS-XL-SL-COT,Extra Large,Cotton,,Green Triangle,20.25,0,0,0,0
2-W-GTR-SS-XS-SL-COT,2-W-GTR-SS-2XL-SL-COT,2X Large,Cotton,,Green Triangle,20.25,0,0,0,0
2-W-GTR-SS-XS-SL-COT,2-W-GTR-SS-3XL-SL-COT,3X Large ,Cotton,,Green Triangle,20.25,0,0,0,0
2-W-GTR-SS-XS-RL-COT,2-W-GTR-SS-XS-RL-COT,Extra Small,Cotton,,Green Triangle,20.25,0,0,0,0
2-W-GTR-SS-XS-RL-COT,2-W-GTR-SS-S-RL-COT,Small,Cotton,,Green Triangle,20.25,0,0,0,0
2-W-GTR-SS-XS-RL-COT,2-W-GTR-SS-M-RL-COT,Medium,Cotton,,Green Triangle,20.25,0,0,0,0
2-W-GTR-SS-XS-RL-COT,2-W-GTR-SS-L-RL-COT,Large,Cotton,,Green Triangle,20.25,0,0,0,0
2-W-GTR-SS-XS-RL-COT,2-W-GTR-SS-XL-RL-COT,Extra Large,Cotton,,Green Triangle,20.25,0,0,0,0
2-W-GTR-SS-XS-RL-COT,2-W-GTR-SS-2XL-RL-COT,2X Large,Cotton,,Green Triangle,20.25,0,0,0,0
2-W-GTR-SS-XS-RL-COT,2-W-GTR-SS-3XL-RL-COT,3X Large ,Cotton,,Green Triangle,20.25,0,0,0,0
2-M-RTR-LS-XS-SL-COT,2-M-RTR-LS-S-SL-COT,Small,Cotton,,Red Triangle,21.45,0,0,0,0
2-M-RTR-LS-XS-SL-COT,2-M-RTR-LS-M-SL-COT,Medium,Cotton,,Red Triangle,21.45,0,0,0,0
2-M-RTR-LS-XS-SL-COT,2-M-RTR-LS-L-SL-COT,Large,Cotton,,Red Triangle,21.45,0,0,0,0
2-M-RTR-LS-XS-SL-COT,2-M-RTR-LS-XL-SL-COT,Extra Large,Cotton,,Red Triangle,21.45,0,0,0,0
2-M-RTR-LS-XS-SL-COT,2-M-RTR-LS-2XL-SL-COT,2X Large,Cotton,,Red Triangle,21.45,0,0,0,0
2-M-RTR-LS-XS-SL-COT,2-M-RTR-LS-3XL-SL-COT,3X Large ,Cotton,,Red Triangle,21.45,0,0,0,0
2-M-RTR-LS-XS-RL-COT,2-M-RTR-LS-S-RL-COT,Small,Cotton,,Red Triangle,21.45,0,0,0,0
2-M-RTR-LS-XS-RL-COT,2-M-RTR-LS-M-RL-COT,Medium,Cotton,,Red Triangle,21.45,0,0,0,0
2-M-RTR-LS-XS-RL-COT,2-M-RTR-LS-L-RL-COT,Large,Cotton,,Red Triangle,21.45,0,0,0,0
2-M-RTR-LS-XS-RL-COT,2-M-RTR-LS-XL-RL-COT,Extra Large,Cotton,,Red Triangle,21.45,0,0,0,0
2-M-RTR-LS-XS-RL-COT,2-M-RTR-LS-2XL-RL-COT,2X Large,Cotton,,Red Triangle,21.45,0,0,0,0
2-M-RTR-LS-XS-RL-COT,2-M-RTR-LS-3XL-RL-COT,3X Large ,Cotton,,Red Triangle,21.45,0,0,0,0
2-M-RTR-SS-XS-SL-COT,2-M-RTR-SS-S-SL-COT,Small,Cotton,,Red Triangle,20.25,0,0,0,0
2-M-RTR-SS-XS-SL-COT,2-M-RTR-SS-M-SL-COT,Medium,Cotton,,Red Triangle,20.25,0,0,0,0
2-M-RTR-SS-XS-SL-COT,2-M-RTR-SS-L-SL-COT,Large,Cotton,,Red Triangle,20.25,0,0,0,0
2-M-RTR-SS-XS-SL-COT,2-M-RTR-SS-XL-SL-COT,Extra Large,Cotton,,Red Triangle,20.25,0,0,0,0
2-M-RTR-SS-XS-SL-COT,2-M-RTR-SS-2XL-SL-COT,2X Large,Cotton,,Red Triangle,20.25,0,0,0,0
2-M-RTR-SS-XS-SL-COT,2-M-RTR-SS-3XL-SL-COT,3X Large ,Cotton,,Red Triangle,20.25,0,0,0,0
2-M-RTR-SS-XS-RL-COT,2-M-RTR-SS-S-RL-COT,Small,Cotton,,Red Triangle,20.25,0,0,0,0
2-M-RTR-SS-XS-RL-COT,2-M-RTR-SS-M-RL-COT,Medium,Cotton,,Red Triangle,20.25,0,0,0,0
2-M-RTR-SS-XS-RL-COT,2-M-RTR-SS-L-RL-COT,Large,Cotton,,Red Triangle,20.25,0,0,0,0
2-M-RTR-SS-XS-RL-COT,2-M-RTR-SS-XL-RL-COT,Extra Large,Cotton,,Red Triangle,20.25,0,0,0,0
2-M-RTR-SS-XS-RL-COT,2-M-RTR-SS-2XL-RL-COT,2X Large,Cotton,,Red Triangle,20.25,0,0,0,0
2-M-RTR-SS-XS-RL-COT,2-M-RTR-SS-3XL-RL-COT,3X Large ,Cotton,,Red Triangle,20.25,0,0,0,0
2-W-RTR-LS-XS-SL-COT,2-W-RTR-LS-XS-SL-COT,Extra Small,Cotton,,Red Triangle,21.45,0,0,0,0
2-W-RTR-LS-XS-SL-COT,2-W-RTR-LS-S-SL-COT,Small,Cotton,,Red Triangle,21.45,0,0,0,0
2-W-RTR-LS-XS-SL-COT,2-W-RTR-LS-M-SL-COT,Medium,Cotton,,Red Triangle,21.45,0,0,0,0
2-W-RTR-LS-XS-SL-COT,2-W-RTR-LS-L-SL-COT,Large,Cotton,,Red Triangle,21.45,0,0,0,0
2-W-RTR-LS-XS-SL-COT,2-W-RTR-LS-XL-SL-COT,Extra Large,Cotton,,Red Triangle,21.45,0,0,0,0
2-W-RTR-LS-XS-SL-COT,2-W-RTR-LS-2XL-SL-COT,2X Large,Cotton,,Red Triangle,21.45,0,0,0,0
2-W-RTR-LS-XS-SL-COT,2-W-RTR-LS-3XL-SL-COT,3X Large ,Cotton,,Red Triangle,21.45,0,0,0,0
2-W-RTR-LS-XS-RL-COT,2-W-RTR-LS-XS-RL-COT,Extra Small,Cotton,,Red Triangle,21.45,0,0,0,0
2-W-RTR-LS-XS-RL-COT,2-W-RTR-LS-S-RL-COT,Small,Cotton,,Red Triangle,21.45,0,0,0,0
2-W-RTR-LS-XS-RL-COT,2-W-RTR-LS-M-RL-COT,Medium,Cotton,,Red Triangle,21.45,0,0,0,0
2-W-RTR-LS-XS-RL-COT,2-W-RTR-LS-L-RL-COT,Large,Cotton,,Red Triangle,21.45,0,0,0,0
2-W-RTR-LS-XS-RL-COT,2-W-RTR-LS-XL-RL-COT,Extra Large,Cotton,,Red Triangle,21.45,0,0,0,0
2-W-RTR-LS-XS-RL-COT,2-W-RTR-LS-2XL-RL-COT,2X Large,Cotton,,Red Triangle,21.45,0,0,0,0
2-W-RTR-LS-XS-RL-COT,2-W-RTR-LS-3XL-RL-COT,3X Large ,Cotton,,Red Triangle,21.45,0,0,0,0
2-W-RTR-SS-XS-SL-COT,2-W-RTR-SS-XS-SL-COT,Extra Small,Cotton,,Red Triangle,20.25,0,0,0,0
2-W-RTR-SS-XS-SL-COT,2-W-RTR-SS-S-SL-COT,Small,Cotton,,Red Triangle,20.25,0,0,0,0
2-W-RTR-SS-XS-SL-COT,2-W-RTR-SS-M-SL-COT,Medium,Cotton,,Red Triangle,20.25,0,0,0,0
2-W-RTR-SS-XS-SL-COT,2-W-RTR-SS-L-SL-COT,Large,Cotton,,Red Triangle,20.25,0,0,0,0
2-W-RTR-SS-XS-SL-COT,2-W-RTR-SS-XL-SL-COT,Extra Large,Cotton,,Red Triangle,20.25,0,0,0,0
2-W-RTR-SS-XS-SL-COT,2-W-RTR-SS-2XL-SL-COT,2X Large,Cotton,,Red Triangle,20.25,0,0,0,0
2-W-RTR-SS-XS-SL-COT,2-W-RTR-SS-3XL-SL-COT,3X Large ,Cotton,,Red Triangle,20.25,0,0,0,0
2-W-RTR-SS-XS-RL-COT,2-W-RTR-SS-XS-RL-COT,Extra Small,Cotton,,Red Triangle,20.25,0,0,0,0
2-W-RTR-SS-XS-RL-COT,2-W-RTR-SS-S-RL-COT,Small,Cotton,,Red Triangle,20.25,0,0,0,0
2-W-RTR-SS-XS-RL-COT,2-W-RTR-SS-M-RL-COT,Medium,Cotton,,Red Triangle,20.25,0,0,0,0
2-W-RTR-SS-XS-RL-COT,2-W-RTR-SS-L-RL-COT,Large,Cotton,,Red Triangle,20.25,0,0,0,0
2-W-RTR-SS-XS-RL-COT,2-W-RTR-SS-XL-RL-COT,Extra Large,Cotton,,Red Triangle,20.25,0,0,0,0
2-W-RTR-SS-XS-RL-COT,2-W-RTR-SS-2XL-RL-COT,2X Large,Cotton,,Red Triangle,20.25,0,0,0,0
2-W-RTR-SS-XS-RL-COT,2-W-RTR-SS-3XL-RL-COT,3X Large ,Cotton,,Red Triangle,20.25,0,0,0,0
2-M-KTR-LS-XS-SL-COT,2-M-KTR-LS-S-SL-COT,Small,Cotton,,Black Triangle,21.45,0,0,0,0
2-M-KTR-LS-XS-SL-COT,2-M-KTR-LS-M-SL-COT,Medium,Cotton,,Black Triangle,21.45,0,0,0,0
2-M-KTR-LS-XS-SL-COT,2-M-KTR-LS-L-SL-COT,Large,Cotton,,Black Triangle,21.45,0,0,0,0
2-M-KTR-LS-XS-SL-COT,2-M-KTR-LS-XL-SL-COT,Extra Large,Cotton,,Black Triangle,21.45,0,0,0,0
2-M-KTR-LS-XS-SL-COT,2-M-KTR-LS-2XL-SL-COT,2X Large,Cotton,,Black Triangle,21.45,0,0,0,0
2-M-KTR-LS-XS-SL-COT,2-M-KTR-LS-3XL-SL-COT,3X Large ,Cotton,,Black Triangle,21.45,0,0,0,0
2-M-KTR-LS-XS-RL-COT,2-M-KTR-LS-S-RL-COT,Small,Cotton,,Black Triangle,21.45,0,0,0,0
2-M-KTR-LS-XS-RL-COT,2-M-KTR-LS-M-RL-COT,Medium,Cotton,,Black Triangle,21.45,0,0,0,0
2-M-KTR-LS-XS-RL-COT,2-M-KTR-LS-L-RL-COT,Large,Cotton,,Black Triangle,21.45,0,0,0,0
2-M-KTR-LS-XS-RL-COT,2-M-KTR-LS-XL-RL-COT,Extra Large,Cotton,,Black Triangle,21.45,0,0,0,0
2-M-KTR-LS-XS-RL-COT,2-M-KTR-LS-2XL-RL-COT,2X Large,Cotton,,Black Triangle,21.45,0,0,0,0
2-M-KTR-LS-XS-RL-COT,2-M-KTR-LS-3XL-RL-COT,3X Large ,Cotton,,Black Triangle,21.45,0,0,0,0
2-M-KTR-SS-XS-SL-COT,2-M-KTR-SS-S-SL-COT,Small,Cotton,,Black Triangle,20.25,0,0,0,0
2-M-KTR-SS-XS-SL-COT,2-M-KTR-SS-M-SL-COT,Medium,Cotton,,Black Triangle,20.25,0,0,0,0
2-M-KTR-SS-XS-SL-COT,2-M-KTR-SS-L-SL-COT,Large,Cotton,,Black Triangle,20.25,0,0,0,0
2-M-KTR-SS-XS-SL-COT,2-M-KTR-SS-XL-SL-COT,Extra Large,Cotton,,Black Triangle,20.25,0,0,0,0
2-M-KTR-SS-XS-SL-COT,2-M-KTR-SS-2XL-SL-COT,2X Large,Cotton,,Black Triangle,20.25,0,0,0,0
2-M-KTR-SS-XS-SL-COT,2-M-KTR-SS-3XL-SL-COT,3X Large ,Cotton,,Black Triangle,20.25,0,0,0,0
2-M-KTR-SS-XS-RL-COT,2-M-KTR-SS-S-RL-COT,Small,Cotton,,Black Triangle,20.25,0,0,0,0
2-M-KTR-SS-XS-RL-COT,2-M-KTR-SS-M-RL-COT,Medium,Cotton,,Black Triangle,20.25,0,0,0,0
2-M-KTR-SS-XS-RL-COT,2-M-KTR-SS-L-RL-COT,Large,Cotton,,Black Triangle,20.25,0,0,0,0
2-M-KTR-SS-XS-RL-COT,2-M-KTR-SS-XL-RL-COT,Extra Large,Cotton,,Black Triangle,20.25,0,0,0,0
2-M-KTR-SS-XS-RL-COT,2-M-KTR-SS-2XL-RL-COT,2X Large,Cotton,,Black Triangle,20.25,0,0,0,0
2-M-KTR-SS-XS-RL-COT,2-M-KTR-SS-3XL-RL-COT,3X Large ,Cotton,,Black Triangle,20.25,0,0,0,0
2-W-KTR-LS-XS-SL-COT,2-W-KTR-LS-XS-SL-COT,Extra Small,Cotton,,Black Triangle,21.45,0,0,0,0
2-W-KTR-LS-XS-SL-COT,2-W-KTR-LS-S-SL-COT,Small,Cotton,,Black Triangle,21.45,0,0,0,0
2-W-KTR-LS-XS-SL-COT,2-W-KTR-LS-M-SL-COT,Medium,Cotton,,Black Triangle,21.45,0,0,0,0
2-W-KTR-LS-XS-SL-COT,2-W-KTR-LS-L-SL-COT,Large,Cotton,,Black Triangle,21.45,0,0,0,0
2-W-KTR-LS-XS-SL-COT,2-W-KTR-LS-XL-SL-COT,Extra Large,Cotton,,Black Triangle,21.45,0,0,0,0
2-W-KTR-LS-XS-SL-COT,2-W-KTR-LS-2XL-SL-COT,2X Large,Cotton,,Black Triangle,21.45,0,0,0,0
2-W-KTR-LS-XS-SL-COT,2-W-KTR-LS-3XL-SL-COT,3X Large ,Cotton,,Black Triangle,21.45,0,0,0,0
2-W-KTR-LS-XS-RL-COT,2-W-KTR-LS-XS-RL-COT,Extra Small,Cotton,,Black Triangle,21.45,0,0,0,0
2-W-KTR-LS-XS-RL-COT,2-W-KTR-LS-S-RL-COT,Small,Cotton,,Black Triangle,21.45,0,0,0,0
2-W-KTR-LS-XS-RL-COT,2-W-KTR-LS-M-RL-COT,Medium,Cotton,,Black Triangle,21.45,0,0,0,0
2-W-KTR-LS-XS-RL-COT,2-W-KTR-LS-L-RL-COT,Large,Cotton,,Black Triangle,21.45,0,0,0,0
2-W-KTR-LS-XS-RL-COT,2-W-KTR-LS-XL-RL-COT,Extra Large,Cotton,,Black Triangle,21.45,0,0,0,0
2-W-KTR-LS-XS-RL-COT,2-W-KTR-LS-2XL-RL-COT,2X Large,Cotton,,Black Triangle,21.45,0,0,0,0
2-W-KTR-LS-XS-RL-COT,2-W-KTR-LS-3XL-RL-COT,3X Large ,Cotton,,Black Triangle,21.45,0,0,0,0
2-W-KTR-SS-XS-SL-COT,2-W-KTR-SS-XS-SL-COT,Extra Small,Cotton,,Black Triangle,20.25,0,0,0,0
2-W-KTR-SS-XS-SL-COT,2-W-KTR-SS-S-SL-COT,Small,Cotton,,Black Triangle,20.25,0,0,0,0
2-W-KTR-SS-XS-SL-COT,2-W-KTR-SS-M-SL-COT,Medium,Cotton,,Black Triangle,20.25,0,0,0,0
2-W-KTR-SS-XS-SL-COT,2-W-KTR-SS-L-SL-COT,Large,Cotton,,Black Triangle,20.25,0,0,0,0
2-W-KTR-SS-XS-SL-COT,2-W-KTR-SS-XL-SL-COT,Extra Large,Cotton,,Black Triangle,20.25,0,0,0,0
2-W-KTR-SS-XS-SL-COT,2-W-KTR-SS-2XL-SL-COT,2X Large,Cotton,,Black Triangle,20.25,0,0,0,0
2-W-KTR-SS-XS-SL-COT,2-W-KTR-SS-3XL-SL-COT,3X Large ,Cotton,,Black Triangle,20.25,0,0,0,0
2-W-KTR-SS-XS-RL-COT,2-W-KTR-SS-XS-RL-COT,Extra Small,Cotton,,Black Triangle,20.25,0,0,0,0
2-W-KTR-SS-XS-RL-COT,2-W-KTR-SS-S-RL-COT,Small,Cotton,,Black Triangle,20.25,0,0,0,0
2-W-KTR-SS-XS-RL-COT,2-W-KTR-SS-M-RL-COT,Medium,Cotton,,Black Triangle,20.25,0,0,0,0
2-W-KTR-SS-XS-RL-COT,2-W-KTR-SS-L-RL-COT,Large,Cotton,,Black Triangle,20.25,0,0,0,0
2-W-KTR-SS-XS-RL-COT,2-W-KTR-SS-XL-RL-COT,Extra Large,Cotton,,Black Triangle,20.25,0,0,0,0
2-W-KTR-SS-XS-RL-COT,2-W-KTR-SS-2XL-RL-COT,2X Large,Cotton,,Black Triangle,20.25,0,0,0,0
2-W-KTR-SS-XS-RL-COT,2-W-KTR-SS-3XL-RL-COT,3X Large ,Cotton,,Black Triangle,20.25,0,0,0,0
2-M-BHX-LS-XS-SL-COT,2-M-BHX-LS-S-SL-COT,Small,Cotton,,Blue Hexagon,21.45,0,0,0,0
2-M-BHX-LS-XS-SL-COT,2-M-BHX-LS-M-SL-COT,Medium,Cotton,,Blue Hexagon,21.45,0,0,0,0
2-M-BHX-LS-XS-SL-COT,2-M-BHX-LS-L-SL-COT,Large,Cotton,,Blue Hexagon,21.45,0,0,0,0
2-M-BHX-LS-XS-SL-COT,2-M-BHX-LS-XL-SL-COT,Extra Large,Cotton,,Blue Hexagon,21.45,0,0,0,0
2-M-BHX-LS-XS-SL-COT,2-M-BHX-LS-2XL-SL-COT,2X Large,Cotton,,Blue Hexagon,21.45,0,0,0,0
2-M-BHX-LS-XS-SL-COT,2-M-BHX-LS-3XL-SL-COT,3X Large ,Cotton,,Blue Hexagon,21.45,0,0,0,0
2-M-BHX-LS-XS-RL-COT,2-M-BHX-LS-S-RL-COT,Small,Cotton,,Blue Hexagon,21.45,0,0,0,0
2-M-BHX-LS-XS-RL-COT,2-M-BHX-LS-M-RL-COT,Medium,Cotton,,Blue Hexagon,21.45,0,0,0,0
2-M-BHX-LS-XS-RL-COT,2-M-BHX-LS-L-RL-COT,Large,Cotton,,Blue Hexagon,21.45,0,0,0,0
2-M-BHX-LS-XS-RL-COT,2-M-BHX-LS-XL-RL-COT,Extra Large,Cotton,,Blue Hexagon,21.45,0,0,0,0
2-M-BHX-LS-XS-RL-COT,2-M-BHX-LS-2XL-RL-COT,2X Large,Cotton,,Blue Hexagon,21.45,0,0,0,0
2-M-BHX-LS-XS-RL-COT,2-M-BHX-LS-3XL-RL-COT,3X Large ,Cotton,,Blue Hexagon,21.45,0,0,0,0
2-M-BHX-SS-XS-SL-COT,2-M-BHX-SS-S-SL-COT,Small,Cotton,,Blue Hexagon,20.25,0,0,0,0
2-M-BHX-SS-XS-SL-COT,2-M-BHX-SS-M-SL-COT,Medium,Cotton,,Blue Hexagon,20.25,0,0,0,0
2-M-BHX-SS-XS-SL-COT,2-M-BHX-SS-L-SL-COT,Large,Cotton,,Blue Hexagon,20.25,0,0,0,0
2-M-BHX-SS-XS-SL-COT,2-M-BHX-SS-XL-SL-COT,Extra Large,Cotton,,Blue Hexagon,20.25,0,0,0,0
2-M-BHX-SS-XS-SL-COT,2-M-BHX-SS-2XL-SL-COT,2X Large,Cotton,,Blue Hexagon,20.25,0,0,0,0
2-M-BHX-SS-XS-SL-COT,2-M-BHX-SS-3XL-SL-COT,3X Large ,Cotton,,Blue Hexagon,20.25,0,0,0,0
2-M-BHX-SS-XS-RL-COT,2-M-BHX-SS-S-RL-COT,Small,Cotton,,Blue Hexagon,20.25,0,0,0,0
2-M-BHX-SS-XS-RL-COT,2-M-BHX-SS-M-RL-COT,Medium,Cotton,,Blue Hexagon,20.25,0,0,0,0
2-M-BHX-SS-XS-RL-COT,2-M-BHX-SS-L-RL-COT,Large,Cotton,,Blue Hexagon,20.25,0,0,0,0
2-M-BHX-SS-XS-RL-COT,2-M-BHX-SS-XL-RL-COT,Extra Large,Cotton,,Blue Hexagon,20.25,0,0,0,0
2-M-BHX-SS-XS-RL-COT,2-M-BHX-SS-2XL-RL-COT,2X Large,Cotton,,Blue Hexagon,20.25,0,0,0,0
2-M-BHX-SS-XS-RL-COT,2-M-BHX-SS-3XL-RL-COT,3X Large ,Cotton,,Blue Hexagon,20.25,0,0,0,0
2-W-BHX-LS-XS-SL-COT,2-W-BHX-LS-XS-SL-COT,Extra Small,Cotton,,Blue Hexagon,21.45,0,0,0,0
2-W-BHX-LS-XS-SL-COT,2-W-BHX-LS-S-SL-COT,Small,Cotton,,Blue Hexagon,21.45,0,0,0,0
2-W-BHX-LS-XS-SL-COT,2-W-BHX-LS-M-SL-COT,Medium,Cotton,,Blue Hexagon,21.45,0,0,0,0
2-W-BHX-LS-XS-SL-COT,2-W-BHX-LS-L-SL-COT,Large,Cotton,,Blue Hexagon,21.45,0,0,0,0
2-W-BHX-LS-XS-SL-COT,2-W-BHX-LS-XL-SL-COT,Extra Large,Cotton,,Blue Hexagon,21.45,0,0,0,0
2-W-BHX-LS-XS-SL-COT,2-W-BHX-LS-2XL-SL-COT,2X Large,Cotton,,Blue Hexagon,21.45,0,0,0,0
2-W-BHX-LS-XS-SL-COT,2-W-BHX-LS-3XL-SL-COT,3X Large ,Cotton,,Blue Hexagon,21.45,0,0,0,0
2-W-BHX-LS-XS-RL-COT,2-W-BHX-LS-XS-RL-COT,Extra Small,Cotton,,Blue Hexagon,21.45,0,0,0,0
2-W-BHX-LS-XS-RL-COT,2-W-BHX-LS-S-RL-COT,Small,Cotton,,Blue Hexagon,21.45,0,0,0,0
2-W-BHX-LS-XS-RL-COT,2-W-BHX-LS-M-RL-COT,Medium,Cotton,,Blue Hexagon,21.45,0,0,0,0
2-W-BHX-LS-XS-RL-COT,2-W-BHX-LS-L-RL-COT,Large,Cotton,,Blue Hexagon,21.45,0,0,0,0
2-W-BHX-LS-XS-RL-COT,2-W-BHX-LS-XL-RL-COT,Extra Large,Cotton,,Blue Hexagon,21.45,0,0,0,0
2-W-BHX-LS-XS-RL-COT,2-W-BHX-LS-2XL-RL-COT,2X Large,Cotton,,Blue Hexagon,21.45,0,0,0,0
2-W-BHX-LS-XS-RL-COT,2-W-BHX-LS-3XL-RL-COT,3X Large ,Cotton,,Blue Hexagon,21.45,0,0,0,0
2-W-BHX-SS-XS-SL-COT,2-W-BHX-SS-XS-SL-COT,Extra Small,Cotton,,Blue Hexagon,20.25,0,0,0,0
2-W-BHX-SS-XS-SL-COT,2-W-BHX-SS-S-SL-COT,Small,Cotton,,Blue Hexagon,20.25,0,0,0,0
2-W-BHX-SS-XS-SL-COT,2-W-BHX-SS-M-SL-COT,Medium,Cotton,,Blue Hexagon,20.25,0,0,0,0
2-W-BHX-SS-XS-SL-COT,2-W-BHX-SS-L-SL-COT,Large,Cotton,,Blue Hexagon,20.25,0,0,0,0
2-W-BHX-SS-XS-SL-COT,2-W-BHX-SS-XL-SL-COT,Extra Large,Cotton,,Blue Hexagon,20.25,0,0,0,0
2-W-BHX-SS-XS-SL-COT,2-W-BHX-SS-2XL-SL-COT,2X Large,Cotton,,Blue Hexagon,20.25,0,0,0,0
2-W-BHX-SS-XS-SL-COT,2-W-BHX-SS-3XL-SL-COT,3X Large ,Cotton,,Blue Hexagon,20.25,0,0,0,0
2-W-BHX-SS-XS-RL-COT,2-W-BHX-SS-XS-RL-COT,Extra Small,Cotton,,Blue Hexagon,20.25,0,0,0,0
2-W-BHX-SS-XS-RL-COT,2-W-BHX-SS-S-RL-COT,Small,Cotton,,Blue Hexagon,20.25,0,0,0,0
2-W-BHX-SS-XS-RL-COT,2-W-BHX-SS-M-RL-COT,Medium,Cotton,,Blue Hexagon,20.25,0,0,0,0
2-W-BHX-SS-XS-RL-COT,2-W-BHX-SS-L-RL-COT,Large,Cotton,,Blue Hexagon,20.25,0,0,0,0
2-W-BHX-SS-XS-RL-COT,2-W-BHX-SS-XL-RL-COT,Extra Large,Cotton,,Blue Hexagon,20.25,0,0,0,0
2-W-BHX-SS-XS-RL-COT,2-W-BHX-SS-2XL-RL-COT,2X Large,Cotton,,Blue Hexagon,20.25,0,0,0,0
2-W-BHX-SS-XS-RL-COT,2-W-BHX-SS-3XL-RL-COT,3X Large ,Cotton,,Blue Hexagon,20.25,0,0,0,0
2-M-GHX-LS-XS-SL-COT,2-M-GHX-LS-S-SL-COT,Small,Cotton,,Green Hexagon,21.45,0,0,0,0
2-M-GHX-LS-XS-SL-COT,2-M-GHX-LS-M-SL-COT,Medium,Cotton,,Green Hexagon,21.45,0,0,0,0
2-M-GHX-LS-XS-SL-COT,2-M-GHX-LS-L-SL-COT,Large,Cotton,,Green Hexagon,21.45,0,0,0,0
2-M-GHX-LS-XS-SL-COT,2-M-GHX-LS-XL-SL-COT,Extra Large,Cotton,,Green Hexagon,21.45,0,0,0,0
2-M-GHX-LS-XS-SL-COT,2-M-GHX-LS-2XL-SL-COT,2X Large,Cotton,,Green Hexagon,21.45,0,0,0,0
2-M-GHX-LS-XS-SL-COT,2-M-GHX-LS-3XL-SL-COT,3X Large ,Cotton,,Green Hexagon,21.45,0,0,0,0
2-M-GHX-LS-XS-RL-COT,2-M-GHX-LS-S-RL-COT,Small,Cotton,,Green Hexagon,21.45,0,0,0,0
2-M-GHX-LS-XS-RL-COT,2-M-GHX-LS-M-RL-COT,Medium,Cotton,,Green Hexagon,21.45,0,0,0,0
2-M-GHX-LS-XS-RL-COT,2-M-GHX-LS-L-RL-COT,Large,Cotton,,Green Hexagon,21.45,0,0,0,0
2-M-GHX-LS-XS-RL-COT,2-M-GHX-LS-XL-RL-COT,Extra Large,Cotton,,Green Hexagon,21.45,0,0,0,0
2-M-GHX-LS-XS-RL-COT,2-M-GHX-LS-2XL-RL-COT,2X Large,Cotton,,Green Hexagon,21.45,0,0,0,0
2-M-GHX-LS-XS-RL-COT,2-M-GHX-LS-3XL-RL-COT,3X Large ,Cotton,,Green Hexagon,21.45,0,0,0,0
2-M-GHX-SS-XS-SL-COT,2-M-GHX-SS-S-SL-COT,Small,Cotton,,Green Hexagon,20.25,0,0,0,0
2-M-GHX-SS-XS-SL-COT,2-M-GHX-SS-M-SL-COT,Medium,Cotton,,Green Hexagon,20.25,0,0,0,0
2-M-GHX-SS-XS-SL-COT,2-M-GHX-SS-L-SL-COT,Large,Cotton,,Green Hexagon,20.25,0,0,0,0
2-M-GHX-SS-XS-SL-COT,2-M-GHX-SS-XL-SL-COT,Extra Large,Cotton,,Green Hexagon,20.25,0,0,0,0
2-M-GHX-SS-XS-SL-COT,2-M-GHX-SS-2XL-SL-COT,2X Large,Cotton,,Green Hexagon,20.25,0,0,0,0
2-M-GHX-SS-XS-SL-COT,2-M-GHX-SS-3XL-SL-COT,3X Large ,Cotton,,Green Hexagon,20.25,0,0,0,0
2-M-GHX-SS-XS-RL-COT,2-M-GHX-SS-S-RL-COT,Small,Cotton,,Green Hexagon,20.25,0,0,0,0
2-M-GHX-SS-XS-RL-COT,2-M-GHX-SS-M-RL-COT,Medium,Cotton,,Green Hexagon,20.25,0,0,0,0
2-M-GHX-SS-XS-RL-COT,2-M-GHX-SS-L-RL-COT,Large,Cotton,,Green Hexagon,20.25,0,0,0,0
2-M-GHX-SS-XS-RL-COT,2-M-GHX-SS-XL-RL-COT,Extra Large,Cotton,,Green Hexagon,20.25,0,0,0,0
2-M-GHX-SS-XS-RL-COT,2-M-GHX-SS-2XL-RL-COT,2X Large,Cotton,,Green Hexagon,20.25,0,0,0,0
2-M-GHX-SS-XS-RL-COT,2-M-GHX-SS-3XL-RL-COT,3X Large ,Cotton,,Green Hexagon,20.25,0,0,0,0
2-W-GHX-LS-XS-SL-COT,2-W-GHX-LS-XS-SL-COT,Extra Small,Cotton,,Green Hexagon,21.45,0,0,0,0
2-W-GHX-LS-XS-SL-COT,2-W-GHX-LS-S-SL-COT,Small,Cotton,,Green Hexagon,21.45,0,0,0,0
2-W-GHX-LS-XS-SL-COT,2-W-GHX-LS-M-SL-COT,Medium,Cotton,,Green Hexagon,21.45,0,0,0,0
2-W-GHX-LS-XS-SL-COT,2-W-GHX-LS-L-SL-COT,Large,Cotton,,Green Hexagon,21.45,0,0,0,0
2-W-GHX-LS-XS-SL-COT,2-W-GHX-LS-XL-SL-COT,Extra Large,Cotton,,Green Hexagon,21.45,0,0,0,0
2-W-GHX-LS-XS-SL-COT,2-W-GHX-LS-2XL-SL-COT,2X Large,Cotton,,Green Hexagon,21.45,0,0,0,0
2-W-GHX-LS-XS-SL-COT,2-W-GHX-LS-3XL-SL-COT,3X Large ,Cotton,,Green Hexagon,21.45,0,0,0,0
2-W-GHX-LS-XS-RL-COT,2-W-GHX-LS-XS-RL-COT,Extra Small,Cotton,,Green Hexagon,21.45,0,0,0,0
2-W-GHX-LS-XS-RL-COT,2-W-GHX-LS-S-RL-COT,Small,Cotton,,Green Hexagon,21.45,0,0,0,0
2-W-GHX-LS-XS-RL-COT,2-W-GHX-LS-M-RL-COT,Medium,Cotton,,Green Hexagon,21.45,0,0,0,0
2-W-GHX-LS-XS-RL-COT,2-W-GHX-LS-L-RL-COT,Large,Cotton,,Green Hexagon,21.45,0,0,0,0
2-W-GHX-LS-XS-RL-COT,2-W-GHX-LS-XL-RL-COT,Extra Large,Cotton,,Green Hexagon,21.45,0,0,0,0
2-W-GHX-LS-XS-RL-COT,2-W-GHX-LS-2XL-RL-COT,2X Large,Cotton,,Green Hexagon,21.45,0,0,0,0
2-W-GHX-LS-XS-RL-COT,2-W-GHX-LS-3XL-RL-COT,3X Large ,Cotton,,Green Hexagon,21.45,0,0,0,0
2-W-GHX-SS-XS-SL-COT,2-W-GHX-SS-XS-SL-COT,Extra Small,Cotton,,Green Hexagon,20.25,0,0,0,0
2-W-GHX-SS-XS-SL-COT,2-W-GHX-SS-S-SL-COT,Small,Cotton,,Green Hexagon,20.25,0,0,0,0
2-W-GHX-SS-XS-SL-COT,2-W-GHX-SS-M-SL-COT,Medium,Cotton,,Green Hexagon,20.25,0,0,0,0
2-W-GHX-SS-XS-SL-COT,2-W-GHX-SS-L-SL-COT,Large,Cotton,,Green Hexagon,20.25,0,0,0,0
2-W-GHX-SS-XS-SL-COT,2-W-GHX-SS-XL-SL-COT,Extra Large,Cotton,,Green Hexagon,20.25,0,0,0,0
2-W-GHX-SS-XS-SL-COT,2-W-GHX-SS-2XL-SL-COT,2X Large,Cotton,,Green Hexagon,20.25,0,0,0,0
2-W-GHX-SS-XS-SL-COT,2-W-GHX-SS-3XL-SL-COT,3X Large ,Cotton,,Green Hexagon,20.25,0,0,0,0
2-W-GHX-SS-XS-RL-COT,2-W-GHX-SS-XS-RL-COT,Extra Small,Cotton,,Green Hexagon,20.25,0,0,0,0
2-W-GHX-SS-XS-RL-COT,2-W-GHX-SS-S-RL-COT,Small,Cotton,,Green Hexagon,20.25,0,0,0,0
2-W-GHX-SS-XS-RL-COT,2-W-GHX-SS-M-RL-COT,Medium,Cotton,,Green Hexagon,20.25,0,0,0,0
2-W-GHX-SS-XS-RL-COT,2-W-GHX-SS-L-RL-COT,Large,Cotton,,Green Hexagon,20.25,0,0,0,0
2-W-GHX-SS-XS-RL-COT,2-W-GHX-SS-XL-RL-COT,Extra Large,Cotton,,Green Hexagon,20.25,0,0,0,0
2-W-GHX-SS-XS-RL-COT,2-W-GHX-SS-2XL-RL-COT,2X Large,Cotton,,Green Hexagon,20.25,0,0,0,0
2-W-GHX-SS-XS-RL-COT,2-W-GHX-SS-3XL-RL-COT,3X Large ,Cotton,,Green Hexagon,20.25,0,0,0,0
2-M-RHX-LS-XS-SL-COT,2-M-RHX-LS-S-SL-COT,Small,Cotton,,Red Hexagon,21.45,0,0,0,0
2-M-RHX-LS-XS-SL-COT,2-M-RHX-LS-M-SL-COT,Medium,Cotton,,Red Hexagon,21.45,0,0,0,0
2-M-RHX-LS-XS-SL-COT,2-M-RHX-LS-L-SL-COT,Large,Cotton,,Red Hexagon,21.45,0,0,0,0
2-M-RHX-LS-XS-SL-COT,2-M-RHX-LS-XL-SL-COT,Extra Large,Cotton,,Red Hexagon,21.45,0,0,0,0
2-M-RHX-LS-XS-SL-COT,2-M-RHX-LS-2XL-SL-COT,2X Large,Cotton,,Red Hexagon,21.45,0,0,0,0
2-M-RHX-LS-XS-SL-COT,2-M-RHX-LS-3XL-SL-COT,3X Large ,Cotton,,Red Hexagon,21.45,0,0,0,0
2-M-RHX-LS-XS-RL-COT,2-M-RHX-LS-S-RL-COT,Small,Cotton,,Red Hexagon,21.45,0,0,0,0
2-M-RHX-LS-XS-RL-COT,2-M-RHX-LS-M-RL-COT,Medium,Cotton,,Red Hexagon,21.45,0,0,0,0
2-M-RHX-LS-XS-RL-COT,2-M-RHX-LS-L-RL-COT,Large,Cotton,,Red Hexagon,21.45,0,0,0,0
2-M-RHX-LS-XS-RL-COT,2-M-RHX-LS-XL-RL-COT,Extra Large,Cotton,,Red Hexagon,21.45,0,0,0,0
2-M-RHX-LS-XS-RL-COT,2-M-RHX-LS-2XL-RL-COT,2X Large,Cotton,,Red Hexagon,21.45,0,0,0,0
2-M-RHX-LS-XS-RL-COT,2-M-RHX-LS-3XL-RL-COT,3X Large ,Cotton,,Red Hexagon,21.45,0,0,0,0
2-M-RHX-SS-XS-SL-COT,2-M-RHX-SS-S-SL-COT,Small,Cotton,,Red Hexagon,20.25,0,0,0,0
2-M-RHX-SS-XS-SL-COT,2-M-RHX-SS-M-SL-COT,Medium,Cotton,,Red Hexagon,20.25,0,0,0,0
2-M-RHX-SS-XS-SL-COT,2-M-RHX-SS-L-SL-COT,Large,Cotton,,Red Hexagon,20.25,0,0,0,0
2-M-RHX-SS-XS-SL-COT,2-M-RHX-SS-XL-SL-COT,Extra Large,Cotton,,Red Hexagon,20.25,0,0,0,0
2-M-RHX-SS-XS-SL-COT,2-M-RHX-SS-2XL-SL-COT,2X Large,Cotton,,Red Hexagon,20.25,0,0,0,0
2-M-RHX-SS-XS-SL-COT,2-M-RHX-SS-3XL-SL-COT,3X Large ,Cotton,,Red Hexagon,20.25,0,0,0,0
2-M-RHX-SS-XS-RL-COT,2-M-RHX-SS-S-RL-COT,Small,Cotton,,Red Hexagon,20.25,0,0,0,0
2-M-RHX-SS-XS-RL-COT,2-M-RHX-SS-M-RL-COT,Medium,Cotton,,Red Hexagon,20.25,0,0,0,0
2-M-RHX-SS-XS-RL-COT,2-M-RHX-SS-L-RL-COT,Large,Cotton,,Red Hexagon,20.25,0,0,0,0
2-M-RHX-SS-XS-RL-COT,2-M-RHX-SS-XL-RL-COT,Extra Large,Cotton,,Red Hexagon,20.25,0,0,0,0
2-M-RHX-SS-XS-RL-COT,2-M-RHX-SS-2XL-RL-COT,2X Large,Cotton,,Red Hexagon,20.25,0,0,0,0
2-M-RHX-SS-XS-RL-COT,2-M-RHX-SS-3XL-RL-COT,3X Large ,Cotton,,Red Hexagon,20.25,0,0,0,0
2-W-RHX-LS-XS-SL-COT,2-W-RHX-LS-XS-SL-COT,Extra Small,Cotton,,Red Hexagon,21.45,0,0,0,0
2-W-RHX-LS-XS-SL-COT,2-W-RHX-LS-S-SL-COT,Small,Cotton,,Red Hexagon,21.45,0,0,0,0
2-W-RHX-LS-XS-SL-COT,2-W-RHX-LS-M-SL-COT,Medium,Cotton,,Red Hexagon,21.45,0,0,0,0
2-W-RHX-LS-XS-SL-COT,2-W-RHX-LS-L-SL-COT,Large,Cotton,,Red Hexagon,21.45,0,0,0,0
2-W-RHX-LS-XS-SL-COT,2-W-RHX-LS-XL-SL-COT,Extra Large,Cotton,,Red Hexagon,21.45,0,0,0,0
2-W-RHX-LS-XS-SL-COT,2-W-RHX-LS-2XL-SL-COT,2X Large,Cotton,,Red Hexagon,21.45,0,0,0,0
2-W-RHX-LS-XS-SL-COT,2-W-RHX-LS-3XL-SL-COT,3X Large ,Cotton,,Red Hexagon,21.45,0,0,0,0
2-W-RHX-LS-XS-RL-COT,2-W-RHX-LS-XS-RL-COT,Extra Small,Cotton,,Red Hexagon,21.45,0,0,0,0
2-W-RHX-LS-XS-RL-COT,2-W-RHX-LS-S-RL-COT,Small,Cotton,,Red Hexagon,21.45,0,0,0,0
2-W-RHX-LS-XS-RL-COT,2-W-RHX-LS-M-RL-COT,Medium,Cotton,,Red Hexagon,21.45,0,0,0,0
2-W-RHX-LS-XS-RL-COT,2-W-RHX-LS-L-RL-COT,Large,Cotton,,Red Hexagon,21.45,0,0,0,0
2-W-RHX-LS-XS-RL-COT,2-W-RHX-LS-XL-RL-COT,Extra Large,Cotton,,Red Hexagon,21.45,0,0,0,0
2-W-RHX-LS-XS-RL-COT,2-W-RHX-LS-2XL-RL-COT,2X Large,Cotton,,Red Hexagon,21.45,0,0,0,0
2-W-RHX-LS-XS-RL-COT,2-W-RHX-LS-3XL-RL-COT,3X Large ,Cotton,,Red Hexagon,21.45,0,0,0,0
2-W-RHX-SS-XS-SL-COT,2-W-RHX-SS-XS-SL-COT,Extra Small,Cotton,,Red Hexagon,20.25,0,0,0,0
2-W-RHX-SS-XS-SL-COT,2-W-RHX-SS-S-SL-COT,Small,Cotton,,Red Hexagon,20.25,0,0,0,0
2-W-RHX-SS-XS-SL-COT,2-W-RHX-SS-M-SL-COT,Medium,Cotton,,Red Hexagon,20.25,0,0,0,0
2-W-RHX-SS-XS-SL-COT,2-W-RHX-SS-L-SL-COT,Large,Cotton,,Red Hexagon,20.25,0,0,0,0
2-W-RHX-SS-XS-SL-COT,2-W-RHX-SS-XL-SL-COT,Extra Large,Cotton,,Red Hexagon,20.25,0,0,0,0
2-W-RHX-SS-XS-SL-COT,2-W-RHX-SS-2XL-SL-COT,2X Large,Cotton,,Red Hexagon,20.25,0,0,0,0
2-W-RHX-SS-XS-SL-COT,2-W-RHX-SS-3XL-SL-COT,3X Large ,Cotton,,Red Hexagon,20.25,0,0,0,0
2-W-RHX-SS-XS-RL-COT,2-W-RHX-SS-XS-RL-COT,Extra Small,Cotton,,Red Hexagon,20.25,0,0,0,0
2-W-RHX-SS-XS-RL-COT,2-W-RHX-SS-S-RL-COT,Small,Cotton,,Red Hexagon,20.25,0,0,0,0
2-W-RHX-SS-XS-RL-COT,2-W-RHX-SS-M-RL-COT,Medium,Cotton,,Red Hexagon,20.25,0,0,0,0
2-W-RHX-SS-XS-RL-COT,2-W-RHX-SS-L-RL-COT,Large,Cotton,,Red Hexagon,20.25,0,0,0,0
2-W-RHX-SS-XS-RL-COT,2-W-RHX-SS-XL-RL-COT,Extra Large,Cotton,,Red Hexagon,20.25,0,0,0,0
2-W-RHX-SS-XS-RL-COT,2-W-RHX-SS-2XL-RL-COT,2X Large,Cotton,,Red Hexagon,20.25,0,0,0,0
2-W-RHX-SS-XS-RL-COT,2-W-RHX-SS-3XL-RL-COT,3X Large ,Cotton,,Red Hexagon,20.25,0,0,0,0
2-M-BWH-LS-XS-SL-COT,2-M-BWH-LS-S-SL-COT,Small,Cotton,,Black / White Houndstooth,21.45,0,0,0,0
2-M-BWH-LS-XS-SL-COT,2-M-BWH-LS-M-SL-COT,Medium,Cotton,,Black / White Houndstooth,21.45,0,0,0,0
2-M-BWH-LS-XS-SL-COT,2-M-BWH-LS-L-SL-COT,Large,Cotton,,Black / White Houndstooth,21.45,0,0,0,0
2-M-BWH-LS-XS-SL-COT,2-M-BWH-LS-XL-SL-COT,Extra Large,Cotton,,Black / White Houndstooth,21.45,0,0,0,0
2-M-BWH-LS-XS-SL-COT,2-M-BWH-LS-2XL-SL-COT,2X Large,Cotton,,Black / White Houndstooth,21.45,0,0,0,0
2-M-BWH-LS-XS-SL-COT,2-M-BWH-LS-3XL-SL-COT,3X Large ,Cotton,,Black / White Houndstooth,21.45,0,0,0,0
2-M-BWH-LS-XS-RL-COT,2-M-BWH-LS-S-RL-COT,Small,Cotton,,Black / White Houndstooth,21.45,0,0,0,0
2-M-BWH-LS-XS-RL-COT,2-M-BWH-LS-M-RL-COT,Medium,Cotton,,Black / White Houndstooth,21.45,0,0,0,0
2-M-BWH-LS-XS-RL-COT,2-M-BWH-LS-L-RL-COT,Large,Cotton,,Black / White Houndstooth,21.45,0,0,0,0
2-M-BWH-LS-XS-RL-COT,2-M-BWH-LS-XL-RL-COT,Extra Large,Cotton,,Black / White Houndstooth,21.45,0,0,0,0
2-M-BWH-LS-XS-RL-COT,2-M-BWH-LS-2XL-RL-COT,2X Large,Cotton,,Black / White Houndstooth,21.45,0,0,0,0
2-M-BWH-LS-XS-RL-COT,2-M-BWH-LS-3XL-RL-COT,3X Large ,Cotton,,Black / White Houndstooth,21.45,0,0,0,0
2-M-BWH-SS-XS-SL-COT,2-M-BWH-SS-S-SL-COT,Small,Cotton,,Black / White Houndstooth,20.25,0,0,0,0
2-M-BWH-SS-XS-SL-COT,2-M-BWH-SS-M-SL-COT,Medium,Cotton,,Black / White Houndstooth,20.25,0,0,0,0
2-M-BWH-SS-XS-SL-COT,2-M-BWH-SS-L-SL-COT,Large,Cotton,,Black / White Houndstooth,20.25,0,0,0,0
2-M-BWH-SS-XS-SL-COT,2-M-BWH-SS-XL-SL-COT,Extra Large,Cotton,,Black / White Houndstooth,20.25,0,0,0,0
2-M-BWH-SS-XS-SL-COT,2-M-BWH-SS-2XL-SL-COT,2X Large,Cotton,,Black / White Houndstooth,20.25,0,0,0,0
2-M-BWH-SS-XS-SL-COT,2-M-BWH-SS-3XL-SL-COT,3X Large ,Cotton,,Black / White Houndstooth,20.25,0,0,0,0
2-M-BWH-SS-XS-RL-COT,2-M-BWH-SS-S-RL-COT,Small,Cotton,,Black / White Houndstooth,20.25,0,0,0,0
2-M-BWH-SS-XS-RL-COT,2-M-BWH-SS-M-RL-COT,Medium,Cotton,,Black / White Houndstooth,20.25,0,0,0,0
2-M-BWH-SS-XS-RL-COT,2-M-BWH-SS-L-RL-COT,Large,Cotton,,Black / White Houndstooth,20.25,0,0,0,0
2-M-BWH-SS-XS-RL-COT,2-M-BWH-SS-XL-RL-COT,Extra Large,Cotton,,Black / White Houndstooth,20.25,0,0,0,0
2-M-BWH-SS-XS-RL-COT,2-M-BWH-SS-2XL-RL-COT,2X Large,Cotton,,Black / White Houndstooth,20.25,0,0,0,0
2-M-BWH-SS-XS-RL-COT,2-M-BWH-SS-3XL-RL-COT,3X Large ,Cotton,,Black / White Houndstooth,20.25,0,0,0,0
2-W-BWH-LS-XS-SL-COT,2-W-BWH-LS-XS-SL-COT,Extra Small,Cotton,,Black / White Houndstooth,21.45,0,0,0,0
2-W-BWH-LS-XS-SL-COT,2-W-BWH-LS-S-SL-COT,Small,Cotton,,Black / White Houndstooth,21.45,0,0,0,0
2-W-BWH-LS-XS-SL-COT,2-W-BWH-LS-M-SL-COT,Medium,Cotton,,Black / White Houndstooth,21.45,0,0,0,0
2-W-BWH-LS-XS-SL-COT,2-W-BWH-LS-L-SL-COT,Large,Cotton,,Black / White Houndstooth,21.45,0,0,0,0
2-W-BWH-LS-XS-SL-COT,2-W-BWH-LS-XL-SL-COT,Extra Large,Cotton,,Black / White Houndstooth,21.45,0,0,0,0
2-W-BWH-LS-XS-SL-COT,2-W-BWH-LS-2XL-SL-COT,2X Large,Cotton,,Black / White Houndstooth,21.45,0,0,0,0
2-W-BWH-LS-XS-SL-COT,2-W-BWH-LS-3XL-SL-COT,3X Large ,Cotton,,Black / White Houndstooth,21.45,0,0,0,0
2-W-BWH-LS-XS-RL-COT,2-W-BWH-LS-XS-RL-COT,Extra Small,Cotton,,Black / White Houndstooth,21.45,0,0,0,0
2-W-BWH-LS-XS-RL-COT,2-W-BWH-LS-S-RL-COT,Small,Cotton,,Black / White Houndstooth,21.45,0,0,0,0
2-W-BWH-LS-XS-RL-COT,2-W-BWH-LS-M-RL-COT,Medium,Cotton,,Black / White Houndstooth,21.45,0,0,0,0
2-W-BWH-LS-XS-RL-COT,2-W-BWH-LS-L-RL-COT,Large,Cotton,,Black / White Houndstooth,21.45,0,0,0,0
2-W-BWH-LS-XS-RL-COT,2-W-BWH-LS-XL-RL-COT,Extra Large,Cotton,,Black / White Houndstooth,21.45,0,0,0,0
2-W-BWH-LS-XS-RL-COT,2-W-BWH-LS-2XL-RL-COT,2X Large,Cotton,,Black / White Houndstooth,21.45,0,0,0,0
2-W-BWH-LS-XS-RL-COT,2-W-BWH-LS-3XL-RL-COT,3X Large ,Cotton,,Black / White Houndstooth,21.45,0,0,0,0
2-W-BWH-SS-XS-SL-COT,2-W-BWH-SS-XS-SL-COT,Extra Small,Cotton,,Black / White Houndstooth,20.25,0,0,0,0
2-W-BWH-SS-XS-SL-COT,2-W-BWH-SS-S-SL-COT,Small,Cotton,,Black / White Houndstooth,20.25,0,0,0,0
2-W-BWH-SS-XS-SL-COT,2-W-BWH-SS-M-SL-COT,Medium,Cotton,,Black / White Houndstooth,20.25,0,0,0,0
2-W-BWH-SS-XS-SL-COT,2-W-BWH-SS-L-SL-COT,Large,Cotton,,Black / White Houndstooth,20.25,0,0,0,0
2-W-BWH-SS-XS-SL-COT,2-W-BWH-SS-XL-SL-COT,Extra Large,Cotton,,Black / White Houndstooth,20.25,0,0,0,0
2-W-BWH-SS-XS-SL-COT,2-W-BWH-SS-2XL-SL-COT,2X Large,Cotton,,Black / White Houndstooth,20.25,0,0,0,0
2-W-BWH-SS-XS-SL-COT,2-W-BWH-SS-3XL-SL-COT,3X Large ,Cotton,,Black / White Houndstooth,20.25,0,0,0,0
2-W-BWH-SS-XS-RL-COT,2-W-BWH-SS-XS-RL-COT,Extra Small,Cotton,,Black / White Houndstooth,20.25,0,0,0,0
2-W-BWH-SS-XS-RL-COT,2-W-BWH-SS-S-RL-COT,Small,Cotton,,Black / White Houndstooth,20.25,0,0,0,0
2-W-BWH-SS-XS-RL-COT,2-W-BWH-SS-M-RL-COT,Medium,Cotton,,Black / White Houndstooth,20.25,0,0,0,0
2-W-BWH-SS-XS-RL-COT,2-W-BWH-SS-L-RL-COT,Large,Cotton,,Black / White Houndstooth,20.25,0,0,0,0
2-W-BWH-SS-XS-RL-COT,2-W-BWH-SS-XL-RL-COT,Extra Large,Cotton,,Black / White Houndstooth,20.25,0,0,0,0
2-W-BWH-SS-XS-RL-COT,2-W-BWH-SS-2XL-RL-COT,2X Large,Cotton,,Black / White Houndstooth,20.25,0,0,0,0
2-W-BWH-SS-XS-RL-COT,2-W-BWH-SS-3XL-RL-COT,3X Large ,Cotton,,Black / White Houndstooth,20.25,0,0,0,0
2-M-BBH-LS-XS-SL-COT,2-M-BBH-LS-S-SL-COT,Small,Cotton,,Black / Blue Houndstooth ,21.45,0,0,0,0
2-M-BBH-LS-XS-SL-COT,2-M-BBH-LS-M-SL-COT,Medium,Cotton,,Black / Blue Houndstooth ,21.45,0,0,0,0
2-M-BBH-LS-XS-SL-COT,2-M-BBH-LS-L-SL-COT,Large,Cotton,,Black / Blue Houndstooth ,21.45,0,0,0,0
2-M-BBH-LS-XS-SL-COT,2-M-BBH-LS-XL-SL-COT,Extra Large,Cotton,,Black / Blue Houndstooth ,21.45,0,0,0,0
2-M-BBH-LS-XS-SL-COT,2-M-BBH-LS-2XL-SL-COT,2X Large,Cotton,,Black / Blue Houndstooth ,21.45,0,0,0,0
2-M-BBH-LS-XS-SL-COT,2-M-BBH-LS-3XL-SL-COT,3X Large ,Cotton,,Black / Blue Houndstooth ,21.45,0,0,0,0
2-M-BBH-LS-XS-RL-COT,2-M-BBH-LS-S-RL-COT,Small,Cotton,,Black / Blue Houndstooth ,21.45,0,0,0,0
2-M-BBH-LS-XS-RL-COT,2-M-BBH-LS-M-RL-COT,Medium,Cotton,,Black / Blue Houndstooth ,21.45,0,0,0,0
2-M-BBH-LS-XS-RL-COT,2-M-BBH-LS-L-RL-COT,Large,Cotton,,Black / Blue Houndstooth ,21.45,0,0,0,0
2-M-BBH-LS-XS-RL-COT,2-M-BBH-LS-XL-RL-COT,Extra Large,Cotton,,Black / Blue Houndstooth ,21.45,0,0,0,0
2-M-BBH-LS-XS-RL-COT,2-M-BBH-LS-2XL-RL-COT,2X Large,Cotton,,Black / Blue Houndstooth ,21.45,0,0,0,0
2-M-BBH-LS-XS-RL-COT,2-M-BBH-LS-3XL-RL-COT,3X Large ,Cotton,,Black / Blue Houndstooth ,21.45,0,0,0,0
2-M-BBH-SS-XS-SL-COT,2-M-BBH-SS-S-SL-COT,Small,Cotton,,Black / Blue Houndstooth ,20.25,0,0,0,0
2-M-BBH-SS-XS-SL-COT,2-M-BBH-SS-M-SL-COT,Medium,Cotton,,Black / Blue Houndstooth ,20.25,0,0,0,0
2-M-BBH-SS-XS-SL-COT,2-M-BBH-SS-L-SL-COT,Large,Cotton,,Black / Blue Houndstooth ,20.25,0,0,0,0
2-M-BBH-SS-XS-SL-COT,2-M-BBH-SS-XL-SL-COT,Extra Large,Cotton,,Black / Blue Houndstooth ,20.25,0,0,0,0
2-M-BBH-SS-XS-SL-COT,2-M-BBH-SS-2XL-SL-COT,2X Large,Cotton,,Black / Blue Houndstooth ,20.25,0,0,0,0
2-M-BBH-SS-XS-SL-COT,2-M-BBH-SS-3XL-SL-COT,3X Large ,Cotton,,Black / Blue Houndstooth ,20.25,0,0,0,0
2-M-BBH-SS-XS-RL-COT,2-M-BBH-SS-S-RL-COT,Small,Cotton,,Black / Blue Houndstooth ,20.25,0,0,0,0
2-M-BBH-SS-XS-RL-COT,2-M-BBH-SS-M-RL-COT,Medium,Cotton,,Black / Blue Houndstooth ,20.25,0,0,0,0
2-M-BBH-SS-XS-RL-COT,2-M-BBH-SS-L-RL-COT,Large,Cotton,,Black / Blue Houndstooth ,20.25,0,0,0,0
2-M-BBH-SS-XS-RL-COT,2-M-BBH-SS-XL-RL-COT,Extra Large,Cotton,,Black / Blue Houndstooth ,20.25,0,0,0,0
2-M-BBH-SS-XS-RL-COT,2-M-BBH-SS-2XL-RL-COT,2X Large,Cotton,,Black / Blue Houndstooth ,20.25,0,0,0,0
2-M-BBH-SS-XS-RL-COT,2-M-BBH-SS-3XL-RL-COT,3X Large ,Cotton,,Black / Blue Houndstooth ,20.25,0,0,0,0
2-W-BBH-LS-XS-SL-COT,2-W-BBH-LS-XS-SL-COT,Extra Small,Cotton,,Black / Blue Houndstooth ,21.45,0,0,0,0
2-W-BBH-LS-XS-SL-COT,2-W-BBH-LS-S-SL-COT,Small,Cotton,,Black / Blue Houndstooth ,21.45,0,0,0,0
2-W-BBH-LS-XS-SL-COT,2-W-BBH-LS-M-SL-COT,Medium,Cotton,,Black / Blue Houndstooth ,21.45,0,0,0,0
2-W-BBH-LS-XS-SL-COT,2-W-BBH-LS-L-SL-COT,Large,Cotton,,Black / Blue Houndstooth ,21.45,0,0,0,0
2-W-BBH-LS-XS-SL-COT,2-W-BBH-LS-XL-SL-COT,Extra Large,Cotton,,Black / Blue Houndstooth ,21.45,0,0,0,0
2-W-BBH-LS-XS-SL-COT,2-W-BBH-LS-2XL-SL-COT,2X Large,Cotton,,Black / Blue Houndstooth ,21.45,0,0,0,0
2-W-BBH-LS-XS-SL-COT,2-W-BBH-LS-3XL-SL-COT,3X Large ,Cotton,,Black / Blue Houndstooth ,21.45,0,0,0,0
2-W-BBH-LS-XS-RL-COT,2-W-BBH-LS-XS-RL-COT,Extra Small,Cotton,,Black / Blue Houndstooth ,21.45,0,0,0,0
2-W-BBH-LS-XS-RL-COT,2-W-BBH-LS-S-RL-COT,Small,Cotton,,Black / Blue Houndstooth ,21.45,0,0,0,0
2-W-BBH-LS-XS-RL-COT,2-W-BBH-LS-M-RL-COT,Medium,Cotton,,Black / Blue Houndstooth ,21.45,0,0,0,0
2-W-BBH-LS-XS-RL-COT,2-W-BBH-LS-L-RL-COT,Large,Cotton,,Black / Blue Houndstooth ,21.45,0,0,0,0
2-W-BBH-LS-XS-RL-COT,2-W-BBH-LS-XL-RL-COT,Extra Large,Cotton,,Black / Blue Houndstooth ,21.45,0,0,0,0
2-W-BBH-LS-XS-RL-COT,2-W-BBH-LS-2XL-RL-COT,2X Large,Cotton,,Black / Blue Houndstooth ,21.45,0,0,0,0
2-W-BBH-LS-XS-RL-COT,2-W-BBH-LS-3XL-RL-COT,3X Large ,Cotton,,Black / Blue Houndstooth ,21.45,0,0,0,0
2-W-BBH-SS-XS-SL-COT,2-W-BBH-SS-XS-SL-COT,Extra Small,Cotton,,Black / Blue Houndstooth ,20.25,0,0,0,0
2-W-BBH-SS-XS-SL-COT,2-W-BBH-SS-S-SL-COT,Small,Cotton,,Black / Blue Houndstooth ,20.25,0,0,0,0
2-W-BBH-SS-XS-SL-COT,2-W-BBH-SS-M-SL-COT,Medium,Cotton,,Black / Blue Houndstooth ,20.25,0,0,0,0
2-W-BBH-SS-XS-SL-COT,2-W-BBH-SS-L-SL-COT,Large,Cotton,,Black / Blue Houndstooth ,20.25,0,0,0,0
2-W-BBH-SS-XS-SL-COT,2-W-BBH-SS-XL-SL-COT,Extra Large,Cotton,,Black / Blue Houndstooth ,20.25,0,0,0,0
2-W-BBH-SS-XS-SL-COT,2-W-BBH-SS-2XL-SL-COT,2X Large,Cotton,,Black / Blue Houndstooth ,20.25,0,0,0,0
2-W-BBH-SS-XS-SL-COT,2-W-BBH-SS-3XL-SL-COT,3X Large ,Cotton,,Black / Blue Houndstooth ,20.25,0,0,0,0
2-W-BBH-SS-XS-RL-COT,2-W-BBH-SS-XS-RL-COT,Extra Small,Cotton,,Black / Blue Houndstooth ,20.25,0,0,0,0
2-W-BBH-SS-XS-RL-COT,2-W-BBH-SS-S-RL-COT,Small,Cotton,,Black / Blue Houndstooth ,20.25,0,0,0,0
2-W-BBH-SS-XS-RL-COT,2-W-BBH-SS-M-RL-COT,Medium,Cotton,,Black / Blue Houndstooth ,20.25,0,0,0,0
2-W-BBH-SS-XS-RL-COT,2-W-BBH-SS-L-RL-COT,Large,Cotton,,Black / Blue Houndstooth ,20.25,0,0,0,0
2-W-BBH-SS-XS-RL-COT,2-W-BBH-SS-XL-RL-COT,Extra Large,Cotton,,Black / Blue Houndstooth ,20.25,0,0,0,0
2-W-BBH-SS-XS-RL-COT,2-W-BBH-SS-2XL-RL-COT,2X Large,Cotton,,Black / Blue Houndstooth ,20.25,0,0,0,0
2-W-BBH-SS-XS-RL-COT,2-W-BBH-SS-3XL-RL-COT,3X Large ,Cotton,,Black / Blue Houndstooth ,20.25,0,0,0,0
2-M-GGF-LS-XS-SL-COT,2-M-GGF-LS-S-SL-COT,Small,Cotton,,Green / Green Flannel,21.45,0,0,0,0
2-M-GGF-LS-XS-SL-COT,2-M-GGF-LS-M-SL-COT,Medium,Cotton,,Green / Green Flannel,21.45,0,0,0,0
2-M-GGF-LS-XS-SL-COT,2-M-GGF-LS-L-SL-COT,Large,Cotton,,Green / Green Flannel,21.45,0,0,0,0
2-M-GGF-LS-XS-SL-COT,2-M-GGF-LS-XL-SL-COT,Extra Large,Cotton,,Green / Green Flannel,21.45,0,0,0,0
2-M-GGF-LS-XS-SL-COT,2-M-GGF-LS-2XL-SL-COT,2X Large,Cotton,,Green / Green Flannel,21.45,0,0,0,0
2-M-GGF-LS-XS-SL-COT,2-M-GGF-LS-3XL-SL-COT,3X Large ,Cotton,,Green / Green Flannel,21.45,0,0,0,0
2-M-GGF-LS-XS-RL-COT,2-M-GGF-LS-S-RL-COT,Small,Cotton,,Green / Green Flannel,21.45,0,0,0,0
2-M-GGF-LS-XS-RL-COT,2-M-GGF-LS-M-RL-COT,Medium,Cotton,,Green / Green Flannel,21.45,0,0,0,0
2-M-GGF-LS-XS-RL-COT,2-M-GGF-LS-L-RL-COT,Large,Cotton,,Green / Green Flannel,21.45,0,0,0,0
2-M-GGF-LS-XS-RL-COT,2-M-GGF-LS-XL-RL-COT,Extra Large,Cotton,,Green / Green Flannel,21.45,0,0,0,0
2-M-GGF-LS-XS-RL-COT,2-M-GGF-LS-2XL-RL-COT,2X Large,Cotton,,Green / Green Flannel,21.45,0,0,0,0
2-M-GGF-LS-XS-RL-COT,2-M-GGF-LS-3XL-RL-COT,3X Large ,Cotton,,Green / Green Flannel,21.45,0,0,0,0
2-M-GGF-SS-XS-SL-COT,2-M-GGF-SS-S-SL-COT,Small,Cotton,,Green / Green Flannel,20.25,0,0,0,0
2-M-GGF-SS-XS-SL-COT,2-M-GGF-SS-M-SL-COT,Medium,Cotton,,Green / Green Flannel,20.25,0,0,0,0
2-M-GGF-SS-XS-SL-COT,2-M-GGF-SS-L-SL-COT,Large,Cotton,,Green / Green Flannel,20.25,0,0,0,0
2-M-GGF-SS-XS-SL-COT,2-M-GGF-SS-XL-SL-COT,Extra Large,Cotton,,Green / Green Flannel,20.25,0,0,0,0
2-M-GGF-SS-XS-SL-COT,2-M-GGF-SS-2XL-SL-COT,2X Large,Cotton,,Green / Green Flannel,20.25,0,0,0,0
2-M-GGF-SS-XS-SL-COT,2-M-GGF-SS-3XL-SL-COT,3X Large ,Cotton,,Green / Green Flannel,20.25,0,0,0,0
2-M-GGF-SS-XS-RL-COT,2-M-GGF-SS-S-RL-COT,Small,Cotton,,Green / Green Flannel,20.25,0,0,0,0
2-M-GGF-SS-XS-RL-COT,2-M-GGF-SS-M-RL-COT,Medium,Cotton,,Green / Green Flannel,20.25,0,0,0,0
2-M-GGF-SS-XS-RL-COT,2-M-GGF-SS-L-RL-COT,Large,Cotton,,Green / Green Flannel,20.25,0,0,0,0
2-M-GGF-SS-XS-RL-COT,2-M-GGF-SS-XL-RL-COT,Extra Large,Cotton,,Green / Green Flannel,20.25,0,0,0,0
2-M-GGF-SS-XS-RL-COT,2-M-GGF-SS-2XL-RL-COT,2X Large,Cotton,,Green / Green Flannel,20.25,0,0,0,0
2-M-GGF-SS-XS-RL-COT,2-M-GGF-SS-3XL-RL-COT,3X Large ,Cotton,,Green / Green Flannel,20.25,0,0,0,0
2-W-GGF-LS-XS-SL-COT,2-W-GGF-LS-XS-SL-COT,Extra Small,Cotton,,Green / Green Flannel,21.45,0,0,0,0
2-W-GGF-LS-XS-SL-COT,2-W-GGF-LS-S-SL-COT,Small,Cotton,,Green / Green Flannel,21.45,0,0,0,0
2-W-GGF-LS-XS-SL-COT,2-W-GGF-LS-M-SL-COT,Medium,Cotton,,Green / Green Flannel,21.45,0,0,0,0
2-W-GGF-LS-XS-SL-COT,2-W-GGF-LS-L-SL-COT,Large,Cotton,,Green / Green Flannel,21.45,0,0,0,0
2-W-GGF-LS-XS-SL-COT,2-W-GGF-LS-XL-SL-COT,Extra Large,Cotton,,Green / Green Flannel,21.45,0,0,0,0
2-W-GGF-LS-XS-SL-COT,2-W-GGF-LS-2XL-SL-COT,2X Large,Cotton,,Green / Green Flannel,21.45,0,0,0,0
2-W-GGF-LS-XS-SL-COT,2-W-GGF-LS-3XL-SL-COT,3X Large ,Cotton,,Green / Green Flannel,21.45,0,0,0,0
2-W-GGF-LS-XS-RL-COT,2-W-GGF-LS-XS-RL-COT,Extra Small,Cotton,,Green / Green Flannel,21.45,0,0,0,0
2-W-GGF-LS-XS-RL-COT,2-W-GGF-LS-S-RL-COT,Small,Cotton,,Green / Green Flannel,21.45,0,0,0,0
2-W-GGF-LS-XS-RL-COT,2-W-GGF-LS-M-RL-COT,Medium,Cotton,,Green / Green Flannel,21.45,0,0,0,0
2-W-GGF-LS-XS-RL-COT,2-W-GGF-LS-L-RL-COT,Large,Cotton,,Green / Green Flannel,21.45,0,0,0,0
2-W-GGF-LS-XS-RL-COT,2-W-GGF-LS-XL-RL-COT,Extra Large,Cotton,,Green / Green Flannel,21.45,0,0,0,0
2-W-GGF-LS-XS-RL-COT,2-W-GGF-LS-2XL-RL-COT,2X Large,Cotton,,Green / Green Flannel,21.45,0,0,0,0
2-W-GGF-LS-XS-RL-COT,2-W-GGF-LS-3XL-RL-COT,3X Large ,Cotton,,Green / Green Flannel,21.45,0,0,0,0
2-W-GGF-SS-XS-SL-COT,2-W-GGF-SS-XS-SL-COT,Extra Small,Cotton,,Green / Green Flannel,20.25,0,0,0,0
2-W-GGF-SS-XS-SL-COT,2-W-GGF-SS-S-SL-COT,Small,Cotton,,Green / Green Flannel,20.25,0,0,0,0
2-W-GGF-SS-XS-SL-COT,2-W-GGF-SS-M-SL-COT,Medium,Cotton,,Green / Green Flannel,20.25,0,0,0,0
2-W-GGF-SS-XS-SL-COT,2-W-GGF-SS-L-SL-COT,Large,Cotton,,Green / Green Flannel,20.25,0,0,0,0
2-W-GGF-SS-XS-SL-COT,2-W-GGF-SS-XL-SL-COT,Extra Large,Cotton,,Green / Green Flannel,20.25,0,0,0,0
2-W-GGF-SS-XS-SL-COT,2-W-GGF-SS-2XL-SL-COT,2X Large,Cotton,,Green / Green Flannel,20.25,0,0,0,0
2-W-GGF-SS-XS-SL-COT,2-W-GGF-SS-3XL-SL-COT,3X Large ,Cotton,,Green / Green Flannel,20.25,0,0,0,0
2-W-GGF-SS-XS-RL-COT,2-W-GGF-SS-XS-RL-COT,Extra Small,Cotton,,Green / Green Flannel,20.25,0,0,0,0
2-W-GGF-SS-XS-RL-COT,2-W-GGF-SS-S-RL-COT,Small,Cotton,,Green / Green Flannel,20.25,0,0,0,0
2-W-GGF-SS-XS-RL-COT,2-W-GGF-SS-M-RL-COT,Medium,Cotton,,Green / Green Flannel,20.25,0,0,0,0
2-W-GGF-SS-XS-RL-COT,2-W-GGF-SS-L-RL-COT,Large,Cotton,,Green / Green Flannel,20.25,0,0,0,0
2-W-GGF-SS-XS-RL-COT,2-W-GGF-SS-XL-RL-COT,Extra Large,Cotton,,Green / Green Flannel,20.25,0,0,0,0
2-W-GGF-SS-XS-RL-COT,2-W-GGF-SS-2XL-RL-COT,2X Large,Cotton,,Green / Green Flannel,20.25,0,0,0,0
2-W-GGF-SS-XS-RL-COT,2-W-GGF-SS-3XL-RL-COT,3X Large ,Cotton,,Green / Green Flannel,20.25,0,0,0,0
2-M-GYF-LS-XS-SL-COT,2-M-GYF-LS-S-SL-COT,Small,Cotton,,Green / Yellow Flannel,21.45,0,0,0,0
2-M-GYF-LS-XS-SL-COT,2-M-GYF-LS-M-SL-COT,Medium,Cotton,,Green / Yellow Flannel,21.45,0,0,0,0
2-M-GYF-LS-XS-SL-COT,2-M-GYF-LS-L-SL-COT,Large,Cotton,,Green / Yellow Flannel,21.45,0,0,0,0
2-M-GYF-LS-XS-SL-COT,2-M-GYF-LS-XL-SL-COT,Extra Large,Cotton,,Green / Yellow Flannel,21.45,0,0,0,0
2-M-GYF-LS-XS-SL-COT,2-M-GYF-LS-2XL-SL-COT,2X Large,Cotton,,Green / Yellow Flannel,21.45,0,0,0,0
2-M-GYF-LS-XS-SL-COT,2-M-GYF-LS-3XL-SL-COT,3X Large ,Cotton,,Green / Yellow Flannel,21.45,0,0,0,0
2-M-GYF-LS-XS-RL-COT,2-M-GYF-LS-S-RL-COT,Small,Cotton,,Green / Yellow Flannel,21.45,0,0,0,0
2-M-GYF-LS-XS-RL-COT,2-M-GYF-LS-M-RL-COT,Medium,Cotton,,Green / Yellow Flannel,21.45,0,0,0,0
2-M-GYF-LS-XS-RL-COT,2-M-GYF-LS-L-RL-COT,Large,Cotton,,Green / Yellow Flannel,21.45,0,0,0,0
2-M-GYF-LS-XS-RL-COT,2-M-GYF-LS-XL-RL-COT,Extra Large,Cotton,,Green / Yellow Flannel,21.45,0,0,0,0
2-M-GYF-LS-XS-RL-COT,2-M-GYF-LS-2XL-RL-COT,2X Large,Cotton,,Green / Yellow Flannel,21.45,0,0,0,0
2-M-GYF-LS-XS-RL-COT,2-M-GYF-LS-3XL-RL-COT,3X Large ,Cotton,,Green / Yellow Flannel,21.45,0,0,0,0
2-M-GYF-SS-XS-SL-COT,2-M-GYF-SS-S-SL-COT,Small,Cotton,,Green / Yellow Flannel,20.25,0,0,0,0
2-M-GYF-SS-XS-SL-COT,2-M-GYF-SS-M-SL-COT,Medium,Cotton,,Green / Yellow Flannel,20.25,0,0,0,0
2-M-GYF-SS-XS-SL-COT,2-M-GYF-SS-L-SL-COT,Large,Cotton,,Green / Yellow Flannel,20.25,0,0,0,0
2-M-GYF-SS-XS-SL-COT,2-M-GYF-SS-XL-SL-COT,Extra Large,Cotton,,Green / Yellow Flannel,20.25,0,0,0,0
2-M-GYF-SS-XS-SL-COT,2-M-GYF-SS-2XL-SL-COT,2X Large,Cotton,,Green / Yellow Flannel,20.25,0,0,0,0
2-M-GYF-SS-XS-SL-COT,2-M-GYF-SS-3XL-SL-COT,3X Large ,Cotton,,Green / Yellow Flannel,20.25,0,0,0,0
2-M-GYF-SS-XS-RL-COT,2-M-GYF-SS-S-RL-COT,Small,Cotton,,Green / Yellow Flannel,20.25,0,0,0,0
2-M-GYF-SS-XS-RL-COT,2-M-GYF-SS-M-RL-COT,Medium,Cotton,,Green / Yellow Flannel,20.25,0,0,0,0
2-M-GYF-SS-XS-RL-COT,2-M-GYF-SS-L-RL-COT,Large,Cotton,,Green / Yellow Flannel,20.25,0,0,0,0
2-M-GYF-SS-XS-RL-COT,2-M-GYF-SS-XL-RL-COT,Extra Large,Cotton,,Green / Yellow Flannel,20.25,0,0,0,0
2-M-GYF-SS-XS-RL-COT,2-M-GYF-SS-2XL-RL-COT,2X Large,Cotton,,Green / Yellow Flannel,20.25,0,0,0,0
2-M-GYF-SS-XS-RL-COT,2-M-GYF-SS-3XL-RL-COT,3X Large ,Cotton,,Green / Yellow Flannel,20.25,0,0,0,0
2-W-GYF-LS-XS-SL-COT,2-W-GYF-LS-XS-SL-COT,Extra Small,Cotton,,Green / Yellow Flannel,21.45,0,0,0,0
2-W-GYF-LS-XS-SL-COT,2-W-GYF-LS-S-SL-COT,Small,Cotton,,Green / Yellow Flannel,21.45,0,0,0,0
2-W-GYF-LS-XS-SL-COT,2-W-GYF-LS-M-SL-COT,Medium,Cotton,,Green / Yellow Flannel,21.45,0,0,0,0
2-W-GYF-LS-XS-SL-COT,2-W-GYF-LS-L-SL-COT,Large,Cotton,,Green / Yellow Flannel,21.45,0,0,0,0
2-W-GYF-LS-XS-SL-COT,2-W-GYF-LS-XL-SL-COT,Extra Large,Cotton,,Green / Yellow Flannel,21.45,0,0,0,0
2-W-GYF-LS-XS-SL-COT,2-W-GYF-LS-2XL-SL-COT,2X Large,Cotton,,Green / Yellow Flannel,21.45,0,0,0,0
2-W-GYF-LS-XS-SL-COT,2-W-GYF-LS-3XL-SL-COT,3X Large ,Cotton,,Green / Yellow Flannel,21.45,0,0,0,0
2-W-GYF-LS-XS-RL-COT,2-W-GYF-LS-XS-RL-COT,Extra Small,Cotton,,Green / Yellow Flannel,21.45,0,0,0,0
2-W-GYF-LS-XS-RL-COT,2-W-GYF-LS-S-RL-COT,Small,Cotton,,Green / Yellow Flannel,21.45,0,0,0,0
2-W-GYF-LS-XS-RL-COT,2-W-GYF-LS-M-RL-COT,Medium,Cotton,,Green / Yellow Flannel,21.45,0,0,0,0
2-W-GYF-LS-XS-RL-COT,2-W-GYF-LS-L-RL-COT,Large,Cotton,,Green / Yellow Flannel,21.45,0,0,0,0
2-W-GYF-LS-XS-RL-COT,2-W-GYF-LS-XL-RL-COT,Extra Large,Cotton,,Green / Yellow Flannel,21.45,0,0,0,0
2-W-GYF-LS-XS-RL-COT,2-W-GYF-LS-2XL-RL-COT,2X Large,Cotton,,Green / Yellow Flannel,21.45,0,0,0,0
2-W-GYF-LS-XS-RL-COT,2-W-GYF-LS-3XL-RL-COT,3X Large ,Cotton,,Green / Yellow Flannel,21.45,0,0,0,0
2-W-GYF-SS-XS-SL-COT,2-W-GYF-SS-XS-SL-COT,Extra Small,Cotton,,Green / Yellow Flannel,20.25,0,0,0,0
2-W-GYF-SS-XS-SL-COT,2-W-GYF-SS-S-SL-COT,Small,Cotton,,Green / Yellow Flannel,20.25,0,0,0,0
2-W-GYF-SS-XS-SL-COT,2-W-GYF-SS-M-SL-COT,Medium,Cotton,,Green / Yellow Flannel,20.25,0,0,0,0
2-W-GYF-SS-XS-SL-COT,2-W-GYF-SS-L-SL-COT,Large,Cotton,,Green / Yellow Flannel,20.25,0,0,0,0
2-W-GYF-SS-XS-SL-COT,2-W-GYF-SS-XL-SL-COT,Extra Large,Cotton,,Green / Yellow Flannel,20.25,0,0,0,0
2-W-GYF-SS-XS-SL-COT,2-W-GYF-SS-2XL-SL-COT,2X Large,Cotton,,Green / Yellow Flannel,20.25,0,0,0,0
2-W-GYF-SS-XS-SL-COT,2-W-GYF-SS-3XL-SL-COT,3X Large ,Cotton,,Green / Yellow Flannel,20.25,0,0,0,0
2-W-GYF-SS-XS-RL-COT,2-W-GYF-SS-XS-RL-COT,Extra Small,Cotton,,Green / Yellow Flannel,20.25,0,0,0,0
2-W-GYF-SS-XS-RL-COT,2-W-GYF-SS-S-RL-COT,Small,Cotton,,Green / Yellow Flannel,20.25,0,0,0,0
2-W-GYF-SS-XS-RL-COT,2-W-GYF-SS-M-RL-COT,Medium,Cotton,,Green / Yellow Flannel,20.25,0,0,0,0
2-W-GYF-SS-XS-RL-COT,2-W-GYF-SS-L-RL-COT,Large,Cotton,,Green / Yellow Flannel,20.25,0,0,0,0
2-W-GYF-SS-XS-RL-COT,2-W-GYF-SS-XL-RL-COT,Extra Large,Cotton,,Green / Yellow Flannel,20.25,0,0,0,0
2-W-GYF-SS-XS-RL-COT,2-W-GYF-SS-2XL-RL-COT,2X Large,Cotton,,Green / Yellow Flannel,20.25,0,0,0,0
2-W-GYF-SS-XS-RL-COT,2-W-GYF-SS-3XL-RL-COT,3X Large ,Cotton,,Green / Yellow Flannel,20.25,0,0,0,0
2-M-RBA-LS-XS-SL-COT,2-M-RBA-LS-S-SL-COT,Small,Cotton,,Red / Black Arrow,21.45,0,0,0,0
2-M-RBA-LS-XS-SL-COT,2-M-RBA-LS-M-SL-COT,Medium,Cotton,,Red / Black Arrow,21.45,0,0,0,0
2-M-RBA-LS-XS-SL-COT,2-M-RBA-LS-L-SL-COT,Large,Cotton,,Red / Black Arrow,21.45,0,0,0,0
2-M-RBA-LS-XS-SL-COT,2-M-RBA-LS-XL-SL-COT,Extra Large,Cotton,,Red / Black Arrow,21.45,0,0,0,0
2-M-RBA-LS-XS-SL-COT,2-M-RBA-LS-2XL-SL-COT,2X Large,Cotton,,Red / Black Arrow,21.45,0,0,0,0
2-M-RBA-LS-XS-SL-COT,2-M-RBA-LS-3XL-SL-COT,3X Large ,Cotton,,Red / Black Arrow,21.45,0,0,0,0
2-M-RBA-LS-XS-RL-COT,2-M-RBA-LS-S-RL-COT,Small,Cotton,,Red / Black Arrow,21.45,0,0,0,0
2-M-RBA-LS-XS-RL-COT,2-M-RBA-LS-M-RL-COT,Medium,Cotton,,Red / Black Arrow,21.45,0,0,0,0
2-M-RBA-LS-XS-RL-COT,2-M-RBA-LS-L-RL-COT,Large,Cotton,,Red / Black Arrow,21.45,0,0,0,0
2-M-RBA-LS-XS-RL-COT,2-M-RBA-LS-XL-RL-COT,Extra Large,Cotton,,Red / Black Arrow,21.45,0,0,0,0
2-M-RBA-LS-XS-RL-COT,2-M-RBA-LS-2XL-RL-COT,2X Large,Cotton,,Red / Black Arrow,21.45,0,0,0,0
2-M-RBA-LS-XS-RL-COT,2-M-RBA-LS-3XL-RL-COT,3X Large ,Cotton,,Red / Black Arrow,21.45,0,0,0,0
2-M-RBA-SS-XS-SL-COT,2-M-RBA-SS-S-SL-COT,Small,Cotton,,Red / Black Arrow,20.25,0,0,0,0
2-M-RBA-SS-XS-SL-COT,2-M-RBA-SS-M-SL-COT,Medium,Cotton,,Red / Black Arrow,20.25,0,0,0,0
2-M-RBA-SS-XS-SL-COT,2-M-RBA-SS-L-SL-COT,Large,Cotton,,Red / Black Arrow,20.25,0,0,0,0
2-M-RBA-SS-XS-SL-COT,2-M-RBA-SS-XL-SL-COT,Extra Large,Cotton,,Red / Black Arrow,20.25,0,0,0,0
2-M-RBA-SS-XS-SL-COT,2-M-RBA-SS-2XL-SL-COT,2X Large,Cotton,,Red / Black Arrow,20.25,0,0,0,0
2-M-RBA-SS-XS-SL-COT,2-M-RBA-SS-3XL-SL-COT,3X Large ,Cotton,,Red / Black Arrow,20.25,0,0,0,0
2-M-RBA-SS-XS-RL-COT,2-M-RBA-SS-S-RL-COT,Small,Cotton,,Red / Black Arrow,20.25,0,0,0,0
2-M-RBA-SS-XS-RL-COT,2-M-RBA-SS-M-RL-COT,Medium,Cotton,,Red / Black Arrow,20.25,0,0,0,0
2-M-RBA-SS-XS-RL-COT,2-M-RBA-SS-L-RL-COT,Large,Cotton,,Red / Black Arrow,20.25,0,0,0,0
2-M-RBA-SS-XS-RL-COT,2-M-RBA-SS-XL-RL-COT,Extra Large,Cotton,,Red / Black Arrow,20.25,0,0,0,0
2-M-RBA-SS-XS-RL-COT,2-M-RBA-SS-2XL-RL-COT,2X Large,Cotton,,Red / Black Arrow,20.25,0,0,0,0
2-M-RBA-SS-XS-RL-COT,2-M-RBA-SS-3XL-RL-COT,3X Large ,Cotton,,Red / Black Arrow,20.25,0,0,0,0
2-W-RBA-LS-XS-SL-COT,2-W-RBA-LS-XS-SL-COT,Extra Small,Cotton,,Red / Black Arrow,21.45,0,0,0,0
2-W-RBA-LS-XS-SL-COT,2-W-RBA-LS-S-SL-COT,Small,Cotton,,Red / Black Arrow,21.45,0,0,0,0
2-W-RBA-LS-XS-SL-COT,2-W-RBA-LS-M-SL-COT,Medium,Cotton,,Red / Black Arrow,21.45,0,0,0,0
2-W-RBA-LS-XS-SL-COT,2-W-RBA-LS-L-SL-COT,Large,Cotton,,Red / Black Arrow,21.45,0,0,0,0
2-W-RBA-LS-XS-SL-COT,2-W-RBA-LS-XL-SL-COT,Extra Large,Cotton,,Red / Black Arrow,21.45,0,0,0,0
2-W-RBA-LS-XS-SL-COT,2-W-RBA-LS-2XL-SL-COT,2X Large,Cotton,,Red / Black Arrow,21.45,0,0,0,0
2-W-RBA-LS-XS-SL-COT,2-W-RBA-LS-3XL-SL-COT,3X Large ,Cotton,,Red / Black Arrow,21.45,0,0,0,0
2-W-RBA-LS-XS-RL-COT,2-W-RBA-LS-XS-RL-COT,Extra Small,Cotton,,Red / Black Arrow,21.45,0,0,0,0
2-W-RBA-LS-XS-RL-COT,2-W-RBA-LS-S-RL-COT,Small,Cotton,,Red / Black Arrow,21.45,0,0,0,0
2-W-RBA-LS-XS-RL-COT,2-W-RBA-LS-M-RL-COT,Medium,Cotton,,Red / Black Arrow,21.45,0,0,0,0
2-W-RBA-LS-XS-RL-COT,2-W-RBA-LS-L-RL-COT,Large,Cotton,,Red / Black Arrow,21.45,0,0,0,0
2-W-RBA-LS-XS-RL-COT,2-W-RBA-LS-XL-RL-COT,Extra Large,Cotton,,Red / Black Arrow,21.45,0,0,0,0
2-W-RBA-LS-XS-RL-COT,2-W-RBA-LS-2XL-RL-COT,2X Large,Cotton,,Red / Black Arrow,21.45,0,0,0,0
2-W-RBA-LS-XS-RL-COT,2-W-RBA-LS-3XL-RL-COT,3X Large ,Cotton,,Red / Black Arrow,21.45,0,0,0,0
2-W-RBA-SS-XS-SL-COT,2-W-RBA-SS-XS-SL-COT,Extra Small,Cotton,,Red / Black Arrow,20.25,0,0,0,0
2-W-RBA-SS-XS-SL-COT,2-W-RBA-SS-S-SL-COT,Small,Cotton,,Red / Black Arrow,20.25,0,0,0,0
2-W-RBA-SS-XS-SL-COT,2-W-RBA-SS-M-SL-COT,Medium,Cotton,,Red / Black Arrow,20.25,0,0,0,0
2-W-RBA-SS-XS-SL-COT,2-W-RBA-SS-L-SL-COT,Large,Cotton,,Red / Black Arrow,20.25,0,0,0,0
2-W-RBA-SS-XS-SL-COT,2-W-RBA-SS-XL-SL-COT,Extra Large,Cotton,,Red / Black Arrow,20.25,0,0,0,0
2-W-RBA-SS-XS-SL-COT,2-W-RBA-SS-2XL-SL-COT,2X Large,Cotton,,Red / Black Arrow,20.25,0,0,0,0
2-W-RBA-SS-XS-SL-COT,2-W-RBA-SS-3XL-SL-COT,3X Large ,Cotton,,Red / Black Arrow,20.25,0,0,0,0
2-W-RBA-SS-XS-RL-COT,2-W-RBA-SS-XS-RL-COT,Extra Small,Cotton,,Red / Black Arrow,20.25,0,0,0,0
2-W-RBA-SS-XS-RL-COT,2-W-RBA-SS-S-RL-COT,Small,Cotton,,Red / Black Arrow,20.25,0,0,0,0
2-W-RBA-SS-XS-RL-COT,2-W-RBA-SS-M-RL-COT,Medium,Cotton,,Red / Black Arrow,20.25,0,0,0,0
2-W-RBA-SS-XS-RL-COT,2-W-RBA-SS-L-RL-COT,Large,Cotton,,Red / Black Arrow,20.25,0,0,0,0
2-W-RBA-SS-XS-RL-COT,2-W-RBA-SS-XL-RL-COT,Extra Large,Cotton,,Red / Black Arrow,20.25,0,0,0,0
2-W-RBA-SS-XS-RL-COT,2-W-RBA-SS-2XL-RL-COT,2X Large,Cotton,,Red / Black Arrow,20.25,0,0,0,0
2-W-RBA-SS-XS-RL-COT,2-W-RBA-SS-3XL-RL-COT,3X Large ,Cotton,,Red / Black Arrow,20.25,0,0,0,0
1-M-DGTR-LS-XS-SL-POL,1-M-DGTR-LS-S-SL-POL,Small,Polyester,,Dark Green Triangle,18.75,0,0,0,0
1-M-DGTR-LS-XS-SL-POL,1-M-DGTR-LS-M-SL-POL,Medium,Polyester,,Dark Green Triangle,18.75,0,0,0,0
1-M-DGTR-LS-XS-SL-POL,1-M-DGTR-LS-L-SL-POL,Large,Polyester,,Dark Green Triangle,18.75,0,0,0,0
1-M-DGTR-LS-XS-SL-POL,1-M-DGTR-LS-XL-SL-POL,Extra Large,Polyester,,Dark Green Triangle,18.75,0,0,0,0
1-M-DGTR-LS-XS-SL-POL,1-M-DGTR-LS-2XL-SL-POL,2X Large,Polyester,,Dark Green Triangle,18.75,0,0,0,0
1-M-DGTR-LS-XS-SL-POL,1-M-DGTR-LS-3XL-SL-POL,3X Large ,Polyester,,Dark Green Triangle,18.75,0,0,0,0
1-M-DGTR-LS-XS-RL-POL,1-M-DGTR-LS-S-RL-POL,Small,Polyester,,Dark Green Triangle,18.75,0,0,0,0
1-M-DGTR-LS-XS-RL-POL,1-M-DGTR-LS-M-RL-POL,Medium,Polyester,,Dark Green Triangle,18.75,0,0,0,0
1-M-DGTR-LS-XS-RL-POL,1-M-DGTR-LS-L-RL-POL,Large,Polyester,,Dark Green Triangle,18.75,0,0,0,0
1-M-DGTR-LS-XS-RL-POL,1-M-DGTR-LS-XL-RL-POL,Extra Large,Polyester,,Dark Green Triangle,18.75,0,0,0,0
1-M-DGTR-LS-XS-RL-POL,1-M-DGTR-LS-2XL-RL-POL,2X Large,Polyester,,Dark Green Triangle,18.75,0,0,0,0
1-M-DGTR-LS-XS-RL-POL,1-M-DGTR-LS-3XL-RL-POL,3X Large ,Polyester,,Dark Green Triangle,18.75,0,0,0,0
1-M-DGTR-SS-XS-SL-POL,1-M-DGTR-SS-S-SL-POL,Small,Polyester,,Dark Green Triangle,17.45,0,0,0,0
1-M-DGTR-SS-XS-SL-POL,1-M-DGTR-SS-M-SL-POL,Medium,Polyester,,Dark Green Triangle,17.45,0,0,0,0
1-M-DGTR-SS-XS-SL-POL,1-M-DGTR-SS-L-SL-POL,Large,Polyester,,Dark Green Triangle,17.45,0,0,0,0
1-M-DGTR-SS-XS-SL-POL,1-M-DGTR-SS-XL-SL-POL,Extra Large,Polyester,,Dark Green Triangle,17.45,0,0,0,0
1-M-DGTR-SS-XS-SL-POL,1-M-DGTR-SS-2XL-SL-POL,2X Large,Polyester,,Dark Green Triangle,17.45,0,0,0,0
1-M-DGTR-SS-XS-SL-POL,1-M-DGTR-SS-3XL-SL-POL,3X Large ,Polyester,,Dark Green Triangle,17.45,0,0,0,0
1-M-DGTR-SS-XS-RL-POL,1-M-DGTR-SS-S-RL-POL,Small,Polyester,,Dark Green Triangle,17.45,0,0,0,0
1-M-DGTR-SS-XS-RL-POL,1-M-DGTR-SS-M-RL-POL,Medium,Polyester,,Dark Green Triangle,17.45,0,0,0,0
1-M-DGTR-SS-XS-RL-POL,1-M-DGTR-SS-L-RL-POL,Large,Polyester,,Dark Green Triangle,17.45,0,0,0,0
1-M-DGTR-SS-XS-RL-POL,1-M-DGTR-SS-XL-RL-POL,Extra Large,Polyester,,Dark Green Triangle,17.45,0,0,0,0
1-M-DGTR-SS-XS-RL-POL,1-M-DGTR-SS-2XL-RL-POL,2X Large,Polyester,,Dark Green Triangle,17.45,0,0,0,0
1-M-DGTR-SS-XS-RL-POL,1-M-DGTR-SS-3XL-RL-POL,3X Large ,Polyester,,Dark Green Triangle,17.45,0,0,0,0
1-W-DGTR-LS-XS-SL-POL,1-W-DGTR-LS-XS-SL-POL,Extra Small,Polyester,,Dark Green Triangle,18.75,0,0,0,0
1-W-DGTR-LS-XS-SL-POL,1-W-DGTR-LS-S-SL-POL,Small,Polyester,,Dark Green Triangle,18.75,0,0,0,0
1-W-DGTR-LS-XS-SL-POL,1-W-DGTR-LS-M-SL-POL,Medium,Polyester,,Dark Green Triangle,18.75,0,0,0,0
1-W-DGTR-LS-XS-SL-POL,1-W-DGTR-LS-L-SL-POL,Large,Polyester,,Dark Green Triangle,18.75,0,0,0,0
1-W-DGTR-LS-XS-SL-POL,1-W-DGTR-LS-XL-SL-POL,Extra Large,Polyester,,Dark Green Triangle,18.75,0,0,0,0
1-W-DGTR-LS-XS-SL-POL,1-W-DGTR-LS-2XL-SL-POL,2X Large,Polyester,,Dark Green Triangle,18.75,0,0,0,0
1-W-DGTR-LS-XS-SL-POL,1-W-DGTR-LS-3XL-SL-POL,3X Large ,Polyester,,Dark Green Triangle,18.75,0,0,0,0
1-W-DGTR-LS-XS-RL-POL,1-W-DGTR-LS-XS-RL-POL,Extra Small,Polyester,,Dark Green Triangle,18.75,0,0,0,0
1-W-DGTR-LS-XS-RL-POL,1-W-DGTR-LS-S-RL-POL,Small,Polyester,,Dark Green Triangle,18.75,0,0,0,0
1-W-DGTR-LS-XS-RL-POL,1-W-DGTR-LS-M-RL-POL,Medium,Polyester,,Dark Green Triangle,18.75,0,0,0,0
1-W-DGTR-LS-XS-RL-POL,1-W-DGTR-LS-L-RL-POL,Large,Polyester,,Dark Green Triangle,18.75,0,0,0,0
1-W-DGTR-LS-XS-RL-POL,1-W-DGTR-LS-XL-RL-POL,Extra Large,Polyester,,Dark Green Triangle,18.75,0,0,0,0
1-W-DGTR-LS-XS-RL-POL,1-W-DGTR-LS-2XL-RL-POL,2X Large,Polyester,,Dark Green Triangle,18.75,0,0,0,0
1-W-DGTR-LS-XS-RL-POL,1-W-DGTR-LS-3XL-RL-POL,3X Large ,Polyester,,Dark Green Triangle,18.75,0,0,0,0
1-W-DGTR-SS-XS-SL-POL,1-W-DGTR-SS-XS-SL-POL,Extra Small,Polyester,,Dark Green Triangle,17.45,0,0,0,0
1-W-DGTR-SS-XS-SL-POL,1-W-DGTR-SS-S-SL-POL,Small,Polyester,,Dark Green Triangle,17.45,0,0,0,0
1-W-DGTR-SS-XS-SL-POL,1-W-DGTR-SS-M-SL-POL,Medium,Polyester,,Dark Green Triangle,17.45,0,0,0,0
1-W-DGTR-SS-XS-SL-POL,1-W-DGTR-SS-L-SL-POL,Large,Polyester,,Dark Green Triangle,17.45,0,0,0,0
1-W-DGTR-SS-XS-SL-POL,1-W-DGTR-SS-XL-SL-POL,Extra Large,Polyester,,Dark Green Triangle,17.45,0,0,0,0
1-W-DGTR-SS-XS-SL-POL,1-W-DGTR-SS-2XL-SL-POL,2X Large,Polyester,,Dark Green Triangle,17.45,0,0,0,0
1-W-DGTR-SS-XS-SL-POL,1-W-DGTR-SS-3XL-SL-POL,3X Large ,Polyester,,Dark Green Triangle,17.45,0,0,0,0
1-W-DGTR-SS-XS-RL-POL,1-W-DGTR-SS-XS-RL-POL,Extra Small,Polyester,,Dark Green Triangle,17.45,0,0,0,0
1-W-DGTR-SS-XS-RL-POL,1-W-DGTR-SS-S-RL-POL,Small,Polyester,,Dark Green Triangle,17.45,0,0,0,0
1-W-DGTR-SS-XS-RL-POL,1-W-DGTR-SS-M-RL-POL,Medium,Polyester,,Dark Green Triangle,17.45,0,0,0,0
1-W-DGTR-SS-XS-RL-POL,1-W-DGTR-SS-L-RL-POL,Large,Polyester,,Dark Green Triangle,17.45,0,0,0,0
1-W-DGTR-SS-XS-RL-POL,1-W-DGTR-SS-XL-RL-POL,Extra Large,Polyester,,Dark Green Triangle,17.45,0,0,0,0
1-W-DGTR-SS-XS-RL-POL,1-W-DGTR-SS-2XL-RL-POL,2X Large,Polyester,,Dark Green Triangle,17.45,0,0,0,0
1-W-DGTR-SS-XS-RL-POL,1-W-DGTR-SS-3XL-RL-POL,3X Large ,Polyester,,Dark Green Triangle,17.45,0,0,0,0
2-M-DGTR-LS-XS-SL-POL,2-M-DGTR-LS-S-SL-POL,Small,Polyester,,Dark Green Triangle,18.75,0,0,0,0
2-M-DGTR-LS-XS-SL-POL,2-M-DGTR-LS-M-SL-POL,Medium,Polyester,,Dark Green Triangle,18.75,0,0,0,0
2-M-DGTR-LS-XS-SL-POL,2-M-DGTR-LS-L-SL-POL,Large,Polyester,,Dark Green Triangle,18.75,0,0,0,0
2-M-DGTR-LS-XS-SL-POL,2-M-DGTR-LS-XL-SL-POL,Extra Large,Polyester,,Dark Green Triangle,18.75,0,0,0,0
2-M-DGTR-LS-XS-SL-POL,2-M-DGTR-LS-2XL-SL-POL,2X Large,Polyester,,Dark Green Triangle,18.75,0,0,0,0
2-M-DGTR-LS-XS-SL-POL,2-M-DGTR-LS-3XL-SL-POL,3X Large ,Polyester,,Dark Green Triangle,18.75,0,0,0,0
2-M-DGTR-LS-XS-RL-POL,2-M-DGTR-LS-S-RL-POL,Small,Polyester,,Dark Green Triangle,18.75,0,0,0,0
2-M-DGTR-LS-XS-RL-POL,2-M-DGTR-LS-M-RL-POL,Medium,Polyester,,Dark Green Triangle,18.75,0,0,0,0
2-M-DGTR-LS-XS-RL-POL,2-M-DGTR-LS-L-RL-POL,Large,Polyester,,Dark Green Triangle,18.75,0,0,0,0
2-M-DGTR-LS-XS-RL-POL,2-M-DGTR-LS-XL-RL-POL,Extra Large,Polyester,,Dark Green Triangle,18.75,0,0,0,0
2-M-DGTR-LS-XS-RL-POL,2-M-DGTR-LS-2XL-RL-POL,2X Large,Polyester,,Dark Green Triangle,18.75,0,0,0,0
2-M-DGTR-LS-XS-RL-POL,2-M-DGTR-LS-3XL-RL-POL,3X Large ,Polyester,,Dark Green Triangle,18.75,0,0,0,0
2-M-DGTR-SS-XS-SL-POL,2-M-DGTR-SS-S-SL-POL,Small,Polyester,,Dark Green Triangle,17.45,0,0,0,0
2-M-DGTR-SS-XS-SL-POL,2-M-DGTR-SS-M-SL-POL,Medium,Polyester,,Dark Green Triangle,17.45,0,0,0,0
2-M-DGTR-SS-XS-SL-POL,2-M-DGTR-SS-L-SL-POL,Large,Polyester,,Dark Green Triangle,17.45,0,0,0,0
2-M-DGTR-SS-XS-SL-POL,2-M-DGTR-SS-XL-SL-POL,Extra Large,Polyester,,Dark Green Triangle,17.45,0,0,0,0
2-M-DGTR-SS-XS-SL-POL,2-M-DGTR-SS-2XL-SL-POL,2X Large,Polyester,,Dark Green Triangle,17.45,0,0,0,0
2-M-DGTR-SS-XS-SL-POL,2-M-DGTR-SS-3XL-SL-POL,3X Large ,Polyester,,Dark Green Triangle,17.45,0,0,0,0
2-M-DGTR-SS-XS-RL-POL,2-M-DGTR-SS-S-RL-POL,Small,Polyester,,Dark Green Triangle,17.45,0,0,0,0
2-M-DGTR-SS-XS-RL-POL,2-M-DGTR-SS-M-RL-POL,Medium,Polyester,,Dark Green Triangle,17.45,0,0,0,0
2-M-DGTR-SS-XS-RL-POL,2-M-DGTR-SS-L-RL-POL,Large,Polyester,,Dark Green Triangle,17.45,0,0,0,0
2-M-DGTR-SS-XS-RL-POL,2-M-DGTR-SS-XL-RL-POL,Extra Large,Polyester,,Dark Green Triangle,17.45,0,0,0,0
2-M-DGTR-SS-XS-RL-POL,2-M-DGTR-SS-2XL-RL-POL,2X Large,Polyester,,Dark Green Triangle,17.45,0,0,0,0
2-M-DGTR-SS-XS-RL-POL,2-M-DGTR-SS-3XL-RL-POL,3X Large ,Polyester,,Dark Green Triangle,17.45,0,0,0,0
2-W-DGTR-LS-XS-SL-POL,2-W-DGTR-LS-XS-SL-POL,Extra Small,Polyester,,Dark Green Triangle,18.75,0,0,0,0
2-W-DGTR-LS-XS-SL-POL,2-W-DGTR-LS-S-SL-POL,Small,Polyester,,Dark Green Triangle,18.75,0,0,0,0
2-W-DGTR-LS-XS-SL-POL,2-W-DGTR-LS-M-SL-POL,Medium,Polyester,,Dark Green Triangle,18.75,0,0,0,0
2-W-DGTR-LS-XS-SL-POL,2-W-DGTR-LS-L-SL-POL,Large,Polyester,,Dark Green Triangle,18.75,0,0,0,0
2-W-DGTR-LS-XS-SL-POL,2-W-DGTR-LS-XL-SL-POL,Extra Large,Polyester,,Dark Green Triangle,18.75,0,0,0,0
2-W-DGTR-LS-XS-SL-POL,2-W-DGTR-LS-2XL-SL-POL,2X Large,Polyester,,Dark Green Triangle,18.75,0,0,0,0
2-W-DGTR-LS-XS-SL-POL,2-W-DGTR-LS-3XL-SL-POL,3X Large ,Polyester,,Dark Green Triangle,18.75,0,0,0,0
2-W-DGTR-LS-XS-RL-POL,2-W-DGTR-LS-XS-RL-POL,Extra Small,Polyester,,Dark Green Triangle,18.75,0,0,0,0
2-W-DGTR-LS-XS-RL-POL,2-W-DGTR-LS-S-RL-POL,Small,Polyester,,Dark Green Triangle,18.75,0,0,0,0
2-W-DGTR-LS-XS-RL-POL,2-W-DGTR-LS-M-RL-POL,Medium,Polyester,,Dark Green Triangle,18.75,0,0,0,0
2-W-DGTR-LS-XS-RL-POL,2-W-DGTR-LS-L-RL-POL,Large,Polyester,,Dark Green Triangle,18.75,0,0,0,0
2-W-DGTR-LS-XS-RL-POL,2-W-DGTR-LS-XL-RL-POL,Extra Large,Polyester,,Dark Green Triangle,18.75,0,0,0,0
2-W-DGTR-LS-XS-RL-POL,2-W-DGTR-LS-2XL-RL-POL,2X Large,Polyester,,Dark Green Triangle,18.75,0,0,0,0
2-W-DGTR-LS-XS-RL-POL,2-W-DGTR-LS-3XL-RL-POL,3X Large ,Polyester,,Dark Green Triangle,18.75,0,0,0,0
2-W-DGTR-SS-XS-SL-POL,2-W-DGTR-SS-XS-SL-POL,Extra Small,Polyester,,Dark Green Triangle,17.45,0,0,0,0
2-W-DGTR-SS-XS-SL-POL,2-W-DGTR-SS-S-SL-POL,Small,Polyester,,Dark Green Triangle,17.45,0,0,0,0
2-W-DGTR-SS-XS-SL-POL,2-W-DGTR-SS-M-SL-POL,Medium,Polyester,,Dark Green Triangle,17.45,0,0,0,0
2-W-DGTR-SS-XS-SL-POL,2-W-DGTR-SS-L-SL-POL,Large,Polyester,,Dark Green Triangle,17.45,0,0,0,0
2-W-DGTR-SS-XS-SL-POL,2-W-DGTR-SS-XL-SL-POL,Extra Large,Polyester,,Dark Green Triangle,17.45,0,0,0,0
2-W-DGTR-SS-XS-SL-POL,2-W-DGTR-SS-2XL-SL-POL,2X Large,Polyester,,Dark Green Triangle,17.45,0,0,0,0
2-W-DGTR-SS-XS-SL-POL,2-W-DGTR-SS-3XL-SL-POL,3X Large ,Polyester,,Dark Green Triangle,17.45,0,0,0,0
2-W-DGTR-SS-XS-RL-POL,2-W-DGTR-SS-XS-RL-POL,Extra Small,Polyester,,Dark Green Triangle,17.45,0,0,0,0
2-W-DGTR-SS-XS-RL-POL,2-W-DGTR-SS-S-RL-POL,Small,Polyester,,Dark Green Triangle,17.45,0,0,0,0
2-W-DGTR-SS-XS-RL-POL,2-W-DGTR-SS-M-RL-POL,Medium,Polyester,,Dark Green Triangle,17.45,0,0,0,0
2-W-DGTR-SS-XS-RL-POL,2-W-DGTR-SS-L-RL-POL,Large,Polyester,,Dark Green Triangle,17.45,0,0,0,0
2-W-DGTR-SS-XS-RL-POL,2-W-DGTR-SS-XL-RL-POL,Extra Large,Polyester,,Dark Green Triangle,17.45,0,0,0,0
2-W-DGTR-SS-XS-RL-POL,2-W-DGTR-SS-2XL-RL-POL,2X Large,Polyester,,Dark Green Triangle,17.45,0,0,0,0
2-W-DGTR-SS-XS-RL-POL,2-W-DGTR-SS-3XL-RL-POL,3X Large ,Polyester,,Dark Green Triangle,17.45,0,0,0,0